Consulta de Precios y Stock,,,,,,
,,,,,,
Código,Producto,GENERAL,DEPOSITO,Proveedor,Unidad,Observaciones
-,CLIPS N°4 33MM X100U,700.00,0.00,,UNIDAD,
0,VARIOS,0.00,-280.00,,UNIDAD,
0185,CREMA DE LECHE VARILAC 4 LT POTE,"32,000.00",-13.00,,UNIDAD,
02,DULCE DE LECHE LA PUNILLA 10 KG TARRO,"33,000.00",0.00,BYC,UNIDAD,
03,DULCE DEL LECHE TOMASITA 10 KG TARRO,"33,500.00",98.00,NICCO,UNIDAD,
03292,SORBETES POLIPAPEL C/PLATEADO X 25 U,"2,500.00",0.00,,UNIDAD,
0392,SORBETES POLIPAPEL C/DORADO X 25 U,"2,500.00",-1.00,,UNIDAD,
08,CEREZAS SUELTA KG,"25,000.00",0.00,LA CASA DE DON LUCAS,UNIDAD,
10,COCO RALLADO SUELTO KG,"17,000.00",-63.35,NICCO,KG,
100,BLONDAS,0.00,-26.00,,KG,
100-1,POCHOCLERA GRANDE BLANCA C/BASE X1,300.00,0.00,,UNIDAD,
100.,POCHOCLERA GRANDE BLANCA C/BASE X10,"2,500.00",-2.00,,UNIDAD,
1000,PAPEL SULFITO RESMA (52X70) KG,"2,400.00",0.00,VASA,UNIDAD,
1001,PAPEL SULFITO RESMA (52X70) 1/2 KG,"1,800.00",0.00,VASA,UNIDAD,
1006,CAJA VINO RIGIDA IMPRESA ROJA X 1U,"2,200.00",0.00,TEIXHLER CAJAS,UNIDAD,
1008,CAJA VINO RIGIDA IMPRESA KRAFT X 1U,"2,000.00",0.00,SANTA CAJA,UNIDAD,
1012,"CAJA MALETIN MASAS 1/4 KG (16,5X13X4) X 1U",600.00,0.00,TEIXHLER CAJAS,UNIDAD,
1013,CAJA MALETIN MASAS 1/2 KG ( 20.6X15.5X5) X 1U,850.00,0.00,TEIXHLER CAJAS,UNIDAD,
1014,CAJA MALETIN MASAS 1 KG ( 26X18.9X4.8) X 1U,"1,000.00",0.00,TEIXHLER CAJAS,UNIDAD,
103,PASAS DE UVA,"7,500.00",-2.20,,KG,
104,BOQUILLAS,0.00,-19.00,,UNIDAD,
104-2,BOQUILLA PICO PASTELERO X 1U,"3,000.00",-1.00,COTILLON CASA ALBERTO,UNIDAD,
1045,CAJA EMPANADAS 2 PZAS TAPA Y BASE X 10,0.00,0.00,VASA,UNIDAD,
1049,CAJA EMPANADAS ENTERA 1 PZA X 10 U,"1,600.00",0.00,VASA,UNIDAD,
105,FRUTAS ESCUCRRIDAS,"6,000.00",-0.20,,KG,
1054,CAJA LOMO CHICO TAPA Y BASE X 10 U,"1,200.00",0.00,VASA,UNIDAD,
1055,CAJA LOMO GDE ENTERA X 10U,"1,300.00",0.00,VASA,UNIDAD,
1056,CAJA PIZZA TAPA Y BASE X 10U (56),"2,000.00",0.00,VASA,UNIDAD,
107,GOLOSINAS VARIAS,0.00,-32.00,,UNIDAD,
1071,MASTICABLE SURTIDO MISKY 800G,"8,200.00",-5.00,CHIALVO S R L,UNIDAD,
10710,CONFITES COLORETI 300G CHOCOLATE,"4,300.00",0.00,,UNIDAD,
10713,TURRON ARCOR X3,"1,100.00",-5.00,,UNIDAD,
1072,MASTICABLE SHERIFF 222G,"1,500.00",0.00,,UNIDAD,
1073,MASTICABLE BABY GUM 280G,"2,800.00",-1.00,,UNIDAD,
1074,GOMITAS BOLIX BOLINHAS,"5,200.00",0.00,,UNIDAD,
1075,CANUTIÑO GIGANTE C/BILLETES X50U,"1,700.00",0.00,,UNIDAD,
1076,BANANITAS SURTIDAS EL ROCIO 500G,"4,300.00",0.00,,UNIDAD,
1078,CHUPETIN POP S ARCOR FRUTALES 50U,"7,900.00",-3.00,ARCOR,UNIDAD,
1079,CAJA CHUPETIN PICO DULCE 24U,"5,400.00",-3.00,,UNIDAD,
108,AZUCAR NEGRA,"3,000.00",0.00,,KG,
109,MANGAS,0.00,-58.00,,UNIDAD,
10910,MANGA DE SILICONA COLOR AZUL,"2,000.00",0.00,COTILLON CASA ALBERTO,UNIDAD,
1095,MANGA DE SILICONA 30CM,"1,500.00",0.00,IMPORTADORA LOW COST S. R. L.,UNIDAD,
1100,CAJA POCHOCLERA C/BASE BLANCA GDE (6.5X6.5X15.5) X 1U,300.00,0.00,TEIXHLER CAJAS,UNIDAD,
1101,CAJA POCHOCLERA C/BASE BLANCA GDE (6.5X6.5X15.5) X 10 U COMBO,"2,500.00",0.00,TEIXHLER CAJAS,UNIDAD,
1105,CAJA POCHOCLERA ARGENTINA (10X10X10) X 1U,350.00,0.00,SANTA CAJA,UNIDAD,
1106,CAJA POCHOCLERA ARGENTINA X 10 U COMBO,"3,200.00",0.00,SANTA CAJA,UNIDAD,
111,ADORNO TORTA STICKER TELGOPOR X 1 KARI,"3,000.00",-224.00,KARI MAQUETAS,UNIDAD,
111/02,MOLDES TARTA FIJA N° 2 - 26 X 4 CM,"9,000.00",0.00,OTERO,UNIDAD,
111/04,MOLDE TARTA FIJA N° 4 - 30 X 4 CM,"11,500.00",0.00,OTERO,UNIDAD,
113,PIONONO EN CAPAS ROSSI,0.00,-1.00,,UNIDAD,
115,BENGALAS VARIOS,0.00,-175.00,,UNIDAD,
116,VELAS,0.00,-320.00,,UNIDAD,
116/01,MOLDES TORTA BODA REDONDA N° 1 13 X 9 CM,"16,900.00",0.00,OTERO,UNIDAD,
116/02,MOLDES TORTA BODA REDONDA N° 2 - 17 CM,"21,700.00",0.00,OTERO,UNIDAD,
116/03,MOLDES TORTA BODA REDONDA N° 3 - 20 CM,"23,600.00",0.00,OTERO,UNIDAD,
116/04,MOLDES TORTA BODA REDONDA N°4 - 25 CM,"27,500.00",-1.00,OTERO,UNIDAD,
11612,VELAS IMPRESAS C/PORTAVELA 6U,"3,000.00",0.00,,UNIDAD,
11615,VELAS MINI C/PORTAVELA 10U,"1,500.00",-1.00,,UNIDAD,
11617,VELAS DE NOCHE BLANCAS X12,"3,600.00",0.00,,UNIDAD,
11618,VELAS MITAD BLANCA Y DORADA C/GIBRE 12U,"2,500.00",0.00,,UNIDAD,
11619,VELA BAUTISMAL BLANCA,"2,000.00",0.00,,UNIDAD,
11620,VELA GALA COLOR X 1,300.00,0.00,BUONA FORTUNA,UNIDAD,
11621,VELA GALA CON BRILLO X 1 U,700.00,0.00,BUONA FORTUNA,UNIDAD,
1164,VELAS LARGAS METALIZADAS C/PORTAVELA 12U,"3,500.00",0.00,,UNIDAD,
1165,VELAS PLASTICAS CORAZONES 4U,"2,400.00",0.00,,UNIDAD,
1167,VELAS VARIOS COLORES 10U,"1,800.00",0.00,,UNIDAD,
1169,SET VELAS C/FORMITAS,"2,000.00",0.00,,UNIDAD,
117,CAÑONCITOS X50U,0.00,-1.00,,UNIDAD,
117/03,MOLDES TORTA BODA RECTANGULAR N° 3 - 33X22X8 CM,"35,000.00",0.00,OTERO,UNIDAD,
117/04,MOLDES TORTA BODA RECTANGULAR N°4 - 26X36X8 CM,"37,000.00",0.00,OTERO,UNIDAD,
118,MINI ROCKLETS SUELTO KG,"28,000.00",-11.46,,KG,
119,GANACHE CHOCOLATE LODISER SUELTO KG,"16,000.00",-10.00,LA CASA DE DON LUCAS,KG,
12,TRAMONTANA SUELTA KG,"17,000.00",-12.20,LUCAS SANTIAGO,KG,
12011,PLATOS IMPRESOS COMUNION,"2,500.00",0.00,,UNIDAD,
12013,RECUERDO BAUTISMO NENA X 10,"1,000.00",0.00,,UNIDAD,
12014,VASOS COMUNION GREEN X10,"1,900.00",0.00,,UNIDAD,
12015,MANTEL PLASTICO COMUNION,"3,000.00",0.00,,UNIDAD,
12016,SERVILLETAS COMUNION GREEN X20,"1,800.00",0.00,,UNIDAD,
12019,PLANCHA COMUNION X 10,"2,800.00",0.00,,UNIDAD,
1202,SERVILLETAS BABY SHOWER,"3,900.00",0.00,,UNIDAD,
12042,"GLOBOS 12"" INFANTILES X6","4,200.00",0.00,,UNIDAD,
12043,GUIRNALDA MICKEY MOUSE,"2,400.00",0.00,,UNIDAD,
12050,PLANCHA DE STICKERS STITCH X24,"1,500.00",0.00,,UNIDAD,
120766,MARIPOSAS ADHESIVAS C/ BORDE DORADO X 12 U. HAPPY PARTY,"2,200.00",-1.00,,UNIDAD,
122,CREMA CHANTILLY LEDEVIT SUELTA KG,"14,000.00",16.01,LA CASA DE DON LUCAS,KG,
1235,CAJA PARA TAZON BCA CON VISOR X 1U,"1,000.00",0.00,SANTA CAJA,UNIDAD,
124,CREMA SUAVE LEDEVIT SUELTA KG,"13,000.00",-15.00,LA CASA DE DON LUCAS,KG,
13,FECULA DE MAIZ SUELTA KG,"2,000.00",-37.00,NICCO,KG,
130,MERENGUES SUELTOS,0.00,-2.00,,UNIDAD,
131,ROCKLETS SUELTO KG,"28,000.00",-21.85,LUCAS SANTIAGO,KG,
133,DESCARTABLE VARIOS,0.00,-226.00,,UNIDAD,
1342,BANDERIN MI CONFIRMACION,"3,000.00",0.00,,UNIDAD,
1343,BANDERIN AMARILLO Y BLANCO CARTON GOLD MUNDO,"2,800.00",0.00,,UNIDAD,
1345,BANDERIN MIS 18 AÑOS,"2,500.00",0.00,,UNIDAD,
1346,BANDERIN EGRESADOS,"3,000.00",0.00,,UNIDAD,
136,REDONDELAS MAPSA SUELTO KG VS SABORES,"18,000.00",-13.30,SAPORE,KG,
137,CONFITES CORAZON CHOCOLATE SUELTO KG,"22,000.00",-10.35,LUCAS SANTIAGO,KG,
139,PULPA DE ANANA,"15,000.00",0.00,,KG,
14,PLANCHAS DE MERENGUE ROSSI,"5,100.00",0.00,,UNIDAD,
1404038,CUCHARA CAFE MINI CAJA X 1500 U,"23,500.00",-0.08,VASA,UNIDAD,
141,LIBRERIA,0.00,-60.00,,UNIDAD,
141-378,BROCHE GRAP 10/50 X 1000 UNID,"1,500.00",0.00,COMERCIAL SUMA SRL,UNIDAD,
141-379,PALITO HELADO COLOR EZCO X 50 UNID.,"1,500.00",0.00,,UNIDAD,
141-380,AROS PARA CARPETA SIFAP 50 MM,300.00,0.00,,UNIDAD,
141-381,ARO PARA CARPETA 40 MM,250.00,0.00,,UNIDAD,
141-382,PLASTILINAS DE CCOLORES,350.00,0.00,,UNIDAD,
1410,ETIQUETAS ESCOLARES,250.00,0.00,,UNIDAD,
14110,CLIPS N°3,490.00,0.00,,UNIDAD,
141100,HOJAS CUADRICULADAS RIVADAVIA 96 HOJAS,"8,300.00",0.00,,UNIDAD,
141102,TABLA PERIODICA,"1,100.00",0.00,,UNIDAD,
141105,HOJAS RIVADAVIA 24 LISAS,"2,100.00",0.00,,UNIDAD,
141106,HOJAS GLORIA X96 HOJAS CUADRICULADA,"3,000.00",0.00,,UNIDAD,
141107,HOJA CUADRICULADA EXITO 96 HOJAS,"7,900.00",0.00,,UNIDAD,
141109,HOJAS DIBUJO COLOR EXITO 8 HOJAS,"1,800.00",0.00,,UNIDAD,
14111,CLIP MIT N°5,890.00,0.00,,UNIDAD,
1411115,CINTA DE PAPEL 18MM X40 SELLOX X 1,"3,000.00",-1.00,COMERCIAL SUMA SRL,UNIDAD,
141113,CINTA DE PAPEL 24MM SELLOX X 40MT,"3,300.00",0.00,,UNIDAD,
141114,CINTA DE PAPEL 12MM SELLOX X 40MT,"2,000.00",-1.00,COMERCIAL SUMA SRL,UNIDAD,
141117,CINTA ADHESIVA REXON ECOPACK 24MM X 40MT,"1,000.00",0.00,,UNIDAD,
141118,CINTA ADHESIVA AUCA 12MM X 25M,600.00,0.00,COMERCIAL SUMA SRL,UNIDAD,
141119,CINTA ADHESIVA CELESTE LUNARES,850.00,0.00,,UNIDAD,
14112,PLASTICOLA TINTORETTO 30G,350.00,0.00,,UNIDAD,
141120,CINTA STIKO 18X25,980.00,0.00,,UNIDAD,
141121,CINTA DE EMBALAR 48MM X40M,"1,700.00",-1.00,COMERCIAL SUMA SRL,UNIDAD,
141122,BANDITAS ELASTICAS 100G EZCO,"1,900.00",0.00,COMERCIAL SUMA SRL,UNIDAD,
141123,BANDITAS ELASTICAS 50G EZCO,"1,100.00",0.00,COMERCIAL SUMA SRL,UNIDAD,
141127,DETECTOR DE BILLETES FALSOS PELIKAN,"2,890.00",0.00,,UNIDAD,
141128,MARCADOR EZCO PUNTA DOBLE,"1,100.00",0.00,,UNIDAD,
141129,MICROFIBRAS FILGO,700.00,0.00,,UNIDAD,
14113,PEGAMENTO EN BARRA STA,"1,900.00",0.00,,UNIDAD,
141130,MARCADOR PERMANENTE FILGO,"1,000.00",0.00,,UNIDAD,
141131,SILICONA LIQUIDA 30ML,"1,300.00",0.00,,UNIDAD,
141132,ADHESIVO TELGOPOR GOMA EVA AD,"1,900.00",-1.00,,UNIDAD,
141133,SILICONA LIQUIDA CBX 100ML,"3,500.00",0.00,COMERCIAL SUMA SRL,UNIDAD,
141134,SILICONA LIQUIDA CBX 30ML,"1,500.00",-1.00,COMERCIAL SUMA SRL,UNIDAD,
141137,PALITOS DE HELADO NATURAL X50,"1,300.00",0.00,COMERCIAL SUMA SRL,UNIDAD,
14114,POXIPOL 10MIN,"3,000.00",0.00,,UNIDAD,
141140,VOLIGOMA 50 ML.,"3,900.00",-1.00,,UNIDAD,
141141,VOLIGOMA CHICA 30 ML.,"2,500.00",-1.00,,UNIDAD,
141142,BORRADOR DE TIZA PIZARRON,"1,900.00",0.00,,UNIDAD,
141143,PORCELANA FRIA 500G DELARTE,"6,500.00",0.00,COMERCIAL SUMA SRL,UNIDAD,
141144,PORCELANA FRIA 250G DELARTE,"3,500.00",0.00,COMERCIAL SUMA SRL,UNIDAD,
141146,LAPIZ NEGRO C/CUENTAS,400.00,18.00,,UNIDAD,
141147,LAPIZ MAPED NEGRO,750.00,0.00,,UNIDAD,
141148,LAPIZ NEGRO FABER,550.00,0.00,,UNIDAD,
141149,LAPIZ NEGRO VERDE FABER,550.00,0.00,,UNIDAD,
14115,EPOXY MACAO,"2,000.00",0.00,,UNIDAD,
141150,CINTA SILICONA ADHESIVA DOBLE FAZ 30MM X 1U CBX,"5,200.00",0.00,,UNIDAD,
14116,ESCUADRA MAPED 45°,"1,500.00",0.00,,UNIDAD,
14117,ESCUADRA MAPED 20CM,600.00,0.00,,UNIDAD,
14118,ESCUADRA MAPED 21CM,"1,500.00",0.00,,UNIDAD,
14119,TRANSPORTADOR MAPED,"2,000.00",0.00,,UNIDAD,
14120,PLANTILLA LETRAS MEDIANA,"3,000.00",0.00,,UNIDAD,
141200,PLASTICOLA TINTORETTO 50 GR,650.00,0.00,COMERCIAL SUMA SRL,UNIDAD,
14122,ESCUADRA 45° MAPED,600.00,0.00,,UNIDAD,
14123,ESCALIMETRO TRIANGULO,"2,600.00",0.00,,UNIDAD,
14124,REGLA FLEX COLORES,"1,500.00",0.00,,UNIDAD,
14126,PAPEL GLACE 5 HOJAS,300.00,0.00,,UNIDAD,
14127,RESALTADOR PELIKAN PASTEL FLASH,"1,600.00",2.00,,UNIDAD,
14128,RESALTADOR TRABI AMARILLO,690.00,11.00,,UNIDAD,
1413,BIROME MICRO X10,"1,500.00",0.00,,UNIDAD,
141300,LAPIZ CAPYBARA C/GOMA,800.00,0.00,COMERCIAL SUMA SRL,UNIDAD,
141303,TIZA FILGO BLANCA X10,800.00,0.00,COMERCIAL SUMA SRL,UNIDAD,
141305,LAPIZ CORRECTOR EZCO CHICO,850.00,0.00,COMERCIAL SUMA SRL,UNIDAD,
141308,LAPICERA BORRABLE KIRUKI,"2,000.00",0.00,COMERCIAL SUMA SRL,UNIDAD,
141309,LAPICERA BIC,900.00,0.00,COMERCIAL SUMA SRL,UNIDAD,
14131,POCILLO P/TEMPERA,400.00,0.00,,UNIDAD,
14132,NOTAS ADHESIVAS EZCO,850.00,0.00,,UNIDAD,
14133,TIJERA EZCO 17CM,"2,700.00",0.00,COMERCIAL SUMA SRL,UNIDAD,
14134,TIJERA MAPED,600.00,0.00,,UNIDAD,
14136,ANOTADORES LISOS A5 80 HOJAS,"3,900.00",0.00,,UNIDAD,
14137,ANOTADOR 80 HOJAS CUADRICULADAS A6,"2,200.00",0.00,,UNIDAD,
14138,MARCADOR EDDING 1880,"3,000.00",0.00,,UNIDAD,
141425,TIARA MIS QUINCE C/STRASS,"7,500.00",0.00,,UNIDAD,
141426¿5,SET FELIZ CUMPLEAÑOS VINCHA Y BANDA DORADA,"7,000.00",-1.00,,UNIDAD,
141428,LABIAL DE COLOR,"2,000.00",0.00,,UNIDAD,
141430,MAQUILLAJE GLOW IN THE DARK 12ML,"4,200.00",0.00,,UNIDAD,
141433,MAQUILLAJE ARTISTICO PINTAFAN X2,"1,800.00",0.00,,UNIDAD,
141436,GEL CON GLITTER LUYAGUS,"1,900.00",0.00,,UNIDAD,
141438,LUCES LED 10 MT DAEWOO NAVIDAD,"18,000.00",0.00,,UNIDAD,
14145,MARCADORES EDDING X12,"5,500.00",0.00,,UNIDAD,
14146,MARCADORES X6 GREENCASTLE,"1,500.00",0.00,,UNIDAD,
14147,MARCADORES X6 FABER CASTELL,"4,500.00",0.00,,UNIDAD,
14148,MARCADORES FABERCASTELL X10,"5,000.00",0.00,,UNIDAD,
14149,MARCADORES X10 FABERCITO,"4,500.00",0.00,,UNIDAD,
14150,MARCADORES BIC X10,"7,500.00",0.00,,UNIDAD,
14151,LAPICES COLOR FABERCASTELL X6,"2,300.00",0.00,,UNIDAD,
14153,FIBRAS FABERCITO X6,"1,690.00",0.00,,UNIDAD,
14154,DICCIONARIO ILUSTRADO,600.00,0.00,,UNIDAD,
14155,DICCIONARIO SINONIMOS-ANTONIMOS,"2,000.00",0.00,,UNIDAD,
14156,DICCIONARIO INGLES-ESPAÑOL,"2,500.00",0.00,,UNIDAD,
14159,REPUESTO N°3 BLANCO 8 HOJAS MIGUEL ANGEL,"1,500.00",0.00,,UNIDAD,
14160,REPUESTO DIBUJO BLANCO RIVADAVIA 8 HOJAS,"1,500.00",0.00,,UNIDAD,
14161,RECIBO CHICO 30 HOJAS MIL28,"1,900.00",0.00,,UNIDAD,
14163,RECIBO MIGNON 30 HOJAS MIL28,"1,200.00",0.00,,UNIDAD,
14166,RECIBO CONGRESO,"2,250.00",0.00,,UNIDAD,
14167,TALONARIO DUPLICADO CHICO ALIANZA,"1,500.00",0.00,COMERCIAL SUMA SRL,UNIDAD,
14168,TALONARIO DUPLICADO GRANDE ALIANZA,"2,500.00",0.00,,UNIDAD,
14169,FORMULARIO N°1006 NEUTRO,350.00,0.00,,UNIDAD,
14170,FICHAS RAYADAS,"2,250.00",0.00,,UNIDAD,
14171,MAPAS RIVADAVIA C/U,100.00,0.00,,UNIDAD,
14173,RESMA HOJA A4 PAMPA,"8,900.00",0.00,,UNIDAD,
14175,SACAPUNTA CLEAN,"2,500.00",0.00,,UNIDAD,
14176,SACAPUNTA MAPED /CAJITA,"2,900.00",0.00,,UNIDAD,
14177,SACAPUNTA C/CAJA MAPED,"2,600.00",0.00,,UNIDAD,
14178,SACAPUNTA HOTWHEELS,"1,500.00",0.00,,UNIDAD,
14179,REPUESTO CONTABILIDAD 8 HOJAS RIVADAVIA,"1,100.00",0.00,,UNIDAD,
1418,PORTA PRECIOS X100 SIFAP,"3,600.00",0.00,COMERCIAL SUMA SRL,UNIDAD,
14185,REPUESTO CALCAR MIL28,"2,000.00",0.00,,UNIDAD,
14186,CUADERNO MUSICA RIVADAVIA 20 HOJAS,"2,200.00",0.00,,UNIDAD,
14187,CUADERNO DE COMUNICACIONES RIVADAVIA,"1,200.00",0.00,,UNIDAD,
14188,CUADERNO DE COMUNICACIONES,990.00,0.00,,UNIDAD,
1419,BROCHES N°24/6 EZCO,650.00,0.00,,UNIDAD,
14190,CUADERNO HOJAS CUADRICULADAS 48 HOJAS RIVADAVIA,"3,200.00",0.00,,UNIDAD,
14191,CUADERNO GLORIA 48 HOJAS LISAS,"1,250.00",0.00,,UNIDAD,
14193,CUADERNO DE MUSICA DISEÑO,"1,900.00",0.00,,UNIDAD,
14194,CUADERNO HOJAS CUADRICULADAS 80 HOJAS,"3,400.00",0.00,,UNIDAD,
14199,TEMPERAS X1,200.00,0.00,,UNIDAD,
143,ARTICULO REPOSTERIA,0.00,-11.00,,UNIDAD,
143-1,BROWNIE AGUILA CAJA 425G,"5,500.00",0.00,ARCOR,UNIDAD,
143-11,LECHE MILKAUT 1L,"2,200.00",0.00,VENDOR,UNIDAD,
143-12,HARINA FLORENCIA 000 1KG,950.00,0.00,BYC,UNIDAD,
143-13,HARINA CORONA TRIGO LEUDANTE 1KG,"1,500.00",0.00,BYC,UNIDAD,
143-14,HARINA FLORENCIA 0000 1KG,"1,400.00",-8.00,BYC,UNIDAD,
143-15,HARINA FLORENCIA LEUDANTE 1KG,"1,700.00",-16.00,BYC,UNIDAD,
143-2,BROWNIE POLVO LEDEVIT 250G,"4,200.00",0.00,COTILLON CASA ALBERTO,UNIDAD,
143-200,BIZCOCHUELO CHOCOLATE GODET,"4,900.00",0.00,ARCOR,UNIDAD,
143-21,FONDANT D.G.E 1KG,"5,700.00",-1.00,BYC,UNIDAD,
143-30,PASTA DE GOMA CORAL 250G,"2,000.00",0.00,BYC,UNIDAD,
143-36,PASTA RELLENO MICKY BANANITA MAPSA 450G,"5,000.00",-4.00,SAPORE,UNIDAD,
143-37,PASTA RELLENO MICKY MENTA MAPSA 450G,"5,300.00",0.00,SAPORE,UNIDAD,
143-38,PASTA RELLENO MICKY CHOCOLATE MAPSA 450G,"8,900.00",-1.00,SAPORE,UNIDAD,
143-39,PASTA RELLENO MICKY FRUTILLA MAPSA 450G,"5,100.00",0.00,SAPORE,UNIDAD,
143-4,BIZCOCHUELO VAINILLA GODET ARCOR,"3,800.00",-2.00,ARCOR,UNIDAD,
143-42,LATA ARANDANOS ENTEROS 520G,"6,900.00",0.00,COTILLON CASA ALBERTO,UNIDAD,
143-5,BIZCOCHUELO MARMOLADO GODET ARCOR 500G,"4,500.00",-1.00,ARCOR,UNIDAD,
143-64,CHOCOLATE MAPRICUBER SEMI AMARGO 800G,"15,200.00",0.00,COTILLON CASA ALBERTO,UNIDAD,
143-65,CHOCOLATE MAPRICUBER BLANCO 800G,"15,200.00",0.00,COTILLON CASA ALBERTO,UNIDAD,
143-66,CHOCOLATE MAPRICUBER C/LECHE 800G,"15,200.00",0.00,COTILLON CASA ALBERTO,UNIDAD,
143-7,BIZCOCHUELO VAINILLA ROYAL,"4,700.00",0.00,QUIPAR,UNIDAD,
143.3,MANTECOL UNTABLE,"6,500.00",0.00,,UNIDAD,
143.4,EXTACTO DE MALTA,"4,000.00",0.00,,UNIDAD,
143.6,GEL CON BRILLO LEDEVIT DESTELLO X 310G,"3,300.00",0.00,COTILLON CASA ALBERTO,UNIDAD,
1430,PLACA SILICONA CON MEDIDAS P/TORTA,"5,500.00",0.00,"SOUVELUZ, JAVIER",UNIDAD,
1431,PAPEL MANTECA REUTILIZABLE PLANCHA 40X30,"2,500.00",0.00,"SOUVELUZ, JAVIER",UNIDAD,
14310,MOLDE SILICONA CADENA,"5,400.00",0.00,,UNIDAD,
14311,MARTILLO DE MADERA GRANDE,"1,200.00",0.00,,UNIDAD,
143110,PASTA NUTELLA 140G,"6,800.00",-1.00,,UNIDAD,
14312,PORTA CUPCAKE,"19,000.00",0.00,,UNIDAD,
143120,AEROGRAFO MANUAL,"16,000.00",0.00,IMPORTADORA LOW COST S. R. L.,UNIDAD,
14313,POLVO DE HORNEAR ROYAL 50G,"1,700.00",-1.00,,UNIDAD,
143130,SALES DECORATIVAS,"4,500.00",0.00,,UNIDAD,
143150,ESPATULA DE SILICONA CHICA 21CM,"3,500.00",0.00,IMPORTADORA LOW COST S. R. L.,UNIDAD,
14316,ESPATULA METAL CON MANGO DE MADERA,"3,500.00",0.00,,UNIDAD,
14317,MOLDE PARA HELADO X4,"6,500.00",0.00,,UNIDAD,
14318,MOLDES PLASTICOS X6,"1,800.00",0.00,,UNIDAD,
1432,BOLSAS PARA FREEZER MEDIANAS X10U 25X35,"1,900.00",0.00,,UNIDAD,
14320,CORTANTE LETRAS MEDIANA COOPER,"9,500.00",0.00,,UNIDAD,
143200,SELLO P/GALLETITAS MINUSCULA LA BOTICA,"6,900.00",-1.00,COTILLON CASA ALBERTO,UNIDAD,
143201,ESTEKAS PARA MODELAR,"5,500.00",0.00,COTILLON CASA ALBERTO,UNIDAD,
143202,ESPATULA DE SILICONA 21CM,"3,900.00",0.00,COTILLON CASA ALBERTO,UNIDAD,
143203,PINCEL DE SILICONA 21 CM,"3,500.00",0.00,COTILLON CASA ALBERTO,UNIDAD,
143204,PINCEL SILICONADO 16CM COLORES,"1,500.00",0.00,COTILLON CASA ALBERTO,UNIDAD,
143206,MINI SOPLETE CANDELA,"6,500.00",0.00,COTILLON CASA ALBERTO,UNIDAD,
143207,SET CORTANTES ACERO X5 FORMAS,"3,500.00",0.00,COTILLON CASA ALBERTO,UNIDAD,
143208,RALLADOR DE ACERO,"5,500.00",0.00,COTILLON CASA ALBERTO,UNIDAD,
143209,VASO MEDIDOR PLASTICO 350CC,"1,900.00",-1.00,COTILLON CASA ALBERTO,UNIDAD,
14321,CORTANTES LETRAS GRANDE X26,"14,900.00",0.00,,UNIDAD,
143210,REPUESTO DE GAS BUTANO 405ML,"3,500.00",0.00,COTILLON CASA ALBERTO,UNIDAD,
143211,SELLO PARA GALLETA COOKIES LETRAS Y NUMEROS,"3,500.00",0.00,COTILLON CASA ALBERTO,UNIDAD,
143213,REPUESTO DE SOPLETE PARA REPOSTERIA,"7,500.00",0.00,COTILLON CASA ALBERTO,UNIDAD,
143215,SORRENTINO PLASTICO X 8 COOPER,"3,900.00",0.00,COTILLON CASA ALBERTO,UNIDAD,
14322,RODILLO MIMBRE CHICO,"9,950.00",0.00,,UNIDAD,
14323,PALO AMASAR ANTIADHERENTE 20 CM.,"11,000.00",0.00,,UNIDAD,
14324,PALO DE AMASAR FIJO MADERA 30CM HEMMY,"9,000.00",0.00,,UNIDAD,
14325,ARMADORES DE FLORES 12U,"4,500.00",0.00,,UNIDAD,
14326,FRATACHO MEDIANO COOPER,"4,900.00",0.00,,UNIDAD,
14327,EYECTOR DECORADOR C/16 MODELOS INTERCAMBIABLES,"8,900.00",0.00,,UNIDAD,
14328,RASQUETA ACERO CON AGARRE 8CM,"5,000.00",0.00,,UNIDAD,
14329,SCRAPER MINI P/WAVE CAKES N°1,"2,900.00",0.00,,UNIDAD,
1433,LAMINA PARA COCCION X10U 45X90,"2,400.00",0.00,,UNIDAD,
14330,RASQUETA ACERO CON AGARRE 12 CM,"5,300.00",0.00,,UNIDAD,
143300,ESPATULA DE METAL C/ESCALON 20CM METALICA,"4,500.00",0.00,IMPORTADORA LOW COST S. R. L.,UNIDAD,
14331,PLATO PLAST.PARA TORTA REPOSTERO 17 CM.,"1,800.00",0.00,,UNIDAD,
14332,PLATO PLAST.PARA TORTA REPOSTERO 19 CM.,"2,200.00",0.00,,UNIDAD,
14333,PLATO PLAST.PARA TORTA REPOSTERO 21CM.,"2,400.00",0.00,,UNIDAD,
14334,PLATO PLAST.PARA TORTA REPOSTERO 23CM.,"2,700.00",0.00,,UNIDAD,
14335,PLATO PLAST. PARA TORTA REPOSTERO 25 CM.,"2,900.00",0.00,,UNIDAD,
14336,PLATO PLAST. PARA TORTA REPOSTERO 27 CM.,"3,200.00",0.00,,UNIDAD,
14337,ESPATULA GLASE 22CM,"1,500.00",0.00,,UNIDAD,
14338,CORTANTE 4U COPPER,"4,000.00",0.00,,UNIDAD,
14339,MARCADOR ANIMALES ZOO PLAST COOPER X10,"6,200.00",0.00,,UNIDAD,
1434,ESPATULA DE COCINA CON MANGO MADERA,"6,900.00",-1.00,"SOUVELUZ, JAVIER",UNIDAD,
14340,MARCADOR DE HOJAS GRANDES COOPER,"4,300.00",0.00,,UNIDAD,
14341,CORTANTE PLAST. FLORES (AMALI),"3,000.00",0.00,,UNIDAD,
14342,MARCADOR HOJAS GDES. X6,"4,300.00",0.00,,UNIDAD,
14343,RASQUETA GRANDE COOPER,"4,100.00",-1.00,"HEMY, MIRIAM ESTHER",UNIDAD,
14345,RASQUETA CHICA COOPER,"1,500.00",0.00,,UNIDAD,
14346,RASQUETA FLEXIBLE DE ACETATO,990.00,-1.00,,UNIDAD,
14347,PINCEL DE SILICONA C/MANGO DE MADERA,"3,000.00",-2.00,,UNIDAD,
14348,RODILLO MARCADOR CON 3 MODELOS,"8,500.00",0.00,,UNIDAD,
14349,JERINGA PARA CARNE,"8,500.00",0.00,,UNIDAD,
1435,ESPATULA COCINA CON MANGO DE MADERA,"6,500.00",0.00,"SOUVELUZ, JAVIER",UNIDAD,
14350,RODILLO CORTADOR FROLA/MASA (COOPER),"11,000.00",0.00,,UNIDAD,
14351,EYECTOR PLASTICO COOPER,"13,000.00",0.00,,UNIDAD,
14352,PINCHES CON PERLAS DORADAS,"3,900.00",0.00,,UNIDAD,
14353,CUCURUCHOS DE PAPEL X12,900.00,0.00,,UNIDAD,
14354,PINCEL DE MADERA,"1,700.00",0.00,,UNIDAD,
14355,PINCEL DE MADERA CHICO,700.00,0.00,,UNIDAD,
14356,SET PARA BORDES PERFECTOS DESIGN 16CM X 2,"6,500.00",0.00,,UNIDAD,
14357,CUCHARA DE MADERA 35CM,"4,500.00",0.00,,UNIDAD,
14358,MOLDE DE SILICONA ARCOIRIS,"3,600.00",0.00,,UNIDAD,
14359,MOLDE DE SILICONA DESIERTO,"5,500.00",0.00,,UNIDAD,
1436,CHURRERAS METAL,"3,500.00",0.00,COTILLON CASA ALBERTO,UNIDAD,
14360,MOLDE DE SILICONA TABLETA DE CHOCOLATE,"4,900.00",0.00,,UNIDAD,
14361,MOLDE DE SILICONA ARCOIRIS/NUBECITAS,"3,900.00",0.00,,UNIDAD,
14362,MOLDE DE SILICONA HOJA NAVIDAD,"5,400.00",0.00,,UNIDAD,
14363,MOLDE DE SILICONA ABEJITAS N°276,"8,500.00",0.00,,UNIDAD,
14364,MOLDE DE SILICONA GUITARRA Y VIOLIN,"2,500.00",0.00,,UNIDAD,
14365,MOLDE DE SILICONA ANIMALES DE MAR,"3,900.00",0.00,,UNIDAD,
14366,MOLDE DE SILICONA PAJARITOS,"1,800.00",0.00,,UNIDAD,
14367,MOLDE DE SILICONA CABEZA,"3,500.00",0.00,,UNIDAD,
14368,MOLDE DE SILICONA COPOS DE NIEVE,"4,200.00",0.00,,UNIDAD,
14369,MOLDE DE SILICONA ALAS DE ANGEL,"4,500.00",0.00,,UNIDAD,
1437,PLACA DE SILICONA MARCADORA,"5,900.00",0.00,COTILLON CASA ALBERTO,UNIDAD,
14370,MOLDE DE SILICONA VARITAS MAGICAS,"2,800.00",0.00,,UNIDAD,
14371,MOLDE DE SILICONA BABY SHOWER,"2,900.00",0.00,,UNIDAD,
14372,MOLDE DE SILICONA UNICORNIO X2,"5,500.00",0.00,,UNIDAD,
14373,MOLDE DE SILICONA CORONA,"3,500.00",0.00,,UNIDAD,
14376,REGLA ALISADOR P/TORTA,"4,000.00",0.00,,UNIDAD,
14377,MOLDE SILICONA BOMBON CUADRADO,"3,900.00",0.00,,UNIDAD,
14378,MOLDE SILICONA BOMBON MUSICAL X1,"3,600.00",0.00,,UNIDAD,
1438,STENCIL ACETATO,990.00,0.00,"SOUVELUZ, JAVIER",UNIDAD,
14380,TULIPAS DE PAPEL PARA CUPCAKES,"6,000.00",0.00,,UNIDAD,
14381,SOPLETES RECARGABLE,"7,500.00",-1.00,,UNIDAD,
14385,ESTECA METALICA RULETERO COOPER,"3,700.00",0.00,,UNIDAD,
14386,ESTECA METALICA PARAGUITA,"4,300.00",0.00,,UNIDAD,
14387,ESTECA METALICA AGUJA P/COOKIES,"7,000.00",0.00,,UNIDAD,
14388,BOLAS ESPEJADAS N°3 X12,"7,000.00",0.00,,UNIDAD,
14389,TERMOMETRO DIGITAL,"4,500.00",0.00,,UNIDAD,
1439,PLACA SILICONA P/MICROONDAS 30,"3,500.00",0.00,,UNIDAD,
14390,TERMOMETRO DIGITAL PARA COCINA,"6,900.00",0.00,,UNIDAD,
14391,CUCHILLOS PLASTICOS X 4 UNID (COOPER) NARANJA,"3,500.00",0.00,,UNIDAD,
14395,PULPA DE FRUTILLA TARRO 9.2 KG MENDOCOR,"60,500.00",0.00,BYC,UNIDAD,
144,GLOBOS DE PAPEL,0.00,-140.00,,UNIDAD,
1440,GLOBOS DE PAPEL,0.00,-2.00,,UNIDAD,
14420,SET DE GLOBO CORAZON-ESTRELLA X10,"4,500.00",0.00,IMPORTADORA LOW COST S. R. L.,UNIDAD,
14422,SET DE GLOBO FELIZ CUMPLEAÑOS,"3,000.00",0.00,IMPORTADORA LOW COST S. R. L.,UNIDAD,
1445,SET TORTA GLOBO DE PAPEL,"1,600.00",0.00,,UNIDAD,
1445106,GORROS COWBOY LUJO C/STRASS,"46,500.00",0.00,,UNIDAD,
1449,SET FELIZ CUMPLEAÑOS,"18,900.00",0.00,,UNIDAD,
145,COTILLON,0.00,-202.00,,UNIDAD,
145-01279,CAÑON LANZA PAPEL PETALOS ROSAS 40 CM,"4,500.00",0.00,AICHINO HECTOR,UNIDAD,
145-35770,CAÑON LANZA PAPEL PLATEADO 40 CM,"4,500.00",0.00,,UNIDAD,
145-35772,CAÑON LANZA PAPEL MULTICOLOR 40 CM,"4,500.00",0.00,AICHINO HECTOR,UNIDAD,
145037,PIÑATA PELOTA FUTBOL X 1U JANE,"15,000.00",0.00,JANETH,UNIDAD,
1451,STICKER REVELACION DE GENERO X10,"4,000.00",0.00,,UNIDAD,
14510,ESPUMA LOCA X1,"3,000.00",596.00,,UNIDAD,
145101,GORRAS C/LENTEJUELAS,"7,900.00",0.00,,UNIDAD,
145102,GORRAS LUJO C/PIEDRAS,"15,900.00",0.00,,UNIDAD,
145103,PILUSOS C/PIEDRAS,"38,500.00",0.00,,UNIDAD,
145104,GORRAS CAPITAN C/LENTEJUELAS,"18,000.00",0.00,,UNIDAD,
145105,SOMBREROS BRUJA JASPEADO BORDO,0.00,0.00,,UNIDAD,
145106,GALERON TRIANGULOS METALIZADO,"14,900.00",0.00,,UNIDAD,
145107,GORRAS BLANCAS BRIDE,"12,000.00",0.00,,UNIDAD,
145108,GORRAS DE NOVIA LUJO BLANCA,"39,900.00",0.00,,UNIDAD,
145109,VINCHAS C/FLORES Y PLUMAS BLANCA C/LUZ,"25,900.00",0.00,,UNIDAD,
14511,ESPUMA LOCA X2,"5,500.00",298.00,,UNIDAD,
145111,TURBANTE C/PLUMAS LUJO,"22,500.00",0.00,,UNIDAD,
145112,SOMBRERO MEXICANO RAFIA,"19,500.00",0.00,,UNIDAD,
145113,SOMBRERO MEXICANO RAFIA MULTICOLOR,"9,500.00",0.00,,UNIDAD,
145114,SOMBRERO RAFIA ESPANTAPAJAROS,"5,500.00",0.00,,UNIDAD,
145115,GORRO C/LENTEJUELAS Y LUZ,"9,500.00",0.00,,UNIDAD,
145116,GORRO FUNYI BLANCO C/STRASS Y FLOR NEGRA,"11,500.00",0.00,,UNIDAD,
145117,SOMBRERO VAQUERO TORNAZOL C/LED,"18,500.00",0.00,,UNIDAD,
145119,GALERON TELA FLUOR NARANJA C/MOÑO Y TUL,"8,400.00",0.00,,UNIDAD,
14512,ESPUMA LOCA X12,"29,000.00",49.00,,UNIDAD,
145121,SOMBRERO COWBOY TORNAZOL C/FLECOS,"12,000.00",0.00,,UNIDAD,
145122,SOMBRERO COWBOY LUREX,"13,500.00",0.00,,UNIDAD,
1451228,MARIPOSA ADHESIVA ESTAMPADA DOBLE X6,"2,500.00",0.00,IMPORTADORA LOW COST S. R. L.,UNIDAD,
145124,PANAMEÑO C/CINTA NEGRA,"9,600.00",0.00,,UNIDAD,
145127,SOMBRERO PIRATA PLASTICO NEGRO,"1,900.00",0.00,,UNIDAD,
145128,SOMBRERO PIRATA CUERO MARRON,"8,000.00",0.00,,UNIDAD,
145129,SOMBRERO PIRATA GAMUZA C/TIRA,"6,900.00",-1.00,,UNIDAD,
14513,PINTA PELO X1,"3,000.00",-12.00,,UNIDAD,
145130,GORRO FARAON,"12,500.00",0.00,,UNIDAD,
145132,GALERON ANIMAL PRINT DE PAÑO,"12,000.00",0.00,,UNIDAD,
145133,VINCHAS BRIDE METAL PLATEADA,"6,500.00",0.00,,UNIDAD,
145134,GALERA TELA PLATEADA C/ FAJA VIOLETA,"7,900.00",0.00,,UNIDAD,
145135,GALERA ANIMAL PRINT VIOLETA,"5,900.00",0.00,,UNIDAD,
145136,CORONA COMPARSA C/PLUMAS,"9,900.00",0.00,,UNIDAD,
145137,GALERA CUERO VACA,"5,500.00",0.00,,UNIDAD,
145138,SOMBRERO BRUJA PLASTICO C/PELO,"1,500.00",0.00,,UNIDAD,
145139,GORROS SUBLIMADO,"9,800.00",0.00,,UNIDAD,
14514,PINTA PELO X2,"5,000.00",-6.00,,UNIDAD,
145140,SOMBRERO BRUJA FLUOR,"5,000.00",0.00,,UNIDAD,
145141,SOMBRERO BRUJA TELA ESTAMPADO,"4,500.00",0.00,,UNIDAD,
145143,SOMBRERO DE BRUJA CON CAPA,"13,000.00",0.00,,UNIDAD,
145144,SOMBRERO BRUJA DE TUL NARANJA,"3,500.00",-1.00,,UNIDAD,
145146,MEDIAS BUCANERAS BLANCA,"6,500.00",0.00,,UNIDAD,
145147,ALAS DE ANGEL BLANCA TELA,"3,900.00",0.00,,UNIDAD,
145150,SOMBRERO COWBOY C/PIEDRAS COLGANTES,"22,500.00",0.00,,UNIDAD,
145151,SOMBRERO COWBOY C/RAFIA Y TIRITA,"5,900.00",0.00,,UNIDAD,
145155,SOMBRERO MOSQUETERO LUJO,"9,900.00",0.00,,UNIDAD,
145156,SOMBRERO CAPELINA LUJO,"8,900.00",0.00,,UNIDAD,
145157,SOMBRERO SHERIFF PLASTICO FELPA,"3,000.00",0.00,,UNIDAD,
145159,GORRO MARINERO,"5,900.00",0.00,,UNIDAD,
14516,ROCIO BRUMA X1,"3,000.00",0.00,,UNIDAD,
145160,GORRO CORONA PANA C/DORADO,"12,000.00",0.00,,UNIDAD,
145161,GORRA TELA MAO C/LENTEJUELAS,"6,500.00",0.00,,UNIDAD,
145162,VICERA RIGIDA C/ESTRELLAS,"2,900.00",0.00,,UNIDAD,
145164,SOMBRERO FUNJI RAFIA C/FAJA ROSA,"2,700.00",0.00,,UNIDAD,
145165,SOMBRERO FUNJI C/LENTEJUELAS,"6,500.00",0.00,,UNIDAD,
145166,GORROS FLUOR TELA GALERITA X1,"2,200.00",0.00,,UNIDAD,
145167,GORROS FLUOR TELA GALERITA X5,"9,400.00",0.00,,UNIDAD,
145168,GORROS TELA JERSEY TELA FLUOR X1,"2,500.00",0.00,,UNIDAD,
145169,GORROS TELA JERSEY TELA FLUOR X5,"10,500.00",0.00,,UNIDAD,
14517,ROCIO BRUMA X2,"4,800.00",0.00,,UNIDAD,
145170,GORRA ANIMAL PRINT,"3,900.00",0.00,,UNIDAD,
145172,CASCO BOMBERO ROJO,"1,200.00",0.00,,UNIDAD,
145174,CASO CONSTRUCTOR PLASTICO AMARILLO,800.00,0.00,,UNIDAD,
145176,GORRA TELA MILITAR CAMUFLADO,"4,500.00",0.00,,UNIDAD,
145177,CASCO SOLDADO PLASTICO,"2,200.00",0.00,,UNIDAD,
145178,GORRA POLICIA PLASTICO,"1,200.00",0.00,,UNIDAD,
145179,BOINAS BONDEADO CON VISERA,"3,900.00",0.00,,UNIDAD,
14518,ROCIO BRUMA X12,"27,000.00",0.00,,UNIDAD,
145180,SET MOÑO C/GORRO AMARILLO,"2,990.00",0.00,,UNIDAD,
145181,GORRA POLICIA TAFETA,"2,500.00",0.00,,UNIDAD,
145182,GORRO GALERA ALTA PANA NEGRO,"5,500.00",-3.00,,UNIDAD,
145184,GORRO INDIANO JONES,"1,100.00",0.00,,UNIDAD,
145185,GALERA TELA LUJO PAÑO NEGRO,"5,500.00",0.00,,UNIDAD,
145186,BOMBIN CHAPLIN PANA LUJO NEGRO,"4,500.00",0.00,,UNIDAD,
145188,GALERA CHICA C/FAJA,700.00,-2.00,,UNIDAD,
145189,SOMBRERO PLASTICO GUAPO NEGRO,700.00,0.00,,UNIDAD,
14519,SPRAY REFEREE,"1,200.00",0.00,,UNIDAD,
145190,SOMBRERO GAUCHO PLASTICO,"1,000.00",0.00,,UNIDAD,
145191,SET POLICIA,"7,900.00",0.00,,UNIDAD,
145192,SABLE CON FUNDA PLASTICO,"4,800.00",0.00,,UNIDAD,
145195,SOMBRERO FISELINA CHEF,"2,000.00",0.00,,UNIDAD,
145196,GORRO FISELINA ENFERMERA,"2,500.00",0.00,,UNIDAD,
145197,SOMBRERO HALLOWEN C/ SANGRE,"5,500.00",0.00,,UNIDAD,
145198,BOINA GAUCHO NEGRO PAÑO X 1U,"4,000.00",-22.00,PICULLI,UNIDAD,
145199,GORRO HINDU,"2,200.00",0.00,,UNIDAD,
145200,GORRO DUENDE PAÑO,"5,900.00",0.00,,UNIDAD,
1452016,VINCHAS NOVIA C/FLORES Y BELO BLANCA,"7,000.00",-1.00,,UNIDAD,
145202,CASCO ROMANO PLASTICO,"4,500.00",0.00,,UNIDAD,
145203,ESCUDO PLASTICO ROMANO,"3,900.00",0.00,,UNIDAD,
145204,VINCHAS VARIOS MODELOS C/STRAS,"4,400.00",0.00,,UNIDAD,
145205,VINCHAS ME RECIBI CON BRILLO Y PERLAS,"4,900.00",0.00,,UNIDAD,
145206,VINCHAS EGRESADA CON BRILLO Y PERLAS,"4,900.00",0.00,,UNIDAD,
145207,VINCHAS PROFESIONES CON BRILLO Y PERLAS,"4,900.00",0.00,,UNIDAD,
145208,VINCHAS ME RECIBI C/STRAS,"4,400.00",0.00,,UNIDAD,
145209,VINCHAS GATITA ENCAJE,"4,900.00",0.00,,UNIDAD,
145211,VINCHAS CONEJA ENCAJE,"5,000.00",0.00,,UNIDAD,
145214,VINCHAS RECIEN CASADA BLANCA,"5,500.00",0.00,,UNIDAD,
145215,VINCHAS NOVIA C/TUL,"4,800.00",0.00,,UNIDAD,
145217,COLLAR HAWIANO C/LUZ BLANCA,"8,000.00",0.00,,UNIDAD,
145220,ALAS DE ANGEL C/PLUMAS BLANCAS,"11,500.00",0.00,,UNIDAD,
145250,GARRAFA DE HELIO GLOBOX P/30 GLOBOS,"55,000.00",0.00,COTILLON CASA ALBERTO,UNIDAD,
145251,INFLADOR ELECTRICO 2 PICOS,"40,000.00",0.00,COTILLON CASA ALBERTO,UNIDAD,
145258,VINCHA MINNIE LUXE C/LUZ,"2,400.00",0.00,,UNIDAD,
145259,VINCHA CONEJO PELUCHE C/ MOÑO Y LUZ,"3,900.00",0.00,,UNIDAD,
145261,VINCHA CONEJO PELUCHE C/LUZ,"3,000.00",0.00,,UNIDAD,
145262,VINCHA GATITA LUMINOSA,"4,200.00",0.00,,UNIDAD,
145263,VINCHA PRIMAVERA C/LUZ,"3,000.00",0.00,,UNIDAD,
145275,BOTELLA LED,"1,500.00",0.00,,UNIDAD,
145276,VINCHA GATO C/LUZ,"1,900.00",0.00,,UNIDAD,
145277,VINCHA DIABLA C/LUZ,"2,000.00",0.00,,UNIDAD,
145279,ESPADA LED C/SONIDO,"4,500.00",0.00,,UNIDAD,
145280,ESPADA LED CHICA,"4,000.00",0.00,,UNIDAD,
145281,VARITA MAGICA C/LUZ,"3,800.00",0.00,,UNIDAD,
145284,TUTU C/LUZ,"6,800.00",0.00,,UNIDAD,
145285,VINCHA C/FLORES Y TUL,"3,500.00",0.00,,UNIDAD,
145286,VINCHA FLORES COLORES C/LUZ,"3,500.00",0.00,,UNIDAD,
145288,AGITADOR BATIDOR P/TRAGO LED X4,700.00,0.00,,UNIDAD,
145289,PELOTA C/VARA LED,"2,000.00",0.00,,UNIDAD,
145290,VARITA GLOW LED,700.00,0.00,,UNIDAD,
145294,MANOPLA PLASTICA,"2,000.00",0.00,,UNIDAD,
145298,ROMPE COCOS X1,"2,200.00",0.00,,UNIDAD,
145299,ROMPE COCOS X10,"18,000.00",0.00,,UNIDAD,
145307,CORONA DE LUJO C/PIEDRAS Y GEMAS,"35,000.00",0.00,IMPORTADORA LOW COST S. R. L.,UNIDAD,
145308,CORONA TIARA METAL GRANDE C/PERLAS,"5,000.00",-1.00,IMPORTADORA LOW COST S. R. L.,UNIDAD,
145309,SOMBRERO GORRO PANAMEÑO,"4,500.00",-1.00,IMPORTADORA LOW COST S. R. L.,UNIDAD,
145310,BOMBUCHAS PARTY TIME X1,"2,000.00",0.00,,UNIDAD,
145311,BOMBUCHAS PARTY TIME X2,"3,000.00",0.00,,UNIDAD,
145321,PISTOLA DE SILICONA PROFECIONAL GRANDE,"25,900.00",0.00,IMPORTADORA LOW COST S. R. L.,UNIDAD,
145322,PISTOLA DE SILICONA CHICA C/TECLA,"12,900.00",0.00,,UNIDAD,
145323,GUIRNALDA DE HOJAS X/TIRA 2.30M,"1,500.00",0.00,IMPORTADORA LOW COST S. R. L.,UNIDAD,
145324,LUCES DE ALAMBRE X 3M,"1,600.00",-4.00,IMPORTADORA LOW COST S. R. L.,UNIDAD,
145326,MARIPOSAS ADHESIVA GIBREADA DOBLE X 6 U,"3,500.00",0.00,IMPORTADORA LOW COST S. R. L.,UNIDAD,
145327,MARIPOSA ADHESIVA ESTAMPA HOLOG. DOBLE X6,"2,500.00",0.00,IMPORTADORA LOW COST S. R. L.,UNIDAD,
145329,MARIPOSAS ADHESIVA METALIZADA CALADA X 12U,"2,200.00",-1.00,IMPORTADORA LOW COST S. R. L.,UNIDAD,
145330,LENTEJUELAS CHICAS 2G C/FORMA,400.00,0.00,IMPORTADORA LOW COST S. R. L.,UNIDAD,
145332,SOMBRERO BOMBIN FLUOR X12,"10,500.00",-1.00,IMPORTADORA LOW COST S. R. L.,UNIDAD,
145333,COLLAR HAWAIANO DE TELA MULTICOLOR X1,"2,000.00",0.00,IMPORTADORA LOW COST S. R. L.,UNIDAD,
145334,COLLAR HAWAIANO DE TELA MULTICOLOR X10,"15,000.00",0.00,IMPORTADORA LOW COST S. R. L.,UNIDAD,
145335,CORONA PLASTICA C/GEMAS PLATEADA,"2,500.00",0.00,IMPORTADORA LOW COST S. R. L.,UNIDAD,
145336,VINCHA PLASTIA LISA FLUOR,350.00,0.00,IMPORTADORA LOW COST S. R. L.,UNIDAD,
145340,GUANTES DE RED CORTOS FLUOR,"2,000.00",0.00,,UNIDAD,
1453405,VINCHA MEDUZA TORNAZOLADA,"8,900.00",0.00,,UNIDAD,
1453406,BOCADITOS SURTIDOS BEL X 20 UNID,"4,800.00",0.00,,UNIDAD,
1453409,PASTA CARMELA X 500 GR NEGRA,"4,700.00",0.00,,UNIDAD,
1453413,PAPEL PICADO BOLSITA RONDI,"1,000.00",-12.00,AICHINO HECTOR,UNIDAD,
1453414,VASO 330CC NATURAL X 50,"4,300.00",0.00,VASA,UNIDAD,
1453415,VASO 500 CC. NATURAL X 50,"7,800.00",0.00,,UNIDAD,
1453416,VASO 500 CC. NATURAL X 100,"13,500.00",0.00,,UNIDAD,
1453417,VASO AMERICANO 590CC X 1,350.00,-10.00,COTILLON CASA ALBERTO,UNIDAD,
1453421,VASO POLIPAPEL 240CC VS COLORES X 8,"2,000.00",0.00,,UNIDAD,
1453423,ADORNO TORTA CASAMIENTO GOMA EVA (LILI) X 1,"4,800.00",0.00,,UNIDAD,
1453425,ADORNO PINCHE UNICORNIO GDE GOMA EVA C/BRILLO (LILI) X 1,"3,800.00",0.00,LILI,UNIDAD,
1453429,BANDEJA TELGOPOR 30 CM(2CM GROSOR) X 1 U,650.00,0.00,,UNIDAD,
1453430,BANDEJA TELGOPOR 30 CM(2CM GROSOR) X 5 U,"3,000.00",0.00,,UNIDAD,
1453431,BANDEJA TELGOPOR RECTANG. 25X35CM (2CM GROSOR) X 1U,500.00,0.00,,UNIDAD,
1453432,BANDEJA TELGOPOR RECTANG. 25X35CM (2CM GROSOR) X 5 U,"2,000.00",0.00,,UNIDAD,
1453433,MALVAVISCO OJO CAJA X 100 UNID.,"18,000.00",0.00,,UNIDAD,
1453434,OJOS GOMITA BLANDA X 30 UNID.,"10,900.00",0.00,,UNIDAD,
1453435,GOMITAS BLANDAS KUROMI X 30 UNID,"10,900.00",0.00,,UNIDAD,
1453436,MALVAVISCOS TRENZA INDIVIDUAL X 60 UNID.,"22,000.00",0.00,,UNIDAD,
1453437,CARAMELOS BLANDOS AFA X 30 UNID,"12,000.00",0.00,,UNIDAD,
1453438,FRATACHO CHICO X2 COOPER,"5,000.00",0.00,,UNIDAD,
1453439,BATIDOR DE ALAMBRE COOPER 30CM,"6,500.00",0.00,"HEMY, MIRIAM ESTHER",UNIDAD,
145344,VINCHA CHARLESTON DELUXE NEGRA,"7,900.00",0.00,,UNIDAD,
1453440,FRATACHO GRANDE L COOPER,"6,700.00",0.00,"HEMY, MIRIAM ESTHER",UNIDAD,
1453441,MANGA N°1 C/16 PICOS HEMMY,"7,500.00",-1.00,"HEMY, MIRIAM ESTHER",UNIDAD,
1453442,MANGA PROFESIONAL SOLDADA N° 40 HEMMY,"3,000.00",-1.00,"HEMY, MIRIAM ESTHER",UNIDAD,
1453443,MANGA PROFESIONAL SOLDADA N° 50 HEMMY,"3,400.00",0.00,"HEMY, MIRIAM ESTHER",UNIDAD,
1453444,MANGA PROFESIONAL SOLDADA N° 60 HEMMY,"3,900.00",0.00,"HEMY, MIRIAM ESTHER",UNIDAD,
1453445,MANGA SOLDADA N° 3 HEMMY X 1,"2,500.00",-1.00,"HEMY, MIRIAM ESTHER",UNIDAD,
1453446,CAJA DESAYUNO CORAZON C/VISOR BLANCA (18X18X6.5CM) X 1,"1,200.00",0.00,,UNIDAD,
1453447,PASTA RELLENO MICKY MANI MAPSA 450G,"6,000.00",-1.00,SAPORE,UNIDAD,
1453448,PASTA RELLENO MICKY PISTACHO MAPSA 450G,"10,900.00",-1.00,SAPORE,UNIDAD,
1453449,PASTA RELLENO MICKY TIRAMISU MAPSA 450G,"4,600.00",-1.00,SAPORE,UNIDAD,
145345,VINCHA CHARLESTON PAVO REAL,"7,500.00",0.00,,UNIDAD,
1453453,VASO TRAGO LARGO CRISTAL X10 280CC,"4,900.00",0.00,VASA,UNIDAD,
1453454,BOLSA ARRANQUE RINDE IGUAL 15X20 B/D TRANSP X 1,"3,000.00",0.00,VASA,UNIDAD,
1453455,CARTERITA JELLY CUP X20,"5,500.00",0.00,,UNIDAD,
1453457,HILO DE ALGODON CHICO X 40 GS X 1,500.00,-15.00,VASA,UNIDAD,
1453458,BOMBONES SELECCION ARCOR (CAJA AZUL),"12,500.00",0.00,ARCOR PAROLLA,UNIDAD,
1453459,MOLDE BUDIN PAPEL 250GS C/FLEJE X 1,300.00,0.00,VASA,UNIDAD,
145346,VINCHA GOLD EGIPCIA,"8,500.00",0.00,,UNIDAD,
1453460,CUCHARA MADERA CHICA X 50 U,"2,000.00",0.00,VASA,UNIDAD,
1453461,SCRAPER ACERO 15X10 COOPER,"5,200.00",-3.00,"HEMY, MIRIAM ESTHER",UNIDAD,
1453462,MOLDE BUDIN PAPEL 250GS C/FLEJE X 10,"2,500.00",0.00,,UNIDAD,
1453463,SCRAPER ACERO 24X12 COOPER X1,"7,200.00",-1.00,"HEMY, MIRIAM ESTHER",UNIDAD,
1453464,RASQUETA ACERO 12CM COOPER,"6,600.00",0.00,"HEMY, MIRIAM ESTHER",UNIDAD,
1453465,RASQUETA ACERO 16CM COOPER C/AGARRE X1,"7,500.00",-1.00,"HEMY, MIRIAM ESTHER",UNIDAD,
1453466,RASQUETA ACERO 20CM COOPER C/AGARRE X1,"8,500.00",0.00,"HEMY, MIRIAM ESTHER",UNIDAD,
1453467,ARO MICROPERFORADO CUADRADO N° 6 X 4CM ALTO COOPER,"5,500.00",0.00,"HEMY, MIRIAM ESTHER",UNIDAD,
1453468,ARO MICROPERFORADO CUADRADO N° 19 X 4CM ALTO COOPER,"10,500.00",0.00,"HEMY, MIRIAM ESTHER",UNIDAD,
1453469,ARO MICROPERFORADO REDONDO N° 6 X 4CM ALTO COOPER,"5,500.00",0.00,"HEMY, MIRIAM ESTHER",UNIDAD,
1453470,ARO MICROPERFORADO REDONDO N° 10 X 4CM ALTO COOPER,"6,300.00",0.00,"HEMY, MIRIAM ESTHER",UNIDAD,
1453471,ARO MICROPERFORADO REDONDO N° 14 X 4CM ALTO COOPER,"7,500.00",-1.00,"HEMY, MIRIAM ESTHER",UNIDAD,
1453472,ARO MICROPERFORADO REDONDO N° 19 X 4CM ALTO COOPER,"9,500.00",-2.00,"HEMY, MIRIAM ESTHER",UNIDAD,
1453473,JARRA MEDIDORA 1 LT YESI,"4,500.00",0.00,"HEMY, MIRIAM ESTHER",UNIDAD,
1453474,POSATORTA GIRATORIO BASE BAJA 30CM COOPER,"13,900.00",0.00,"HEMY, MIRIAM ESTHER",UNIDAD,
1453475,POSATORTA FIJA ALTA 22 CM COOPER X 1,"12,000.00",0.00,"HEMY, MIRIAM ESTHER",UNIDAD,
1453476,REGLA PARA CHOCOLATE C/DISEÑO X 1 UNIDAD COOPER,"2,500.00",0.00,"HEMY, MIRIAM ESTHER",UNIDAD,
1453477,REGLA PARA CHOCOLATE C/DISEÑO X 4 UNIDAD BLISTER COOPER,"8,300.00",0.00,"HEMY, MIRIAM ESTHER",UNIDAD,
1453478,ADAPTADOR GIGANTE X 1,"3,600.00",-2.00,"HEMY, MIRIAM ESTHER",UNIDAD,
1453479,ESTECA N°1/N°2 X 14U COOPER BLISTER,"7,300.00",0.00,"HEMY, MIRIAM ESTHER",UNIDAD,
145348,ANTIFAZ CLASICO FLUOR X12,"8,000.00",0.00,,UNIDAD,
1453480,COLORANTE GEL 1 A 1 X 1 UND,"2,700.00",-7.00,,UNIDAD,
1453482,VELA FINITAS C/GLITTER ROSA-CELESTE X 12,"3,500.00",0.00,,UNIDAD,
1453487,TAPITAS ALFAJOR FACHITAS 200G,"1,800.00",-7.00,COTILLON CASA ALBERTO,UNIDAD,
145349,MEDIAS BUCANERAS FLUOR,"6,500.00",0.00,,UNIDAD,
1453496,BANDERIN FELIZ CUMPLE CUADRILLE MARGARITA G.M X 1,"2,500.00",-1.00,COTILLON CASA ALBERTO,UNIDAD,
1453497,BANDERIN FELIZ CUMPLE KRAFT G.M X 1,"2,500.00",0.00,,UNIDAD,
145350,MEDIAS BUCANERAS NEGRAS C/MOÑO,"5,500.00",-1.00,,UNIDAD,
1453508,GRANAS PLATEADAS,"7,000.00",0.00,COTILLON CASA ALBERTO,KG,
1453509,GRANAS DORADAS,"16,000.00",0.00,COTILLON CASA ALBERTO,KG,
145351,AROS STRASS VIA LACTEA,"4,000.00",0.00,,UNIDAD,
1453510,BARRITA SILICONA FINA 8MM X 1,300.00,0.00,COTILLON CASA ALBERTO,UNIDAD,
1453512,CORTINAS IRIDISCENTE X 1,"3,500.00",0.00,COTILLON CASA ALBERTO,UNIDAD,
1453513,LECHE CONDENSADA 395GS,"4,400.00",0.00,COTILLON CASA ALBERTO,UNIDAD,
1453514,PASTA BALLINA BLANCA 500 GS,"4,600.00",-1.00,COTILLON CASA ALBERTO,UNIDAD,
1453515,COLORANTE EN POLVO LIPOS. RADHA X 1,"4,000.00",0.00,COTILLON CASA ALBERTO,UNIDAD,
1453516,GLITTER COMESTIBLE KING X 1,"5,500.00",0.00,COTILLON CASA ALBERTO,UNIDAD,
1453517,PASTILLAS LUCKY X240GS,"3,100.00",0.00,,UNIDAD,
145352,DIADEMA CLEOPATRA C/PIEDRA,"6,500.00",0.00,,UNIDAD,
1453520,SORPRESITAS CON GOLOSINAS SUGAR PARTY,"12,800.00",0.00,,UNIDAD,
1453526,ESENCIA VAINILLA FLEIBOR LT X 1,"6,500.00",0.00,COTILLON CASA ALBERTO,UNIDAD,
1453527,BRILLANTINA/GIVRE COMESTIBLE X 1,850.00,0.00,COTILLON CASA ALBERTO,UNIDAD,
1453528,SPRINKLES DECOR MAGIC CORAZONES PLATAX 50GS,"1,500.00",0.00,COTILLON CASA ALBERTO,UNIDAD,
1453529,CONFITES DORADOS SUELTO KG,"18,000.00",0.00,COTILLON CASA ALBERTO,KG,
145353,BRAZALETE DORADO,"7,000.00",0.00,,UNIDAD,
1453532,CORTANTE ESTRELLA CHICA X 4 FLOGUS,"4,200.00",0.00,COTILLON CASA ALBERTO,UNIDAD,
1453533,CORTANTE ESTRELLAS X 4 FLOGUS,"5,800.00",0.00,COTILLON CASA ALBERTO,UNIDAD,
1453534,CORTANTE CUADRADO X 5 FLOGUS,"5,200.00",0.00,COTILLON CASA ALBERTO,UNIDAD,
1453535,PUNTO PEGAMENTO PLANCHA X 1 (20),300.00,0.00,COTILLON CASA ALBERTO,UNIDAD,
1453536,SET BANDA Y VINCHA STRASS LUXE FELIZ CUMPLE,"10,000.00",0.00,COTILLON CASA ALBERTO,UNIDAD,
1453537,PALITOS PARA CHUPETIN 15 CM BLANCO SUELTO KG,"30,000.00",0.00,COTILLON CASA ALBERTO,KG,
1453538,VASO TERMICO 240CC ENPOLEX X 25U,"2,900.00",0.00,COTILLON CASA ALBERTO,UNIDAD,
1453539,PITOS CON BOLITA X 24U PREFA,"2,400.00",0.00,COTILLON CASA ALBERTO,UNIDAD,
145354,BRAZALETE EGIPCIO DORADO,"4,800.00",0.00,,UNIDAD,
1453540,CORNETIN MEDIANO STASIO X 12U,"1,900.00",0.00,COTILLON CASA ALBERTO,UNIDAD,
1453541,CORNETA FLUO STASIO X 12,"3,500.00",0.00,COTILLON CASA ALBERTO,UNIDAD,
1453542,GLOBO PAPEL BABY GIRL/BOY SET,"3,000.00",0.00,COTILLON CASA ALBERTO,UNIDAD,
1453544,ANTIFAZ CARTON HOLGRAFICO X 10U CHINO,"1,500.00",0.00,,UNIDAD,
1453545,VASITO VASO POSTRE C/PIE 100CC BOYANO X 1,600.00,0.00,COTILLON CASA ALBERTO,UNIDAD,
1453546,VASITO VASO POSTRE C/PIE 100CC BOYANO X 10,"5,000.00",0.00,COTILLON CASA ALBERTO,UNIDAD,
1453548,ANTIFAZ DE ZORRO ECHYZOS X 1 CUERINA,"1,800.00",0.00,COTILLON CASA ALBERTO,UNIDAD,
145355,PULSERA DORADA C/PIEDRAS,"4,900.00",0.00,,UNIDAD,
1453553,PALITO PORTA GLOBOS 40CM CRISTAL STASIO X 1U,700.00,0.00,AICHINO HECTOR,UNIDAD,
1453554,PALITO PORTA GLOBOS 70CM CRISTAL/BLANCO X 1U STASIO,"1,000.00",0.00,AICHINO HECTOR,UNIDAD,
1453555,MASTICABLE PICO DULCE LERITHIER X 500 GS,"4,500.00",0.00,CHIALVO S R L,UNIDAD,
1453556,BOLSAS PPP 15 X 20 X 100U,"3,000.00",0.00,VASA,UNIDAD,
1453557,BOLSAS PPP 15 X 20 X 50U,"1,800.00",0.00,VASA,UNIDAD,
1453558,BOLSAS PPP 15 X 20 X 20U,"1,100.00",0.00,VASA,UNIDAD,
1453559,BOLSAS PPP 15 X 35 X 100U,"4,500.00",0.00,VASA,UNIDAD,
145356,BRAZALETE CLEOPATRA ECONOMICO,"3,000.00",0.00,,UNIDAD,
1453560,BOLSAS PPP 15 X 35 X 50U,"2,700.00",0.00,VASA,UNIDAD,
1453561,BOLSAS PPP 15 X 35 X 20U,"1,500.00",0.00,VASA,UNIDAD,
1453562,BOLSAS PPP 17 X 30 X 100U,"4,400.00",0.00,VASA,UNIDAD,
1453563,BOLSAS PPP 17 X 30 X 50U,"2,600.00",0.00,VASA,UNIDAD,
1453564,BOLSAS PPP 17 X 30 X 20U,"1,500.00",0.00,VASA,UNIDAD,
1453565,BOLSAS PPP 12 X 25 X 100U,"2,800.00",0.00,VASA,UNIDAD,
1453566,BOLSAS PPP 12 X 25 X 50U,"1,700.00",0.00,VASA,UNIDAD,
1453567,BOLSAS PPP 12 X 25 X 20U,"1,000.00",0.00,VASA,UNIDAD,
1453568,BOLSAS PPP 20 X 30 X 100U,"5,000.00",2.00,VASA,UNIDAD,
1453569,BOLSAS PPP 20 X 30 X 50U,"3,000.00",4.00,VASA,UNIDAD,
145357,CORONA ROMANA,"3,200.00",0.00,,UNIDAD,
1453570,BOLSAS PPP 20 X 30 X 20U,"1,800.00",10.00,VASA,UNIDAD,
1453571,BANDEJA 102 MICRO WORK X 100U,"7,900.00",-0.80,VASA,UNIDAD,
1453572,BANDEJA 102 MICRO WORK X 50U,"4,600.00",-1.00,VASA,UNIDAD,
1453573,BANDEJA 102 MICRO WORK X 10U,"1,100.00",-8.00,VASA,UNIDAD,
1453574,BANDEJA 103 MICRO WORK X 100U,"11,900.00",-0.20,VASA,UNIDAD,
1453575,BANDEJA 103 MICRO WORK X 50U,"6,500.00",0.00,VASA,UNIDAD,
1453576,BANDEJA 103 MICRO WORK X 10U,"1,500.00",-2.00,VASA,UNIDAD,
1453577,MOLDE PAPEL ROSCA 22CM X 100U,"37,500.00",0.00,VASA,UNIDAD,
1453578,MOLDE PAPEL ROSCA 22CM X 10U,"4,100.00",0.00,VASA,UNIDAD,
1453579,MOLDE PAPEL ROSCA 22CM X 1U,500.00,0.00,VASA,UNIDAD,
145358,CORONA DORADA PVC CLEOPATRA,"3,500.00",0.00,,UNIDAD,
1453580,BOLSA PPP 8 X 20 X 100U,"1,800.00",0.00,VASA,UNIDAD,
1453581,BOLSA PPP 8 X 20 X 50U,"1,100.00",0.00,VASA,UNIDAD,
1453582,BOLSA PPP 8 X 20 X 20U,550.00,0.00,VASA,UNIDAD,
1453583,BOLSA PPP 8 X 25 X 100U,"2,000.00",0.00,VASA,UNIDAD,
1453584,BOLSA PPP 8 X 25 X 50U,"1,200.00",0.00,VASA,UNIDAD,
1453585,BOLSA PPP 8 X 25 X 20U,800.00,0.00,VASA,UNIDAD,
1453586,BOLSAS PPP 10 X 20 X 100U,"2,200.00",0.00,VASA,UNIDAD,
1453587,BOLSAS PPP 10 X 20 X 50U,"1,300.00",0.00,VASA,UNIDAD,
1453589,BOLSAS PPP 10 X 20 X 20U,750.00,0.00,VASA,UNIDAD,
145359,GUANTES NEGROS C/UÑAS GATUBELA,"4,500.00",0.00,,UNIDAD,
1453590,BOLSAS PPP 10 X 25 X 100U,"2,500.00",0.00,VASA,UNIDAD,
1453591,BOLSAS PPP 10 X 25 X 50U,"1,500.00",0.00,VASA,UNIDAD,
1453592,BOLSAS PPP 10 X 25 X 20U,800.00,0.00,VASA,UNIDAD,
1453593,BOLSAS PPP 10 X 30 X 100U,"3,300.00",0.00,VASA,UNIDAD,
1453594,BOLSAS PPP 10 X 30 X 50U,"2,000.00",0.00,VASA,UNIDAD,
1453595,BOLSAS PPP 10 X 30 X 20U,"1,100.00",0.00,VASA,UNIDAD,
1453596,BOLSAS PPP 10 X 35 X 100U,"3,700.00",0.00,VASA,UNIDAD,
1453597,BOLSAS PPP 10 X 35 X 50U,"2,200.00",0.00,VASA,UNIDAD,
1453598,BOLSAS PPP 10 X 35 X 20U,"1,200.00",0.00,VASA,UNIDAD,
1453599,BOLSAS PPP 25 30 X 100U,"5,800.00",0.00,VASA,UNIDAD,
145360,MEDIAS RED NEGRAS,"4,000.00",0.00,,UNIDAD,
1453600,BOLSAS PPP 25 X 30 X 50U,"3,500.00",0.00,VASA,UNIDAD,
1453601,BOLSAS PPP 25 X 30 X 20U,"1,900.00",0.00,VASA,UNIDAD,
1453602,BOLSAS PPP 25 X 35 X 100U,"6,100.00",0.00,VASA,UNIDAD,
1453603,BOLSAS PPP 25 X 35 X 50U,"3,700.00",0.00,VASA,UNIDAD,
1453604,BOLSAS PPP 25 X 35 X 20U,"2,000.00",0.00,VASA,UNIDAD,
1453605,BOLSAS PPP 30 X 45 X 100U,"9,700.00",0.00,VASA,UNIDAD,
1453606,BOLSAS PPP 30 X 45 X 50U,"5,600.00",0.00,VASA,UNIDAD,
1453607,BOLSAS PPP 30 X 45 X 10U,"1,300.00",0.00,VASA,UNIDAD,
1453608,OJOS LOCOS GOMITAS X30U,"10,900.00",0.00,,UNIDAD,
145361,ANTIFAZ FIESTA FLUOR X12,"6,500.00",0.00,,UNIDAD,
1453611,BOLSA CAMISETA 50 X 70 MAMUT REFORZ,"8,200.00",0.00,VASA,UNIDAD,
1453612,TARRO GOMITAS FRUTILLITAS X30U,"12,000.00",0.00,,UNIDAD,
1453613,TARRO GOMITAS MESSI X30U,"12,000.00",0.00,,UNIDAD,
1453614,TARRO GOMITAS AUTITOS,"17,500.00",0.00,,UNIDAD,
1453615,MALVAVISCOS LARGOS X30U,"10,900.00",0.00,,UNIDAD,
1453616,MANGA SILICONA 35CM +ADATADOR+ 6 BOQUILLAS,"5,000.00",0.00,,UNIDAD,
1453617,MOLDE SILICONA HUEVO CHATO 18CM X 1 U,"5,500.00",0.00,,UNIDAD,
1453618,LAMINA SILPAC 30X40 X 1U,"10,200.00",0.00,"SOUVELUZ, JAVIER",UNIDAD,
1453619,MOLDE SILICONA HUEVO X 8 X 1U,"6,000.00",0.00,"SOUVELUZ, JAVIER",UNIDAD,
145362,ANTIFAZ VENECIANO SATINADO,"1,500.00",0.00,,UNIDAD,
1453620,MOLDE SILICONA HUEVO FANTASIA X 6 X1 U,"6,000.00",0.00,"SOUVELUZ, JAVIER",UNIDAD,
1453621,MOLDE SILICONA HUEVO MINI +FANTASIA X18 X 1 U,"4,500.00",0.00,,UNIDAD,
1453622,MOLDE SILICONA DONA X 6 X 1U,"7,500.00",0.00,"SOUVELUZ, JAVIER",UNIDAD,
1453623,MOLDE SILICONA BARRITA VS MOTIVOS X 1 U,"7,000.00",0.00,"SOUVELUZ, JAVIER",UNIDAD,
1453624,MOLDE SILICONA BUDINERA 20CM X 1 U,"7,000.00",0.00,"SOUVELUZ, JAVIER",UNIDAD,
1453625,MOLDE SILICONA REDONDO 10CM X 1 U,"4,500.00",-1.00,"SOUVELUZ, JAVIER",UNIDAD,
1453626,MOLDE SILICONA MINI FANTASIA X 15 X 1 U,"4,500.00",0.00,"SOUVELUZ, JAVIER",UNIDAD,
1453627,MOLDE SILICONA HUESITOS X10 X 1,"4,500.00",0.00,,UNIDAD,
1453628,MOLDE SILICONA CUADRADOS X15 X 1,"4,500.00",0.00,,UNIDAD,
1453629,MOLDE SILICONA BOMBONES VS MOTIVOS,"4,500.00",0.00,"SOUVELUZ, JAVIER",UNIDAD,
1453630,MOLDE SILICONA CHATO SPIDER,"3,900.00",0.00,"SOUVELUZ, JAVIER",UNIDAD,
1453631,MOLDE SILICONA HOJAS VS,"4,500.00",0.00,"SOUVELUZ, JAVIER",UNIDAD,
1453632,MOLDE SILICONA FLOR,"4,500.00",0.00,"SOUVELUZ, JAVIER",UNIDAD,
1453633,MOLDE SILICONA CORONA/MOÑO/CORAZON,"7,000.00",0.00,"SOUVELUZ, JAVIER",UNIDAD,
1453634,ESPATULA SILICONA 28CM X 1,"3,900.00",0.00,"SOUVELUZ, JAVIER",UNIDAD,
1453635,VELAS METALIZADAS 8CM C/PORTAV. X 6 BLISTER,"2,200.00",0.00,,UNIDAD,
1453636,HUEVITOS LOLY CHOC BONAFIDE X 80 GR,"4,000.00",0.00,,UNIDAD,
1453637,HUEVO DE CHOCOLATE FEL FORT X 25 UNID.,"18,000.00",0.00,,UNIDAD,
1453639,ESFERA ESPEJO MINI X 12,"8,500.00",0.00,"SOUVELUZ, JAVIER",UNIDAD,
145364,SET DE VINCHA PIRATA C/PARCHE,"4,900.00",0.00,,UNIDAD,
1453640,ESFERA ESPEJO MINI X 1,"1,000.00",0.00,,UNIDAD,
1453641,ESFERA ESPEJO MEDIANA X 6 U,"8,500.00",0.00,"SOUVELUZ, JAVIER",UNIDAD,
1453642,ESFERA ESPEJO MEDIANA X 1 U,"1,500.00",0.00,"SOUVELUZ, JAVIER",UNIDAD,
1453643,ESFERAS ESPEJO VS TAMAÑOS C/PALITO X 12U,"11,000.00",0.00,"SOUVELUZ, JAVIER",UNIDAD,
1453644,DISFRAZ INFANTIL VS MODELOS JAVI X 1,"28,000.00",-2.00,"SOUVELUZ, JAVIER",UNIDAD,
1453645,PETALOS DE ROSA BOLSA,"4,000.00",0.00,,UNIDAD,
1453646,PINCEL CHATO N° 3 CHINO X 1,700.00,0.00,,UNIDAD,
1453647,SET DE VELAS CORAZON ESTRELLA X 3,"2,500.00",-6.00,,UNIDAD,
1453648,MECHA PELO COLOR X 1,"1,500.00",0.00,,UNIDAD,
1453649,STRASS ADHESIVO VS MODELOS X 1,"2,000.00",0.00,,UNIDAD,
1453650,STRASS ADHESIVO VS MODELOS BLING CAR X 1,"2,000.00",0.00,,UNIDAD,
1453651,STRASS ADHESIVO VS MODELOS X 1 TATTO,"2,000.00",0.00,,UNIDAD,
1453652,STRASS ADHESIVO CORAZONES X 1,"2,500.00",0.00,,UNIDAD,
1453653,PAPEL AFICHE COLOR,800.00,0.00,COMERCIAL SUMA SRL,UNIDAD,
1453654,CINTA ADHESIVA AUCA 24MM X 40M,"1,100.00",0.00,COMERCIAL SUMA SRL,UNIDAD,
1453655,ROLLO HUSARES TERMICO 57X30 C/U,800.00,0.00,COMERCIAL SUMA SRL,UNIDAD,
1453656,BROCHES GRAP 65 X 5000 UNIDADES,"6,200.00",0.00,COMERCIAL SUMA SRL,UNIDAD,
1453657,BROCHES GRAP 10/50 X 5000 UNIDADES,"7,100.00",0.00,COMERCIAL SUMA SRL,UNIDAD,
1453658,ALFILERES EZCO 28MM X 50G,"1,300.00",0.00,COMERCIAL SUMA SRL,UNIDAD,
1453660,ROLLOS HUSARES TERMICOS 57X20 C/U,600.00,0.00,COMERCIAL SUMA SRL,UNIDAD,
1453661,CHOCOLATE MAPRICUBER BLANCO X 500 GR.,"8,200.00",-2.00,,UNIDAD,
1453664,CHOCOLATE MAPRICUBER CON LECHE X 500 GR,"8,200.00",-3.00,,UNIDAD,
1453665,CHOCOLATE MAPRICUBER SEMIAMARGO X 500 GR.,"8,200.00",0.00,,UNIDAD,
1453666,MARROC SUELTO,"23,000.00",0.00,,KG,
1453667,VELA FINITA MULTICOLOR 17 CM. X 24 UNID,"3,000.00",0.00,COTILLON CASA ALBERTO,UNIDAD,
1453668,PINCEL SILICONA 19 CM COLOR,"3,000.00",0.00,COTILLON CASA ALBERTO,UNIDAD,
1453669,PELOTITAS DE FUTBOL ARGENTINAS X 6 UNID.,"3,500.00",-3.00,COTILLON CASA ALBERTO,UNIDAD,
1453670,CORNETA ARGENTINA 35 CM,"4,500.00",0.00,COTILLON CASA ALBERTO,UNIDAD,
1453673,MOLDE DE SILICONA PARA HUEVO 10CM,"7,500.00",0.00,COTILLON CASA ALBERTO,UNIDAD,
1453674,VELA NUMERO GLOBITO DORADO - PLATEADO X 1,"1,500.00",-3.00,COTILLON CASA ALBERTO,UNIDAD,
1453675,SET MOLDE CAKE BOMBA PIÑATA PARPEN 2 PLACAS,"12,000.00",0.00,COTILLON CASA ALBERTO,UNIDAD,
1453676,SET MOLDE PLACA P/GALLETAS Y OBLEA PARPEN 2P,"6,000.00",0.00,COTILLON CASA ALBERTO,UNIDAD,
1453677,ADHESIVO COMESTIBLE 60ML,"2,700.00",-1.00,COTILLON CASA ALBERTO,UNIDAD,
1453678,GOMITAS RIVER PELOTAS X30U,"12,000.00",0.00,,UNIDAD,
1453679,GOMITAS PELOTAS BOCA X30U,"12,000.00",0.00,,UNIDAD,
145368,COLLAR CHOKER VIUDA NEGRA C/PIEDRA,"5,900.00",0.00,,UNIDAD,
1453680,GOMITAS HAMBURGUESAS X30U CAJA,"13,500.00",0.00,,UNIDAD,
1453684,PINCEL CHATO N° 2 CBX X 1 U,500.00,0.00,COTILLON CASA ALBERTO,UNIDAD,
1453685,GRANELLA SUELTO X KG,"8,500.00",0.00,COTILLON CASA ALBERTO,KG,
1453688,SPRINKLES VARIOS MOTIVOS SUELTOS X KG,"14,000.00",0.00,COTILLON CASA ALBERTO,KG,
1453689,LENTEJAS CHOCOLATE MINI SUELTO X KG,"22,000.00",0.00,COTILLON CASA ALBERTO,KG,
145369,COLLAR SIGNO PESOS $ X1,"2,000.00",0.00,,UNIDAD,
1453690,COLLAR HAWAIANO FLUO X 1U IMAGEN,550.00,-2.00,,UNIDAD,
1453691,COLLAR HAWAIANO COLOR BOLSA X 25U IMAGEN,"9,900.00",-1.00,,UNIDAD,
1453692,COLLAR HAWAIANO COLOR X 10U IMAGEN,"4,500.00",-2.00,,UNIDAD,
1453693,COLLAR HAWAIANO COLOR X 1 U IMAGEN,500.00,-25.00,,UNIDAD,
1453694,BANDEJA 103 MICRO C/TAPA BANDEX X 100U,"38,000.00",0.00,VASA,UNIDAD,
1453695,BANDEJA 103 MICRO C/TAPA BANDEX X 10U,"4,900.00",0.00,,UNIDAD,
1453696,PAPEL CELOFAN TRANSP. 1.20X 1 MT X 1 U,550.00,0.00,COTILLON CASA ALBERTO,UNIDAD,
1453697,PAPEL CELOFAN TRANSP. 0.70X 10.90 MT X 1 U,400.00,0.00,COTILLON CASA ALBERTO,UNIDAD,
1453698,PAPEL CELOFAN IMPRESO 0.70 X 0.95 X 1 U,700.00,0.00,COTILLON CASA ALBERTO,UNIDAD,
145370,COLLAR BOLITAS DE COLORES,"1,500.00",0.00,,UNIDAD,
1453700,SORPRESITAS TROMPOS X12,"2,000.00",-5.00,BUONA FORTUNA,UNIDAD,
1453701,SET MANGA SILICONA C/6 PICOS Y CUPLA,"6,500.00",0.00,BUONA FORTUNA,UNIDAD,
1453702,SORPRESITAS MINIATURAS X50U SURTIDAS STASIO,"3,900.00",-18.00,BUONA FORTUNA,UNIDAD,
1453703,BROCHES MINI DE MADERA X24,"1,500.00",0.00,BUONA FORTUNA,UNIDAD,
1453704,JUGADORES X5 C/ARCO Y PELOTA,"5,500.00",0.00,BUONA FORTUNA,UNIDAD,
1453705,BANDEJAS CARTON PLATEADAS REDONDAS 22CM,550.00,-5.00,BUONA FORTUNA,UNIDAD,
1453706,BANDEJAS CARTON PLATEADAS REDONDAS 24CM,600.00,-8.00,BUONA FORTUNA,UNIDAD,
1453707,BANDEJAS CARTON PLATEADAS REDONDAS 28CM,800.00,0.00,BUONA FORTUNA,UNIDAD,
1453708,BANDEJAS CARTON PLATEADAS REDONDAS 31CM,900.00,0.00,BUONA FORTUNA,UNIDAD,
1453709,BANDEJAS CARTON PLATEADAS RECTANG. 3KG (40X33),"1,500.00",-4.00,BUONA FORTUNA,UNIDAD,
145371,COLLAR CHAPA MILITAR PLATA,"3,500.00",0.00,,UNIDAD,
1453710,MARIPOSAS ADHESIVAS C/ BORDE DORADO X 12 U. 3D BUTTERFLY,"3,500.00",-1.00,AICHINO HECTOR,UNIDAD,
1453711,VELA BLANCA 20CM ILUMINARTE COMUN/BAUTISMO X 1U,"2,300.00",0.00,AICHINO HECTOR,UNIDAD,
1453712,CORONITA METAL 6.5CM C/STRASS X 1 U PLATA-DORADO,"7,500.00",0.00,AICHINO HECTOR,UNIDAD,
1453713,"GLOBOS PERLADOS 12""GLOBOX 25U","6,000.00",0.00,COTILLON CASA ALBERTO,UNIDAD,
1453716,SORPRESITAS SURTIDO DE COCINA X 36U,"5,500.00",-1.00,,UNIDAD,
1453719,FIERITA METRICO MUNDIAL CAJA X 24U,"7,300.00",0.00,,UNIDAD,
145372,ANTEOJOS STEAMPUNK C/PUNTAS,"9,500.00",0.00,,UNIDAD,
1453720,CHICLE FIERITA MUNDIAL CAJA X 50U,"3,800.00",-3.00,,UNIDAD,
1453721,VELITAS MAGICAS CHICA CAJA X 12U,400.00,0.00,AICHINO HECTOR,UNIDAD,
1453722,VASO 500CC GLITTER C/TAPA Y SORBETE X 1 U,"1,200.00",0.00,BUONA FORTUNA,UNIDAD,
1453723,PELOTITAS CHOCOLATE,"6,400.00",0.00,DULCES VILLA ALLENDE,UNIDAD,
1453724,KITKAT X 41.5 G,"1,900.00",-2.00,DULCES VILLA ALLENDE,UNIDAD,
1453725,SORBETES POLIPAPEL X 20 U VS COLORES (BRANCA),"1,500.00",-1.00,BUONA FORTUNA,UNIDAD,
1453726,BURBUJERO COLOR LISOS BOLSA X 6U BRANCA,"4,000.00",0.00,BUONA FORTUNA,UNIDAD,
1453727,BURBUJERO COLOR LISOS X 1U,"1,000.00",0.00,BUONA FORTUNA,UNIDAD,
1453729,CONTENEDOR PLASTICO KOVAL X 10U,"11,300.00",0.00,VASA,UNIDAD,
1453730,PLATOS BLANCOS P-17 X 50U BANPLAST,"5,600.00",-14.00,VASA,UNIDAD,
1453731,PLATOS BLANCOS P-17 X 10,"1,500.00",-70.00,VASA,UNIDAD,
1453732,BANDEJAS MADERA REDONDA 22 CM MELAMINA,"1,400.00",-1.00,OTERO,UNIDAD,
1453733,BANDEJAS MADERA REDONDA 32 CM MELAMINA,"2,800.00",-8.00,OTERO,UNIDAD,
1453734,CONTENEDOR PLASTICO KOVAL X 5 U,"6,000.00",0.00,,UNIDAD,
1453735,CONTENEDOR PLASTICO KOVAL X 1 U,"1,500.00",0.00,VASA,UNIDAD,
1453736,VASO 180CC BLANCO X 50 U,"2,800.00",-6.00,VASA,UNIDAD,
1453737,VASO 180CC BLANCO X 10 U,650.00,-33.00,VASA,UNIDAD,
1453738,VASO 180CC COLOR X 10 U,700.00,0.00,VASA,UNIDAD,
1453739,BOLSA PAPEL KRAFT Nº2L X 10U,400.00,0.00,,UNIDAD,
145374,CRUZ VAMPIRO C/PIEDRA ROJA,"5,900.00",0.00,,UNIDAD,
1453740,PAPEL FILM 30CM ROLLO X 20 MT (CANAAN),"1,500.00",0.00,VASA,UNIDAD,
1453741,GALLETA PEPITOS MINI X 50 G,"1,100.00",0.00,ARCOR,UNIDAD,
1453742,BIZCOCHUELO CAJA CHOCOLATE AGUILA 530 G,"5,900.00",0.00,ARCOR,UNIDAD,
1453743,PLANCHA MERENGUE ROSSI RECT-REDONDA X 1U,0.00,0.00,,UNIDAD,
1453745,MASTICABLE YUM YUM SURTIDO 300GR,"2,700.00",-10.00,CHIALVO S R L,UNIDAD,
1453746,BANDEJA CARTON LAMINADA DORADA RECT (18X26) X 1U,450.00,-3.00,,UNIDAD,
1453747,BANDEJA CARTON LAMINADA DORADA 22CM X 1U,400.00,-8.00,,UNIDAD,
1453748,BANDEJA CARTON LAMINADA DORADA 20CM X 1U,350.00,-17.00,,UNIDAD,
1453749,ESPADITAS PARA COPETIN X 100U APROX,"1,000.00",-2.00,COTILLON CASA ALBERTO,UNIDAD,
145375,ANTIFAZ BATI NEGRO,"3,000.00",-2.00,,UNIDAD,
1453750,PARCHE PIRATA PLASTICO STASIO X 1 U RIGIDO,550.00,0.00,COTILLON CASA ALBERTO,UNIDAD,
1453751,BANDERIN PLASTICO TRIANG. IMAGEN X 1 COLOR (3.20MT),"2,500.00",0.00,IMAGEN PARTY,UNIDAD,
1453752,BANDERA PLAST MED. ARGENTINA X 1 U (IMAGEN),"1,000.00",0.00,IMAGEN PARTY,UNIDAD,
1453753,BANDERIN PLASTICO MEXICANO X 1 U (IMAGEN),"3,400.00",0.00,IMAGEN PARTY,UNIDAD,
1453754,BANDERA PLAST. CHICA ARGENTINA X 1 (IMAGEN)15X25CM,400.00,-75.00,IMAGEN PARTY,UNIDAD,
1453755,GLOBO NUDO PLA PLA PLAST LISO X 1 U (IMAGEN),"1,000.00",0.00,IMAGEN PARTY,UNIDAD,
1453756,LLUVIA METALIZADA VS COLORES X 1U (IMAGEN),700.00,0.00,IMAGEN PARTY,UNIDAD,
1453757,BANDERA PLAST. CHICA ARGENTINA X 10U (IMAGEN),"3,000.00",-7.00,IMAGEN PARTY,UNIDAD,
1453758,BANDERA PLASTICA CHICA ARGENTINA X 25U (IMAGEN),"5,500.00",-3.00,IMAGEN PARTY,UNIDAD,
1453759,PORRON PLAST. VS COLORES X 1 U (IMAGEN),"2,500.00",0.00,IMAGEN PARTY,UNIDAD,
145376,COLLAR DARK,"3,800.00",0.00,,UNIDAD,
1453760,POLLERA HAWAIANA COLOR X 1 (IMAGEN),"5,000.00",0.00,IMAGEN PARTY,UNIDAD,
1453761,POLLERA HAWAIANA PLAST GRANDE X 1 (IMAGEN),"8,500.00",0.00,IMAGEN PARTY,UNIDAD,
1453762,MANGA DESCARTABLE N° 0 X 10 U (IMAGEN),"1,400.00",0.00,IMAGEN PARTY,UNIDAD,
1453763,MANGA DESCARTABLE N° 1 X 10 U (IMAGEN),"1,700.00",0.00,IMAGEN PARTY,UNIDAD,
1453764,MANGA DESCARTABLE N° X 10 U (IMAGEN),"2,100.00",0.00,IMAGEN PARTY,UNIDAD,
1453765,MANGA DESCARTABLE N° 3 X 10 U (IMAGEN),"3,200.00",-2.00,IMAGEN PARTY,UNIDAD,
1453766,MANGA DESCARTABLE N° 4 X 10 U (IMAGEN),"4,200.00",-1.00,IMAGEN PARTY,UNIDAD,
1453767,MANGA DESCARTABLE N° 5 X 10 U (IMAGEN),"5,600.00",0.00,IMAGEN PARTY,UNIDAD,
1453768,BANDERIN PLAST. ARMADO 2 MT X 1U (IMAGEN),"2,700.00",-6.00,IMAGEN PARTY,UNIDAD,
1453769,TOPPER FELIZ CUMPLEAÑOS C/LUZ,"4,000.00",0.00,FER,UNIDAD,
145377,LATIGO NEGRO,"12,000.00",0.00,,UNIDAD,
1453770,TOPPER METALIZADO FELIZ CUMPLE CURSIVA X 1U,"3,500.00",-2.00,FER,UNIDAD,
1453771,TOPPER PLAST. FELIZ CUMPLEAÑOS MULT X 1U PARTY,"4,000.00",-4.00,FER,UNIDAD,
1453773,BANDERIN FLUO C/FLECOS F/CUMPLE X 1 (42),"2,000.00",0.00,COTILLON CASA ALBERTO,UNIDAD,
1453776,BOMBON BEL SURTIDO X50 U,"7,500.00",-4.00,CHIALVO S R L,UNIDAD,
1453777,PELUCAS PELOS PARADOS,"8,000.00",0.00,,UNIDAD,
1453778,CLARINETE PATRIO X 1U,"4,500.00",-1.00,COTILLON CASA ALBERTO,UNIDAD,
1453779,VUVUZELA ARGENTINA X 1U RAYADA,"4,500.00",-2.00,COTILLON CASA ALBERTO,UNIDAD,
145378,CUERNOS DE MALEFICA DE GOMA,"25,000.00",0.00,,UNIDAD,
1453780,CORNETA CANCHA ARGENTINA X 1U (EN 2 PARTES),"4,500.00",0.00,COTILLON CASA ALBERTO,UNIDAD,
1453781,TAMBOR REDOBLANTE PATRIO X 1U,"15,000.00",0.00,COTILLON CASA ALBERTO,UNIDAD,
1453782,ESPADA SAN MARTIN CON FUNDA C/DORADO X 1U,"6,000.00",0.00,,UNIDAD,
1453783,FAROL PLAST. CON VELA X 1U STASIO,"5,000.00",-1.00,COTILLON CASA ALBERTO,UNIDAD,
1453784,BASTON CABALLERO C/EMP DORADA X 1 U PATRIO,"3,000.00",-5.00,COTILLON CASA ALBERTO,UNIDAD,
1453785,BASTON CURVO PLAST PATRIO X 1,"3,000.00",-4.00,COTILLON CASA ALBERTO,UNIDAD,
1453786,DELANTAL PAISANA/NEGRITA PATRIO X 1U,"4,000.00",-4.00,COTILLON CASA ALBERTO,UNIDAD,
1453788,CORNETA ARGENTINA 32 CM RAYADA X 1,"2,500.00",-1.00,AICHINO HECTOR,UNIDAD,
145379,BALAS X72,"12,000.00",0.00,,UNIDAD,
1453790,VINCHA ARGENTINA MANITO X 6U (TRIGER),"7,800.00",-2.00,AICHINO HECTOR,UNIDAD,
1453791,VINCHA ARGENTINA MANITO X 1U (TRIGER),"2,000.00",-12.00,AICHINO HECTOR,UNIDAD,
1453792,CORNETA TROMPETAZO ARGENTINA X 1U MANUAL,"5,900.00",-1.00,AICHINO HECTOR,UNIDAD,
1453793,GORRO BUFON ARGENTINA POLAR C/BANDERA X 1U,"12,000.00",0.00,AICHINO HECTOR,UNIDAD,
1453794,GALERA ARGENTINA PLUSH X 1U,"9,900.00",0.00,AICHINO HECTOR,UNIDAD,
1453795,GORRO ARGENTINA VIKINGO X 1U,"9,900.00",0.00,AICHINO HECTOR,UNIDAD,
1453796,GORRA BASEBALL CELESTE/BLANCO X 1U PARTY,"5,000.00",-1.00,AICHINO HECTOR,UNIDAD,
1453797,GORRA ARGENTINA TRUKER C/SOL X 1U,"7,500.00",-3.00,AICHINO HECTOR,UNIDAD,
1453798,VINCHA PAST RESORTE VS MODELOS X 1U,"1,500.00",0.00,COTILLON CASA ALBERTO,UNIDAD,
1453799,GALERA ARGENTINA RAYAS PLUSH X 1U PARTY,"9,900.00",0.00,AICHINO HECTOR,UNIDAD,
145380,CAPA DORADA LARGA C/CAPUCHA,"15,000.00",0.00,,UNIDAD,
1453800,GORRO ARGENTINA DEDOS PLUSH X 1U,"9,900.00",0.00,COTILLON CASA ALBERTO,UNIDAD,
1453801,GORRO ARGENTINA PAÑO VS MODELOS X 1U,"5,500.00",0.00,COTILLON CASA ALBERTO,UNIDAD,
1453802,MARGARINA OFERTA X KG,"10,500.00",0.00,BYC,UNIDAD,
1453803,COCO RALLADO OFERTA X KG,"15,000.00",0.00,NICCO,UNIDAD,
1453804,NUMERO GOMA EVA MEDIANO C/BRILLO C/U,750.00,0.00,,UNIDAD,
1453805,INFLADOR DE GLOBO COMUN PLASTICO,"3,500.00",0.00,,UNIDAD,
1453806,VELA PLATEADA/DORADA 19CM PARTY CANDLES,"4,000.00",-3.00,,UNIDAD,
1453807,VELA METAL X6 BLANCAS Y CELESTE PARTY BIRTHDAY CANDLES,"3,000.00",-1.00,,UNIDAD,
1453808,VELAS PASTEL 6CM X6 PARTY CANDLES,"1,500.00",-15.00,,UNIDAD,
1453809,VELAS ZIG ZAG PASTEL 9CM X 8,"2,500.00",-1.00,,UNIDAD,
145381,CADERIN DE ODALISCA,"15,000.00",0.00,,UNIDAD,
1453810,VELAS ONDAS METALIZADAS X6 CANDELE,"2,500.00",-3.00,,UNIDAD,
1453811,SOMBRERO COWBOY ARGENTINA CELESTE Y BLANCO,"12,000.00",-1.00,,UNIDAD,
1453813,ESPATULA REPOSTERA RECTA 20CM,"4,200.00",0.00,IMPORTADORA LOW COST S. R. L.,UNIDAD,
1453814,RALLADOR METALICO CURVO C/MANGO 24CM,"3,200.00",0.00,IMPORTADORA LOW COST S. R. L.,UNIDAD,
1453815,ESTUCHE C/ANILLOS FLOR X36U,"10,000.00",0.00,IMPORTADORA LOW COST S. R. L.,UNIDAD,
1453817,SET FRASE TE AMO CURSIVA GLOBO PAPEL,"2,800.00",-1.00,IMPORTADORA LOW COST S. R. L.,UNIDAD,
1453818,BANDERA DE ARGENTINA 70X140CM,"6,000.00",-2.00,IMPORTADORA LOW COST S. R. L.,UNIDAD,
1453819,BANDERA DE ARGENTINA 90X145CM,"8,000.00",-2.00,IMPORTADORA LOW COST S. R. L.,UNIDAD,
1453820,BANDERA DE ARGENTINA 60X90 CM C/U,"4,500.00",-9.00,IMPORTADORA LOW COST S. R. L.,UNIDAD,
1453821,AEROSOL REVELADOR DE SEXO,"23,000.00",0.00,,UNIDAD,
1453822,VELA LED ALTA X24 FRIA C/U,"1,000.00",0.00,IMPORTADORA LOW COST S. R. L.,UNIDAD,
1453823,CORONA PLASTICA PLATEADA CON GEMAS X12 C/U,"2,500.00",0.00,IMPORTADORA LOW COST S. R. L.,UNIDAD,
1453824,ASUSTA SUEGRA X10U,"2,000.00",0.00,IMPORTADORA LOW COST S. R. L.,UNIDAD,
1453825,COLLAR DE FLORES MULTICOLOR X12,"12,000.00",0.00,IMPORTADORA LOW COST S. R. L.,UNIDAD,
1453826,ANILLOS LUMINOSOS SILICONA X60 C/U,"1,300.00",0.00,IMPORTADORA LOW COST S. R. L.,UNIDAD,
1453827,ABANICO BORDADO C/LENTEJUELAS C/U,"4,000.00",-10.00,IMPORTADORA LOW COST S. R. L.,UNIDAD,
1453828,PULSERAS PASTEL BLISTER X 20U (SA2208),"9,600.00",-3.00,CHIALVO S R L,UNIDAD,
1453829,AUTITO CARRERAS BLISTER X 20U (SA2193),"16,600.00",-2.00,CHIALVO S R L,UNIDAD,
145383,CORBATINES CORBATAS X1,"1,100.00",0.00,,UNIDAD,
1453830,PATINETAS BLISTER X 24U (SA2171),"13,500.00",0.00,CHIALVO S R L,UNIDAD,
1453831,VINCHA METAL HAPPY BIRTHDAY X 1U,"3,000.00",0.00,CHIALVO S R L,UNIDAD,
1453832,LAPIZ FLEXIBLE X 6U,"4,900.00",0.00,CHIALVO S R L,UNIDAD,
1453833,GORRO ARGENTINA PELOTA PLUSH X 1U,"9,900.00",0.00,CHIALVO S R L,UNIDAD,
1453834,COLLAR HAWAIANO ARGENTINA CON LUZ X 1U,"6,000.00",-3.00,CHIALVO S R L,UNIDAD,
1453835,GALERON ARGENTINA CUADROS PLUSH X 1U,"9,900.00",0.00,CHIALVO S R L,UNIDAD,
1453836,CARAMELO DURO PICO DULCE LERITHIER 450G,"7,000.00",0.00,,UNIDAD,
1453837,LAPICERA DIVERTIDA ANIMALITOS X 1U,"1,000.00",0.00,CHIALVO S R L,UNIDAD,
1453838,LAPICERA FAST FOOD X 1U,"1,000.00",0.00,CHIALVO S R L,UNIDAD,
1453839,BURBUJERO CON HELICE X 1U (SA2244),450.00,0.00,CHIALVO S R L,UNIDAD,
1453840,BURBUJERO CON HELICE X 10U,"3,500.00",0.00,CHIALVO S R L,UNIDAD,
1453841,LAPICERA DIVERTIDA ANIMALITOS X 10U,"9,000.00",0.00,CHIALVO S R L,UNIDAD,
1453842,LAPICERA FAST FOOD X 10U,"9,000.00",0.00,CHIALVO S R L,UNIDAD,
1453843,BANDERIN PLASTICO ARGENTINA ARMADO X 1U (IMAGEN),"3,000.00",-9.00,CHIALVO S R L,UNIDAD,
1453844,RODHESIA CAJA 36U,"29,000.00",0.00,QUIPAR,UNIDAD,
1453845,TITA CAJA 36U,"27,000.00",0.00,QUIPAR,UNIDAD,
1453846,GORRO GRANADERO PARA ARMAR C/U,"1,500.00",0.00,COTILLON CASA ALBERTO,UNIDAD,
1453847,PECHERA GRANADERO C/SABLE C/U,"1,500.00",0.00,COTILLON CASA ALBERTO,UNIDAD,
1453848,ESPADA ZORRO ECONOMICA STASIO C/U,"3,900.00",-1.00,COTILLON CASA ALBERTO,UNIDAD,
145385,ANTIFAZ PLASTICO RIGIDO BLANCO/NEGRO,"1,500.00",0.00,,UNIDAD,
1453850,CORNETIN STASIO ARGENTINA X12,"1,500.00",-6.00,COTILLON CASA ALBERTO,UNIDAD,
1453851,BALANZA DIGITAL 10 KG,"9,000.00",-1.00,COTILLON CASA ALBERTO,UNIDAD,
1453852,GALERA PATRIA ESPECIAL GRANDE C/CINTA X 1U,"2,000.00",-11.00,COTILLON CASA ALBERTO,UNIDAD,
1453853,GALERA PATRIA GRANDE C/FAJA DE ARGENTINA HERRERA X 1U,"2,000.00",-3.00,COTILLON CASA ALBERTO,UNIDAD,
1453855,PAÑUELO NEGRITA CROSTI C/U,"2,500.00",-3.00,COTILLON CASA ALBERTO,UNIDAD,
1453858,YABOT ECONOMICO CROSTI X 1U,"3,500.00",-3.00,COTILLON CASA ALBERTO,UNIDAD,
145386,ANTIFAZ RIGIDO PLASTICO LISO COLOR,"1,800.00",0.00,,UNIDAD,
1453864,ESCARAPELA MOÑO SIMPLE X 24 C/U,300.00,0.00,COTILLON CASA ALBERTO,UNIDAD,
1453865,VELA CANDELABRO ILUMINARTE 20CM X1U,"1,500.00",0.00,COTILLON CASA ALBERTO,UNIDAD,
1453866,VELON ALTO BLANCO X 1U (5.5X3.5),"1,000.00",0.00,COTILLON CASA ALBERTO,UNIDAD,
1453867,CORNETA LARGA ARGENTINA X 6U STASIO (089),"5,900.00",0.00,COTILLON CASA ALBERTO,UNIDAD,
1453868,CORNETA 2 PIEZAS ARGENTINA X 1U STASIO( 882),"2,000.00",0.00,COTILLON CASA ALBERTO,UNIDAD,
1453869,COLLAR HAWAIANO TELA ARGENTINA X 1U,"2,000.00",-4.00,COTILLON CASA ALBERTO,UNIDAD,
145387,ANTIFAZ VENECIANO C/PUNTILLA Y GEMA BCO/NEGRO,"2,500.00",0.00,,UNIDAD,
1453870,VINCHA HAWAIANA ARGENTINA X 1U,"2,500.00",-3.00,COTILLON CASA ALBERTO,UNIDAD,
1453871,VASITO VASO POSTRE 100CC BOYANO CAJA 216U,"62,300.00",0.00,COTILLON CASA ALBERTO,UNIDAD,
1453872,VASITO VASO POSTRE 100CC BOYANO X 100U,"33,000.00",0.00,COTILLON CASA ALBERTO,UNIDAD,
1453873,VINCHA ARGENTINA C/FLORES Y CINTA X 1U,"3,500.00",-1.00,COTILLON CASA ALBERTO,UNIDAD,
1453874,VINCHA ARGENTINA CON RESORTE X 1U,"4,300.00",0.00,COTILLON CASA ALBERTO,UNIDAD,
1453875,AMIGURUMI MINI,"15,000.00",0.00,,UNIDAD,
1453876,AMIGURUMI CHICO,"20,000.00",0.00,,UNIDAD,
1453877,AMIGURUMI MEDIANO,"25,000.00",-1.00,,UNIDAD,
1453878,AMIGURUMI GRANDE,"35,000.00",0.00,,UNIDAD,
1453879,TIARA METAL C/STRASS X 1U AO143,"6,000.00",0.00,COTILLON CASA ALBERTO,UNIDAD,
145388,ANTIFAZ LUREX,"2,500.00",0.00,,UNIDAD,
1453880,TIARA METAL C/STRASS ROSA GOLD X 1U AO142,"6,000.00",0.00,COTILLON CASA ALBERTO,UNIDAD,
1453881,VASO PLAST NEON 360CC X 50U,"7,500.00",0.00,COTILLON CASA ALBERTO,UNIDAD,
1453882,VASO AMERICANO 590CC X 10,"3,000.00",-1.00,COTILLON CASA ALBERTO,UNIDAD,
1453883,VASO COPA ARGENTINA X 1U,"2,500.00",-2.00,COTILLON CASA ALBERTO,UNIDAD,
1453884,VINCHA SEDA ARGENTINA FLOWER TIME X 1U,"4,000.00",-5.00,COTILLON CASA ALBERTO,UNIDAD,
1453885,CORTANTE METAL REDONDO LISO N°5 X 1U,"1,700.00",0.00,COTILLON CASA ALBERTO,UNIDAD,
1453886,GLOBOS LISOS GLOBOLANDIA 25U,"2,700.00",-1.00,,UNIDAD,
1453887,COPA DEL MUNDO PLASTICA 26CM,"2,900.00",-5.00,COTILLON CASA ALBERTO,UNIDAD,
1453888,MATRACA STASIO X12 CEL Y BLAN,"4,500.00",-1.00,COTILLON CASA ALBERTO,UNIDAD,
1453889,GALERA PLUSH ARGENTINA X1 20CM,"7,500.00",-1.00,COTILLON CASA ALBERTO,UNIDAD,
145389,ANTIFAZ SATINADO,"2,500.00",0.00,,UNIDAD,
1453890,GORRO ARQUELIN 2 PUNTAS ARGENTINA X1,"3,000.00",-2.00,COTILLON CASA ALBERTO,UNIDAD,
1453891,GALERA ARGENTINA JERSEY C/U,"3,600.00",-3.00,COTILLON CASA ALBERTO,UNIDAD,
1453892,ABANICOS BANDERA ARGENTINA C/U,"4,000.00",-4.00,COTILLON CASA ALBERTO,UNIDAD,
1453893,GALERA ARGENTINA 25CM JERSEY ROX X1,"6,000.00",0.00,COTILLON CASA ALBERTO,UNIDAD,
1453894,GALERA METALIZADA ARGENTINA C/U,"12,000.00",-1.00,COTILLON CASA ALBERTO,UNIDAD,
1453895,GORRO BICORNIO BELGRANO TELA ROX,"5,500.00",-2.00,COTILLON CASA ALBERTO,UNIDAD,
1453896,GALERA VERTICAL ARGENTINA GER 10 C/U,"5,500.00",-1.00,COTILLON CASA ALBERTO,UNIDAD,
1453897,GORRO ARQUELIN 3 PUNTAS ARGENTINA,"5,500.00",0.00,COTILLON CASA ALBERTO,UNIDAD,
1453898,PONCHO FISELINA BEIGE CON GUARDA X1,"5,500.00",-1.00,COTILLON CASA ALBERTO,UNIDAD,
1453899,GORRO COYA PAÑO CROSTI X1,"5,500.00",0.00,COTILLON CASA ALBERTO,UNIDAD,
145390,ANTIFAZ COLORES LISOS,"1,500.00",0.00,,UNIDAD,
1453900,PULSERA CABLE ARGENTINA X10,"3,600.00",-1.00,COTILLON CASA ALBERTO,UNIDAD,
1453901,PASTA PARA CUBRIR TORTA 1 A 1 500 GR BLANCA,"3,500.00",-3.00,,UNIDAD,
1453902,CALIZ CHICO DORADO $300C/U X24,"4,000.00",0.00,COTILLON CASA ALBERTO,UNIDAD,
1453903,CALIZ MINI C/U $300 X36,"4,000.00",0.00,COTILLON CASA ALBERTO,UNIDAD,
1453904,COPITA COMUNION DORADA C/U $400 X36,"4,900.00",0.00,COTILLON CASA ALBERTO,UNIDAD,
1453905,CRUZ PLASTICA DORADA C/U $100 X100,"3,600.00",0.00,COTILLON CASA ALBERTO,UNIDAD,
1453907,SORBETE FLEXIBLE X 40U VS COLORES,"2,600.00",-4.00,COTILLON CASA ALBERTO,UNIDAD,
1453909,PRECINTOS PLAST 9CM X 1000 U APROX,"4,000.00",0.00,VASA,UNIDAD,
145391,ANTIFAZ VENECIANO AFELPADO ANIMAL PRINT,"1,950.00",0.00,,UNIDAD,
1453910,BOLSA ROLLO 15X25 MAS Y MAS X 1U,"8,500.00",0.00,VASA,UNIDAD,
1453911,PAPEL FOLEX 20X25 POLIMUNDI KG,"11,500.00",0.00,VASA,UNIDAD,
1453912,PAPEL FOLEX 20X25 POLIMUNDI 1/2 KG,"6,500.00",0.00,VASA,UNIDAD,
1453913,CUCHARAS SUNDAE BLANCA CAJA X 1000U COLONO,"19,000.00",0.00,VASA,UNIDAD,"50
"
1453914,CUCHARA SOPERA CAJA X 1000U COLONO,"41,900.00",-0.03,VASA,UNIDAD,
1453915,BOLSA PAPEL KRAFT N° 4 X 100U,"2,900.00",-0.10,VASA,UNIDAD,
1453916,BANDEJA CARTON GRIS N° 2 X 100 RECTANGULAR,"21,500.00",-0.50,VASA,UNIDAD,
1453917,BANDEJA CARTON GRIS N° 3 X 100U RECTANGULAR,"3,100.00",-0.30,VASA,UNIDAD,
1453918,BANDEJA PLASTICA 24 REDONDA X 1U,"1,000.00",-1.00,VASA,UNIDAD,
1453919,CHUPETIN BABY DOLL X4 24GR,700.00,-1.00,CHIALVO S R L,UNIDAD,
145392,ANTIFAZ VENECIANO C/BRILLO,"2,000.00",0.00,,UNIDAD,
1453920,MARACAS CELESTE Y BLANCAS X 1,550.00,0.00,COTILLON CASA ALBERTO,UNIDAD,
1453921,MARACAS CELESTE Y BLANCAS X 10U,"4,800.00",0.00,COTILLON CASA ALBERTO,UNIDAD,
1453922,GALERA PLAST PATRIA CHICA C/CINTA X 1U,"2,000.00",-6.00,COTILLON CASA ALBERTO,UNIDAD,
1453923,PRECINTO PLAST 9 CM BOLSA X 20 GS APROX,"1,500.00",-1.00,VASA,UNIDAD,
1453924,PECHERA Y SABLE CARTON REALISTA X 1U G.M,"1,500.00",0.00,COTILLON CASA ALBERTO,UNIDAD,
1453925,GOMA EVA CON GLITTER X 1U,"1,500.00",0.00,COMERCIAL SUMA SRL,UNIDAD,
1453926,CUADERNO PROCER A4 RAYADO C/ESPIRAL 80H,"2,900.00",-1.00,COMERCIAL SUMA SRL,UNIDAD,
1453928,CAMISA PARA ATAR NEGRITO GDE X 1U SV35,"12,000.00",0.00,AICHINO HECTOR,UNIDAD,
1453929,ABANICO PLASTICO C/BORDADO X 1U,"4,000.00",-5.00,,UNIDAD,
1453930,POLLERA NEGRITA T.4 / T.6,"12,000.00",-1.00,PICULLI,UNIDAD,
1453931,POLLERA NEGRITA T.8 / T.10 X 1U,"14,000.00",0.00,PICULLI,UNIDAD,
1453932,FAJA CABALLERO TAFETA X 1 U,"3,000.00",0.00,COTILLON CASA ALBERTO,UNIDAD,
1453933,MOÑO CABALLERO PAÑO X 1U,"1,000.00",-3.00,PICULLI,UNIDAD,
1453934,CAMISA CABALLERO/GAUCHO T.4 / T.6 X 1U,"6,900.00",-1.00,PICULLI,UNIDAD,
1453935,CAMISA CABALLERO/GAUCHO T.8 / T.10 X 1U,"7,300.00",-4.00,PICULLI,UNIDAD,
1453936,BLUSA PAISANA/NEGRITA BLANCA T.4 / T.6 X 1U,"6,900.00",0.00,PICULLI,UNIDAD,
1453937,BLUSA PAISANA/NEGRITA BLANCA T.8 / T.10 X 1U,"7,300.00",-2.00,PICULLI,UNIDAD,
1453938,PEINETON GRANDE STASIO X 1U,"2,000.00",-4.00,COTILLON CASA ALBERTO,UNIDAD,
1453939,PEINETON PATRIO NEGRO X 1U HERRERA,"2,000.00",-10.00,COTILLON CASA ALBERTO,UNIDAD,
145394,ANTIFAZ VENECIANO C/TURBANTE,"4,500.00",0.00,,UNIDAD,
1453940,PEINETON PATRIO FLEX X 1U PATRIMAR,"1,000.00",-1.00,COTILLON CASA ALBERTO,UNIDAD,
1453941,BOMBACHA GAUCHO TAFETA T.4 / T.6 X 1U PUCULLI,"7,900.00",-2.00,PICULLI,UNIDAD,
1453942,BOMBACHA GAUCHO TAFETA T.8 / T.10 X 1U PUCULLI,"8,500.00",-6.00,PICULLI,UNIDAD,
1453943,YABOT CON FAJA CABALLERO TAFETA X 1U CROSTI,"4,500.00",-1.00,COTILLON CASA ALBERTO,UNIDAD,
1453944,PECHERA PAÑO PICCULI X 1U,"5,500.00",-9.00,PICULLI,UNIDAD,
1453945,PECHERA CABALLERO CARTON X 1U,"1,500.00",0.00,,UNIDAD,
1453946,SET PICCULI DISFRAZ CON ACCESORIO X 1U,"8,500.00",0.00,,UNIDAD,
1453948,DISFRAZ CABALLERO CANDELA T.4X 1U,"29,000.00",-3.00,COTILLON CASA ALBERTO,UNIDAD,
145395,MOÑO NEGRO,"3,500.00",0.00,,UNIDAD,
1453951,PONCHO Y GORRO COYA X 1U NEW TOYS,"22,000.00",-1.00,COTILLON CASA ALBERTO,UNIDAD,
1453953,ABANICO PLASTICO COLOR PARTY X 1U,"4,000.00",-6.00,,UNIDAD,
1453955,BIZCOCHUELO EXQUISITA 540GS - CHOCOLATE,"4,500.00",-1.00,,UNIDAD,
1453956,BROWNIE EXQUISITA 425GS CHOCOLATE,"5,500.00",-1.00,,UNIDAD,
1453957,CUBANITO CUBACOA C/DULCE DE LECHE X30U,"3,500.00",-11.00,CHIALVO S R L,UNIDAD,
1453958,ALFAJOR TERRABUSI - X UNIDAD - CHOCOLATE,"1,100.00",0.00,,UNIDAD,
1453959,POTE LISBOA GRANDE X 1 PLASTIVAS,800.00,0.00,VASA,UNIDAD,
145396,ANTIFAZ VENECIANO RIGIDO C/BRILLO,"1,500.00",0.00,,UNIDAD,
1453960,POTE LISBOA X 1OU,"7,000.00",0.00,VASA,UNIDAD,
1453961,TORTERA T28A PROLIX X 1U,"2,900.00",0.00,VASA,UNIDAD,
1453962,BOLSA PAPEL KRAFT N°3 X 100U,"2,400.00",0.00,VASA,UNIDAD,
1453963,MOLDE BUDIN PAPEL 500GS CON FLEJE X 1U,400.00,0.00,VASA,UNIDAD,
1453964,MOLDE BUDIN PAPEL 500GS CON FLEJE X 10U,"3,000.00",0.00,VASA,UNIDAD,
1453965,CAJA EMPANADAS REFORZADAS X 10U,"1,600.00",0.00,VASA,UNIDAD,
1453966,BOLSAS PPP 15 X 25 X 100U,"3,200.00",0.00,VASA,UNIDAD,
1453967,BOLSAS PPP 15 X 25 X 50U,"2,000.00",0.00,VASA,UNIDAD,
1453968,BOLSAS PPP 15 X 25 X 20U,"1,200.00",0.00,VASA,UNIDAD,
1453969,PLANCHA ACETATO CBX 45X63 X 1U,"4,000.00",0.00,COTILLON CASA ALBERTO,UNIDAD,
145397,ANTIFAZ VENECIANO C/LENTEJUELA Y FLOR,"4,500.00",0.00,,UNIDAD,
1453970,ANTIFAZ MARIPOSA HOLOGRAF. X 12 U,"3,500.00",0.00,,UNIDAD,
1453971,SET SOLDADO GUERRA C/ACCESORIOS PICULLI,"9,500.00",0.00,,UNIDAD,
1453972,GORRO COYA PAÑO PICULI,"3,500.00",0.00,PICCULI,UNIDAD,
1453973,MANTILLA D.A DE ENCAJE PICCULI GRANDE,"2,900.00",0.00,PICCULI,UNIDAD,
1453974,"DISFRAZ DAMA ANTIGUA T4 PICCULI C/MIRIÑAQUE, MANTILLA Y PEINETA","30,000.00",-2.00,PICCULI,UNIDAD,
1453975,DISFRAZ PAISANA T4/6 PICCULI,"19,900.00",-3.00,PICCULI,UNIDAD,
1453976,PAÑUELO PIRATA PICCULI,"3,500.00",0.00,PICCULI,UNIDAD,
1453977,PANTALON CABALLERO T8/10 PICCULI,"8,000.00",-1.00,PICCULI,UNIDAD,
1453978,CHALECO GAUCHO T4/6 PICCULI,"4,500.00",-2.00,PICCULI,UNIDAD,
1453979,CHALECO GAUCHO T8/10 PICCULI,"5,500.00",-9.00,PICCULI,UNIDAD,
145398,CORBATA BLANCA,"3,500.00",0.00,,UNIDAD,
1453980,POLLERA PAISANA T4/6 PICCULI,"12,000.00",-5.00,PICCULI,UNIDAD,
1453981,POLLERA PAISANA T8/10 PICCULI,"14,000.00",-4.00,PICCULI,UNIDAD,
1453982,DISFRAZ PAISANA T8/10 PICCULI,"22,000.00",-5.00,PICCULI,UNIDAD,
1453983,DISFRAZ NEGRITA T4/6 PICCULI,"19,900.00",-1.00,PICCULI,UNIDAD,
1453984,DISFRAZ NEGRITA T8/10 PICCULI,"22,000.00",-3.00,PICCULI,UNIDAD,
1453985,DISFRAZ NEGRITO T 4/6,"16,000.00",0.00,PICCULI,UNIDAD,
1453986,DISFRAZ NEGRITO T 8/10,"18,000.00",0.00,PICCULI,UNIDAD,
1453987,DISFRAZ VENDEDOR C/PONCHO PICCULI,"18,000.00",-2.00,PICCULI,UNIDAD,
1453988,GORRO GRANADERO TELA PICCULI,"4,500.00",-2.00,PICCULI,UNIDAD,
1453989,CAMISA NEGRITO PICCULI T 8/10,"10,000.00",-3.00,PICCULI,UNIDAD,
145399,ANTIFAZ VENECIANO C/PIEDRA,"4,800.00",0.00,,UNIDAD,
1453990,DISFRAZ DAMA ANTIGUA PICCULI C/MIRIÑAQUE PEINETA Y MANTILLA T/10,"30,000.00",-4.00,PICCULI,UNIDAD,
1453991,ESENCIA VAINILLA 30CC FLEIBOR X 1U,"2,000.00",-3.00,COTILLON CASA ALBERTO,UNIDAD,
1453992,ESENCIA VAINILLA 250CC FLEIBOR X 1U,"4,000.00",-2.00,COTILLON CASA ALBERTO,UNIDAD,
1453993,ESENCIA VAINILLA 110CC FLEIBOR X 1U,"2,500.00",-12.00,COTILLON CASA ALBERTO,UNIDAD,
1453994,ESENCIA VAINILLA 100CC 1 A 1 X 1U,"2,500.00",-2.00,"1A1, CARLOS",UNIDAD,
1453995,CARETA PLASTICA STICH X 1U,"2,000.00",0.00,COTILLON CASA ALBERTO,UNIDAD,
1453996,CORTANTE METAL REDONDO LISO N° 2 X 1U,"1,300.00",0.00,COTILLON CASA ALBERTO,UNIDAD,
1453997,CORTANTE METAL REDONDO LISO N° 3 X 1U,"1,400.00",0.00,COTILLON CASA ALBERTO,UNIDAD,
1453998,CORTANTE METAL REDONDO LISO N° 4 X 1U,"1,600.00",0.00,COTILLON CASA ALBERTO,UNIDAD,
1453999,CORTANTE METAL REDONDO LISO N° 6 X 1U,"1,800.00",0.00,COTILLON CASA ALBERTO,UNIDAD,
1454,VINCHAS PLASTICAS LISAS X 1,350.00,0.00,COTILLON CASA ALBERTO,UNIDAD,
145400,ANTIFAZ VENECIANO RIO C/PLUMA,"3,500.00",0.00,,UNIDAD,
1454000,CORTANTE REDONDO LISO N° 7 X 1U,"2,000.00",0.00,COTILLON CASA ALBERTO,UNIDAD,
1454001,CORTANTE METAL REDONDO LISO N° 8 X 1U,"2,100.00",0.00,COTILLON CASA ALBERTO,UNIDAD,
1454002,CORTANTE METAL REDONDO LISO N° 9 X 1U,"2,300.00",0.00,COTILLON CASA ALBERTO,UNIDAD,
1454003,BANDERIN BIENVENIDA CON STAMPING X 1U G.M,"3,000.00",0.00,COTILLON CASA ALBERTO,UNIDAD,
1454004,BANDERIN BIENVENIDO C/STAMPING X 1U G.M,"3,000.00",-1.00,COTILLON CASA ALBERTO,UNIDAD,
1454005,CORTINA REVELACION CUADRADOS X 1U,"4,000.00",0.00,COTILLON CASA ALBERTO,UNIDAD,
1454006,BANDERIN MI COMUNION C/STAMPING X 1U G.M,"3,400.00",0.00,COTILLON CASA ALBERTO,UNIDAD,
1454007,SET GLOBOS PAPEL TE AMO X 1U,"4,000.00",0.00,COTILLON CASA ALBERTO,UNIDAD,
1454008,ANTEOJO ACRILICO RECTANGULAR X 1U,"3,500.00",-3.00,COTILLON CASA ALBERTO,UNIDAD,
1454009,MINI CHUPETES CRISTAL ROSA X 36U,"3,500.00",0.00,COTILLON CASA ALBERTO,UNIDAD,
145401,ANTIFAZ VENECIANO C/LENTEJUELAS Y PLUMA,"4,900.00",0.00,,UNIDAD,
1454010,MINI CHUPETES CRISTAL CELESTE X 36U,"3,500.00",0.00,COTILLON CASA ALBERTO,UNIDAD,
1454011,FAJA GAUCHO TELA GUARDA PAMPA X 1,"7,900.00",-8.00,,UNIDAD,
1454012,CAJA CUBO C/VISOR X1,"2,600.00",-2.00,,UNIDAD,
1454013,"CREMA CHANTILLY BIDON 4,700 KG LEDEVIT X 1U","48,000.00",0.00,LA CASA DE DON LUCAS,UNIDAD,
1454014,CREMA SUAVE LEDEVIT SACHET X 5 LT X 1U,"49,500.00",0.00,LA CASA DE DON LUCAS,UNIDAD,
1454017,AZUCAR IMPALPABLE LODISER BOLSA X 5 KG KEUKEN,"9,800.00",0.00,LA CASA DE DON LUCAS,UNIDAD,
1454018,CAJA BANDEJA DESAYUNO CUADRADA BCA (25X25X6) X 1U,650.00,0.00,TEIXHLER CAJAS,UNIDAD,
1454019,CAJA BANDEJA DESAYUNO CUADRADA MARRON (32X32X6) X 1U,850.00,0.00,TEIXHLER CAJAS,UNIDAD,
145402,ANTIFAZ FLUOR C/FLECOS SURTIDO X10,"2,500.00",0.00,,UNIDAD,
1454020,CAJA BANDEJA DESAYUNO MICRO BASE (31X31X3) X 1U,700.00,0.00,TEIXHLER CAJAS,UNIDAD,
1454021,CAJA BANDEJA DESAYUNO RECTANG. MARRON (40X30X8) X 1U,700.00,0.00,TEIXHLER CAJAS,UNIDAD,
1454022,CAJITA FELIZ BLANCA X 5U COMBO,"3,600.00",0.00,TEIXHLER CAJAS,UNIDAD,
1454023,CAJITA FELIZ COLOR X 5U COMBO,"3,800.00",0.00,SANTA CAJA,UNIDAD,
1454024,CAJITA FELIZ IMPRESA X 5U COMBO,"4,000.00",0.00,SANTA CAJA,UNIDAD,
1454025,CAJA COOKIES CON VISOR ( 10X10X5) X 1U,700.00,0.00,TEIXHLER CAJAS,UNIDAD,
1454026,CAJITA FELIZ BLANCA X 5U COMBO,"3,600.00",0.00,,UNIDAD,
145403,VINCHA C/VELO Y 5 FLORES NEGRA,"4,900.00",0.00,,UNIDAD,
1454030,MOLDE CHAPA PASTA FROLA FIJO N°3 20CM X 1U,"5,800.00",0.00,ESTABLECIMIENTOS METALURGICOS GRACIELA SRL,UNIDAD,
1454031,MOLDE CHAPA PASTA FROLA FIJO N°4 22CM X 1U,"6,000.00",0.00,ESTABLECIMIENTOS METALURGICOS GRACIELA SRL,UNIDAD,
1454032,MOLDE CHAPA TARTA FIJA 24CM X 1U,"5,000.00",-1.00,ESTABLECIMIENTOS METALURGICOS GRACIELA SRL,UNIDAD,
1454033,MOLDE CHAPA TARTA FIJA 26CM X 1U,"5,300.00",0.00,ESTABLECIMIENTOS METALURGICOS GRACIELA SRL,UNIDAD,
1454034,MOLDE CHAPA PASTA FROLA FIJO 30 CM X 1U,"5,600.00",0.00,ESTABLECIMIENTOS METALURGICOS GRACIELA SRL,UNIDAD,
1454035,PIÑATA METALIZADA C/IMAGEN X 1U CAROL,"8,500.00",-1.00,,UNIDAD,
1454036.,PIÑATA METALIZADA C/VOLADOS X 1U JANE,"7,900.00",0.00,JANETH,UNIDAD,
1454037,CUCHARA SUNDAE COLOR CAJA X 1000 U,"23,000.00",-0.10,VASA,UNIDAD,
1454038,VASO NATURAL 1000CC X 100U,"25,800.00",0.00,VASA,UNIDAD,
145404,BOA PLUMAS MALABU,"10,500.00",0.00,,UNIDAD,
1454040,BANANITAS KRUNCH X500,"3,700.00",-10.00,CHIALVO S R L,UNIDAD,
1454041,MOLDE PAPEL BIZCOCHUELO 22CM X 10U,"4,500.00",0.00,VASA,UNIDAD,
1454042,CORTINAS FLUOR,"3,500.00",-1.00,,UNIDAD,
1454044,BOLSA CAMISETA 40X50 EMOJI X 100U APROX,"5,000.00",-1.00,VASA,UNIDAD,
1454045,"GLOBOS LISOS 10"" GLOBOLANDIA X COLOR X 25U","2,700.00",-25.00,GLOBOLANDIA,UNIDAD,
1454047,GALLETA LINCOLN TERRABUSI 153GS X 1U,"2,000.00",-4.00,QUIPAR,UNIDAD,
1454048,FILM STRECH 10CM CRISTAL X 500G X 1U,"4,900.00",0.00,VASA,UNIDAD,
1454049,BANDEJA EXPANDIDO BCA 28CM X 1U,400.00,0.00,VASA,UNIDAD,
145405,CORBATA METALIZADA FELIZ CUMPLE C/U,"1,000.00",0.00,,UNIDAD,
1454050,BANDEJA EXPANDIDO BCA 28CM X 5U,"1,700.00",0.00,VASA,UNIDAD,
1454051,BOLSA PAPEL KRAFT N 2L X 100U,"1,800.00",0.00,VASA,UNIDAD,
1454052,BOLSA ROLLO 15X25 POLYFILM X 1U,"4,600.00",0.00,VASA,UNIDAD,
1454053,BOLSAS PPP 4 X 20 X 100U,"1,500.00",0.00,VASA,UNIDAD,
1454054,BOLSAS PPP 4 X 20 X 50U,900.00,0.00,VASA,UNIDAD,
1454056,BOLSAS PPP 6 X 20 X 100U,"1,900.00",0.00,VASA,UNIDAD,
1454057,BOLSAS PPP 6 X 20 X 50U,"1,100.00",0.00,VASA,UNIDAD,
1454058,BOLSAS PPP 6 X 20 X 20U,600.00,0.00,VASA,UNIDAD,
1454059,BOLSAS PPP 7 X 20 X 100U,"1,600.00",0.00,VASA,UNIDAD,
145406,ANTIFAZ DE ENCAJE MARIPOSA NEGRO,"3,000.00",0.00,,UNIDAD,
1454060,BOLSAS PPP 7 X 20 X 50U,"1,000.00",0.00,VASA,UNIDAD,
1454061,BOLSAS PPP 7 X 20 X 20U,550.00,0.00,VASA,UNIDAD,
1454062,BOLSAS PPP 8 X 20 X 100U,"2,000.00",0.00,VASA,UNIDAD,
1454063,BOLSAS PPP 8 X 20 X 50U,"1,200.00",0.00,VASA,UNIDAD,
1454064,BOLSAS PPP 8 X 20 X 20U,650.00,0.00,VASA,UNIDAD,
1454065,BOLSAS PPP 8 X 25 X 100U,"2,300.00",0.00,VASA,UNIDAD,
1454066,BOLSAS PPP 8 X 25 X 50U,"1,400.00",0.00,VASA,UNIDAD,
1454067,BOLSAS PPP 8 X 25 X 20U,800.00,0.00,VASA,UNIDAD,
1454068,BOLSAS PPP 12 X 15 X 100U,"2,200.00",0.00,VASA,UNIDAD,
1454069,BOLSAS PPP 12 X 15 X 50U,"1,300.00",0.00,VASA,UNIDAD,
1454070,BOLSAS PPP 12 X 15 X 20U,700.00,0.00,VASA,UNIDAD,
1454071,BOLSAS PPP 12 X 20 X 100U,"2,500.00",0.00,VASA,UNIDAD,
1454072,BOLSAS PPP 12 X 20 X 50U,"1,500.00",0.00,VASA,UNIDAD,
1454073,BOLSAS PPP 12 X 20 X 20U,800.00,0.00,VASA,UNIDAD,
1454074,BOLSAS PPP 15 X 30 X 100U,"4,000.00",0.00,VASA,UNIDAD,
1454075,BOLSAS PPP 15 X 30 X 50U,"2,400.00",0.00,VASA,UNIDAD,
1454076,BOLSAS PPP 15 X 30 X 20U,"1,400.00",0.00,VASA,UNIDAD,
1454077,BOLSAS PPP 17 X 25 X 100U,"4,000.00",0.00,VASA,UNIDAD,
1454078,BOLSAS PPP 17 X 25 X 50U,"2,400.00",0.00,VASA,UNIDAD,
1454079,BOLSAS PPP 17 X 25 X 20U,"1,400.00",0.00,VASA,UNIDAD,
145408,ANTIFAZ CARTON C/BRILLO X1,500.00,0.00,,UNIDAD,
1454080,BOLSAS PPP 20 X 25 X 100U,"4,800.00",0.00,VASA,UNIDAD,
1454081,BOLSAS PPP 20 X 25 X 50U,"2,900.00",0.00,VASA,UNIDAD,
1454082,BOLSAS PPP 20 X 25 X 20U,"1,600.00",0.00,VASA,UNIDAD,
1454083,BOLSAS PPP 22 X 30 X 100U,"5,400.00",0.00,VASA,UNIDAD,
1454084,BOLSAS PPP 22 X 30 X 50U,"3,200.00",0.00,VASA,UNIDAD,
1454085,BOLSAS PPP 22 X 30 X 20U,"1,800.00",0.00,VASA,UNIDAD,
1454086,BOLSAS PPP 30 X 40 X 100U,"8,500.00",0.00,VASA,UNIDAD,
1454087,BOLSAS PPP 30 X 40 X 50U,"5,000.00",0.00,VASA,UNIDAD,
1454088,BOLSAS PPP 30 X 40 X 10U,"1,200.00",0.00,VASA,UNIDAD,
1454089,BOLSAS PPP 45 X 60 X 100U,"21,900.00",0.00,VASA,UNIDAD,
145409,ANTIFAZ LENTEJUELAS,800.00,0.00,,UNIDAD,
1454090,BOLSAS PPP 45 X 60 X 1,300.00,0.00,VASA,UNIDAD,
1454091,VELA NUMERO GOMA EVA X 1 (CLAU),700.00,-1.00,CREACIONES CLAUDIO,UNIDAD,
1454092,VELA NUMERO MEDIANO C/BRILLO X 1U,750.00,0.00,LAURA LUZ ANGELICAL VELAS,UNIDAD,
1454093,VELA NUMERO GRANDE C/BRILLO X 1U,850.00,0.00,RICKY,UNIDAD,
1454094,VELA NUMERO COMBINADO C/BRILLO X 1U,950.00,0.00,RICKY,UNIDAD,
1454095,VELA NUMERO PLAST C/LUZ X 1U,"3,000.00",0.00,LUCA PLASTIC,UNIDAD,
1454096,VELA NUMERO MED FUTBOL X 1U,450.00,0.00,RICKY,UNIDAD,
1454097,VELA NUMERO MED COLOR-MULT X 1U,450.00,0.00,RICKY,UNIDAD,
145410,TOPPER C/CARTEL PARA FIESTAS,"2,400.00",-1.00,,UNIDAD,
1454100,ADORNO TORTA TELGOP BASE CAROL X 1,"4,200.00",0.00,ADORNITOS CAROL,UNIDAD,
145412,VINCHA CANIVAL HUESO,"1,500.00",0.00,,UNIDAD,
145414,ANTIFAZ VENECIANO PLASTICO C/GIBRE,"1,500.00",0.00,,UNIDAD,
145415,ANTIFAZ VENECIANO PLASTICO C/BRILLO,"1,500.00",0.00,,UNIDAD,
145420,TIARA METAL C/STRASS X 1U (568),"8,500.00",0.00,,UNIDAD,
145421,PEINETA C/STRASS,"3,900.00",0.00,,UNIDAD,
145422,APLIQUE DE STRASS PARA EL PELO,"5,900.00",0.00,,UNIDAD,
145426,POLVO DE HADAS,"4,500.00",0.00,,UNIDAD,
145432,PESTAÑAS POSTIZAS,"1,000.00",0.00,,UNIDAD,
145433,GEL CON GLITTER P/CUERPO 65G,"3,900.00",0.00,,UNIDAD,
145436,VINCHA FLECHA,"1,800.00",0.00,,UNIDAD,
145437,VINCHA LLAVE INGLESA,"1,800.00",0.00,,UNIDAD,
145440,LUCES LED NAVIDEÑAS 100 BLANCAS,"5,500.00",0.00,,UNIDAD,
145441,SET TIARA Y BRAZALETE MUJER MARAVILLA,"5,800.00",0.00,,UNIDAD,
145445,VARA VARITA MAGICAS DE MAGO C/U,"1,500.00",0.00,,UNIDAD,
145446,BANDA DE LUZ NAVIDEÑA,"7,500.00",0.00,,UNIDAD,
145447,INSECTOS SALTARINES,"4,500.00",0.00,,UNIDAD,
145448,VINCHA 3 ROSAS DE GOMA EVA,"5,900.00",0.00,,UNIDAD,
145449,VINCHA SEDA 3 ROSAS,"3,900.00",0.00,AICHINO HECTOR,UNIDAD,
145451,VINCHAS 3 FLORES DALIA,"5,200.00",0.00,,UNIDAD,
145452,VINCHA DIABLA TRIDENTE PLASTICA,"1,500.00",0.00,,UNIDAD,
145453,VINCHA FLORES C/CALAVERA,"4,000.00",0.00,,UNIDAD,
145454,VINCHA MALEFICA PLASTICA,"1,500.00",0.00,,UNIDAD,
145455,VINCHA VAMPIRINA NEGRA PLASTICA,"1,500.00",0.00,,UNIDAD,
145456,VINCHAS DIABLA PLASTICA,"1,500.00",0.00,,UNIDAD,
145457,VINCHA VAMPIRINA C/MOÑO PLASTICA,"2,000.00",0.00,,UNIDAD,
145458,VINCHA FLORES C/PERLA,"3,000.00",0.00,,UNIDAD,
145459,VINCHA RIGIDA HAWAIANA FLUOR,"1,800.00",0.00,,UNIDAD,
145460,VINCHA FLORES ROCOCO GOMA EVA,"2,500.00",0.00,,UNIDAD,
145461,VINCHAS MANITOS-PATITAS-SMILE FLUOR,"1,500.00",-1.00,,UNIDAD,
145463,VINCHA PORRAS FLECOS X 1,"1,500.00",0.00,CAMOGA,UNIDAD,
145464,VINCHAS FRASES FLUOR,"1,500.00",0.00,,UNIDAD,
145465,VINCHAS BIRRA FLUOR PLASTICA,"1,500.00",0.00,,UNIDAD,
145466,VINCHAS MARIPOSA,"1,500.00",0.00,,UNIDAD,
145467,VINCHAS HAWAIANA MULTICOLOR X1,"1,500.00",0.00,,UNIDAD,
145468,VINCHAS HAWAIANA MULTICOLOR X10,"10,500.00",0.00,,UNIDAD,
145469,VINCHAS MARGARITA X1,"1,900.00",0.00,,UNIDAD,
145470,VINCHAS MARGARITAS X10,"15,000.00",0.00,,UNIDAD,
145471,VINCHA DE SEDA FLORES,"3,500.00",0.00,,UNIDAD,
145473,COLLAR HAWAIANO FLUO BOLSA X25U IMAGEN,"10,900.00",-0.08,,UNIDAD,
145474,PAPEL - PLASTICO PICADO,"1,000.00",0.00,,UNIDAD,
145475,BOMBIN CRISTAL FANTASIA FLUO C/U,"1,500.00",0.00,,UNIDAD,
145477,BOMBIN FLUO X6,"6,900.00",0.00,,UNIDAD,
145478,SOMBRERO RANCHO FLUOR X24,"19,500.00",0.00,,UNIDAD,
145479,GALERA FLUO C/FAJA C/U,"2,300.00",0.00,,UNIDAD,
145480,BOMBIN FLUO LISO X12,"10,500.00",0.00,,UNIDAD,
145481,SOMBRERO FUNYI PLASTICO FLUO VS COLORES X 1U,"1,600.00",-1.00,IMPORTADORA LOW COST S. R. L.,UNIDAD,
145482,SOMBRERO FUNYI FLUO C/FAJA X1,"1,800.00",0.00,IMPORTADORA LOW COST S. R. L.,UNIDAD,
145483,BOMBIN HOLOGRAFICO C/FLECOS X1,"1,200.00",0.00,,UNIDAD,
145484,GALERA BAJA HOLOGRAFICA X1,990.00,0.00,,UNIDAD,
145485,SOMBRERO COWBOY PLASTICO ANIMAL PRINT X1,"2,600.00",0.00,,UNIDAD,
145486,SOMBRERO VAQUERO C/CORDON NEGRO-MARRON,"2,800.00",0.00,,UNIDAD,
145487,GALERA BAJA C/BRILLO X1,"1,300.00",0.00,,UNIDAD,
145488,BOMBIN C/BRILLO X1,"1,300.00",0.00,,UNIDAD,
145489,SOMBRERO PLASTICO COYA C/CORDON X1,"2,500.00",0.00,,UNIDAD,
145490,SOMBRERO VAQUERO C/BRILLO Y TIRA,"2,300.00",0.00,,UNIDAD,
145491,GALERA ALTA C/BRILLO X1,"2,300.00",0.00,,UNIDAD,
145492,PORRAS FLUO/METALIZADAS X1,600.00,0.00,,UNIDAD,
145494,PORRAS FLUO/METALIZADAS X 10,"5,500.00",0.00,,UNIDAD,
145495,PORRAS COLOR X1,550.00,-30.00,,UNIDAD,
145496,PORRAS COLOR X10,"4,500.00",-3.00,,UNIDAD,
145498,"PIÑATA GLOBO MEDIANA X 1U (24"")","2,200.00",-5.00,COTILLON CASA ALBERTO,UNIDAD,
145500,PELUCA HARLEY QUINN,"15,000.00",0.00,,UNIDAD,
145501,PELUCA LARGA ONDULADA COLORES,"7,100.00",0.00,,UNIDAD,
145502,PELUCA DESMECHADA LARGA,"8,900.00",0.00,,UNIDAD,
145504,PELUCA MORTICIA,"9,900.00",0.00,,UNIDAD,
145505,PELUCA CARRE VARIOS COLORES,"7,500.00",-2.00,,UNIDAD,
145506,PELUCA AFRO VARIOS COLORES,"7,000.00",0.00,,UNIDAD,
145507,PELUCA PAYASO,"6,500.00",0.00,,UNIDAD,
145508,PELUCA CHARLESTON,"12,000.00",0.00,,UNIDAD,
145509,PELUCA CRUELLA,"11,500.00",0.00,,UNIDAD,
145512,PELUCA PAYASO MULTICOLOR,"7,500.00",0.00,,UNIDAD,
145513,PELUCA METALIZADA VARIOS COLORES,"3,000.00",0.00,,UNIDAD,
145514,PELUCA ROCKERA,"7,500.00",0.00,,UNIDAD,
145515,PELUCA PIRATA CON BANDANA,"13,000.00",0.00,,UNIDAD,
145516,VINCHA CON PELO DESMECHADO,"6,000.00",0.00,,UNIDAD,
145517,PELUCA PUNK MULTICOLOR,"6,500.00",-1.00,,UNIDAD,
145518,ANTEOJO RIGIDO CON LUZ,"3,500.00",0.00,,UNIDAD,
145519,PULSERA ACRILICO CON LUZ,"1,500.00",0.00,,UNIDAD,
145520,PULSERA AUDIORITMICA CON LUZ,"1,500.00",0.00,,UNIDAD,
145521,COLGANTE LUMINOSO VS. MODELOS X 1,"1,500.00",0.00,,UNIDAD,
145522,COLGANTE ACRILICO LUMINOSO X 10,"13,000.00",0.00,,UNIDAD,
145523,ANILLO DE SILICONA CON LUZ X 1,"1,300.00",0.00,,UNIDAD,
145524,ANILLO SILICONA CON LUZ X 10,"11,000.00",0.00,,UNIDAD,
145525,PANDERETA CON LUZ,"4,000.00",0.00,,UNIDAD,
145526,PULSERA SILICONA CON LUZ,"3,000.00",0.00,,UNIDAD,
145527,MOÑO LENTEJUELAS CON LUZ,"3,000.00",-1.00,,UNIDAD,
145528,ANTEOJOS PLASTICOS UV X 1,900.00,0.00,,UNIDAD,
145529,NARIZ PAYASO CON LUZ,"2,000.00",0.00,,UNIDAD,
145530,ANTEOJOS PLASTICOS UV X 12,"9,000.00",0.00,,UNIDAD,
145531,VARITA LUMINOSA ACRILICO 21 CM X 1,"1,800.00",0.00,,UNIDAD,
145532,VARITA LUMINOSA ACRILICO 21 CM X 12,"18,000.00",0.00,,UNIDAD,
145533,ANTEOJO FLOGUER METALIZADO X 1,"2,000.00",0.00,,UNIDAD,
145534,PULSERA MAGICA COLORES X 1,300.00,0.00,,UNIDAD,
145535,PULSERA MAGICA COLORES X 10,"2,500.00",0.00,,UNIDAD,
145536,ANTEOJO PLASTICO DECADAS X 1,"2,000.00",0.00,,UNIDAD,
145537,ANTEOJO ACRILICO CON AROS METALIZ X 1,"4,500.00",0.00,,UNIDAD,
145538,ANTEOJO ACRILICO FORMAS VARIAS X 1,"2,200.00",0.00,,UNIDAD,
145540,ANTEOJO HIPPIE X 1,"3,000.00",0.00,,UNIDAD,
145541,ANTEOJO ACRILICO MARCO BLANCO X 1,"3,000.00",-1.00,,UNIDAD,
145542,ANTEOJO NEGRO MARCO BLANCO CHICO X 1,"4,500.00",0.00,,UNIDAD,
145544,ANTEOJO ACRILICO TRANSP X 1,"4,500.00",-1.00,,UNIDAD,
145545,ANTEOJOS FASHION C/STRASS X 1,"4,500.00",0.00,,UNIDAD,
145546,ANTEOJOS MINECRAFT VIOLETA X 1,"3,000.00",0.00,,UNIDAD,
145547,ANTEOJOS PIXEL VS. COLORES,"2,000.00",0.00,,UNIDAD,
145548,ANTEOJO ACRILICO CUADRADOS VS. COLORES X 1,"4,500.00",-1.00,COTILLON CASA ALBERTO,UNIDAD,
145549,ANTEOJO DORADOS FELIZ CUMPLE X 1,"4,500.00",0.00,,UNIDAD,
145551,PULSERA NEON X 1,500.00,-100.00,,UNIDAD,
145552,PULSERA NEON X 10,"2,500.00",-10.00,,UNIDAD,
145553,PULSERA NEON X 50,"7,500.00",-2.00,,UNIDAD,
145554,CARETA PURGA CON LUZ,"15,500.00",0.00,,UNIDAD,
145555,VASO TRAGO LARGO CON LUZ X 1,"2,200.00",0.00,,UNIDAD,
145557,NARIZ PAYASO GOMA ESPUMA X 1,"1,000.00",-8.00,,UNIDAD,
145558,MOÑO CABALLERO PAÑO X 1,"1,000.00",0.00,,UNIDAD,
145559,MOÑO TELA FLUOR GRANDE X 1,"2,000.00",0.00,,UNIDAD,
145560,MOÑO TELA FLUO CHICO X 1,550.00,0.00,,UNIDAD,
145561,MOÑO PLASTICO FANTASIA X 1,300.00,0.00,,UNIDAD,
145562,ANTEOJOS NERD,"2,000.00",0.00,,UNIDAD,
145563,ANTIFAZ VENECIANO PUNTILLAS GEMA Y PLUMAS X 1,"5,500.00",-1.00,,UNIDAD,
145565,BANDERIN REVELACION ROSA/CELESTE,"3,500.00",0.00,,UNIDAD,
145566,PLATOS IMPRESOS - MI BAUTISMO ROSA X 8,"1,200.00",0.00,,UNIDAD,
145567,CAJA C/ VISOR BABY X 4,"8,800.00",0.00,,UNIDAD,
145568,INVITACION BAUTISMO CELESTE X 10,600.00,0.00,,UNIDAD,
145569,ESTRELLA SHERIFF X 1,"2,000.00",0.00,,UNIDAD,
145570,ESTRELLA SHERIFF,"1,500.00",0.00,,UNIDAD,
145571,PULSERA CUERO DARK X 1,"1,800.00",0.00,,UNIDAD,
145572,PARCHE PIRATA PLASTICO X 1,350.00,0.00,,UNIDAD,
145573,STRASS LETRAS,"2,000.00",0.00,,UNIDAD,
145575,STRASS PLANCHA,"2,000.00",0.00,,UNIDAD,
145576,STRASS Y PERLAS ADHESIVAS,"2,000.00",-1.00,,UNIDAD,
145577,STRASS ADHESIVO VS. TAMAÑOS,"2,000.00",0.00,,UNIDAD,
145578,STRASS Y GEMAS ADHESIVAS VS. TAMAÑOS,"2,500.00",0.00,,UNIDAD,
145579,TATUAJES SURTIDOS,500.00,0.00,,UNIDAD,
145580,STRASS ADHESIVO MINI,500.00,0.00,,UNIDAD,
145581,STRASS SUPER MINI,400.00,0.00,,UNIDAD,
145582,TATUAJES EGIPCIOS X PLANCHA,"2,000.00",0.00,,UNIDAD,
145583,REVOLVER COWBOY GRANDE,"5,900.00",0.00,,UNIDAD,
145584,REVOLVER CHICO NEGRO/GRIS X 1,"1,800.00",0.00,,UNIDAD,
145585,PISTOLA/TRABUCO PIRATA X 1,"2,500.00",0.00,,UNIDAD,
145586,REVOLVER/TRABUCO PIRATA GRANDE,"3,500.00",0.00,,UNIDAD,
145587,GARFIO PIRATA X 1,"4,000.00",0.00,,UNIDAD,
145588,MEDALLAS COPA CAMPEONES X 12 UNID,"2,500.00",0.00,,UNIDAD,
145589,TELA DE ARAÑA BLANCA,"1,000.00",0.00,,UNIDAD,
145590,BIGOTE NEGRO/COLOR VS MOD X 1,500.00,0.00,,UNIDAD,
145591,TATUAJE MANGA TEMPORAL,"2,000.00",0.00,,UNIDAD,
145592,GUANTE HUESOS ESQUELETO,"3,000.00",0.00,,UNIDAD,
145593,VINCHA CHARLESTON CON PLUMAS,"5,500.00",0.00,,UNIDAD,
145594,VINCHA CHARLESTON COLORES C/PLUMAS,"3,700.00",0.00,,UNIDAD,
145595,BOQUILLA PLASTICA CHARLESTON X 1,"1,500.00",0.00,,UNIDAD,
145596,GUANTE MITON DE ENCAJE CORTO,"2,000.00",0.00,,UNIDAD,
145597,HEBILLA ARAÑA X 2 UNID,"1,500.00",0.00,,UNIDAD,
145598,COLLAR Y BRASALETE DE HUESOS,"5,500.00",0.00,,UNIDAD,
145599,UÑAS BRUJA VERDES,"2,000.00",0.00,,UNIDAD,
145600,NARIZ BRUJA PLAST. X 1,"1,900.00",0.00,,UNIDAD,
145601,GUANTES LARGOS BLANCO/NEGRO,"4,500.00",-1.00,,UNIDAD,
145602,GUANTES CORTOS DORADOS,"3,000.00",0.00,,UNIDAD,
145604,GUANTES CORTOS COLOR ROSA/CELESTE,"2,500.00",0.00,,UNIDAD,
145605,MECHA PELO HOLOGRAFICA,"2,000.00",0.00,,UNIDAD,
145750,HILO DE ALGODON GRANDE,800.00,0.00,,UNIDAD,
145751,HILO CHORICERO X1,"1,000.00",-2.00,,UNIDAD,
145753,SET HAWAIANO CORPIÑOS,"2,500.00",0.00,,UNIDAD,
145754,MEDIA CARETA GATITO ANIMAL PRINT X1,800.00,0.00,,UNIDAD,
145755,PULSERA HAWAIANA X1,400.00,0.00,,UNIDAD,
145756,VINCHA DE INDIO/A C/PLUMAS,750.00,0.00,,UNIDAD,
145757,ANTEOJO GIGANTE METALIZADO,"3,500.00",0.00,,UNIDAD,
145758,VINCHA RESORTE CORAZON FLUO X6U,"7,500.00",0.00,,UNIDAD,
145760,BOA DE HILO COLOR,"7,500.00",0.00,,UNIDAD,
145761,HACHA DE INDIO C/U,0.00,0.00,,UNIDAD,
145762,VINCHA DECADAS C/BRILLO C/U,"3,000.00",0.00,,UNIDAD,
145763,BIGOTE MEXICANO,"1,500.00",0.00,,UNIDAD,
145764,BIGOTE MOSTACHO,"2,500.00",0.00,,UNIDAD,
145765,BARBA LARGA DE PELUCHE,"2,500.00",0.00,,UNIDAD,
145766,ESPADA PIRATA CHICA PLAST. X 1U STASIO,"5,500.00",0.00,,UNIDAD,
145767,CUCHILLO PLASTICO PATRIO X1 COTILLON,"2,000.00",-2.00,COTILLON CASA ALBERTO,UNIDAD,
145768,POLLERA HAWAIANA C/FLORES,"4,500.00",0.00,,UNIDAD,
145769,RODILLERA HAWAIANA,"3,500.00",0.00,,UNIDAD,
145770,POLLERA HAWAIANA FLUO X1 IMAGEN,"5,500.00",0.00,,UNIDAD,
145771,BOA FLECOS FISELINA X1,"1,200.00",0.00,,UNIDAD,
145772,MARACAS FLUOR X1,550.00,0.00,,UNIDAD,
145773,MARACAS FLUOR X10,"4,800.00",0.00,,UNIDAD,
145776,COLLAR HAWAIANO FLUO X10U IMAGEN,"4,900.00",0.00,,UNIDAD,
145777,COLLAR HAWAIANO LISOS X1,0.00,0.00,,UNIDAD,
145778,COLLAR HAWAIANO LISOS X10,0.00,0.00,,UNIDAD,
145779,PULSERA HAWAIANA PLAST. C/FLECOS FLUO X1 (IMAGEN),500.00,0.00,IMAGEN PARTY,UNIDAD,
145780,PULSERA HAWAIANA PLAST. C/FLECOS FLUO X10 (IMAGEN),"4,000.00",0.00,,UNIDAD,
145781,ANTIFAZ PLASTICO NEGRO LISO,450.00,0.00,,UNIDAD,
145782,CORBATIN PLASTICO FLUOR X6,"5,500.00",0.00,,UNIDAD,
145784,COLARES HAWAIANOS MARGARITA DE TELA MULTICOLOR,"2,500.00",0.00,,UNIDAD,
145788,POLLERA DE RAZO VARIOS COLORES,"6,500.00",0.00,,UNIDAD,
145791,TUTU GRANDE C/BRILLO,"7,900.00",-1.00,,UNIDAD,
145794,MARTILLO DE PIEDRA,"23,000.00",0.00,,UNIDAD,
145795,ARCO C/FLECHAS DE INDIO,"12,000.00",0.00,,UNIDAD,
145796,MASCARA DE GLADIADOR DE HIERRO,"4,900.00",0.00,,UNIDAD,
145797,VARITA MAGICA DE HARRY POTTER,"3,600.00",0.00,,UNIDAD,
145798,VARITA DE MAGO C/LENTES,"4,500.00",0.00,,UNIDAD,
145799,VARITA MAGICA HARRY POTTER C/LENTES,"4,500.00",0.00,,UNIDAD,
145800,GUITARRAS DE PLASTICO,"8,500.00",0.00,,UNIDAD,
145802,GORRO DE DIABLA,"13,500.00",0.00,,UNIDAD,
145804,SET DE DIABLA C/PLUMAS,"4,500.00",0.00,,UNIDAD,
145805,VINCHA DE ENFERMERA,"2,400.00",0.00,,UNIDAD,
145806,ESTETOCOPIO,"4,500.00",-1.00,,UNIDAD,
145807,VINCHA CACIQUE PREMIUM,"15,900.00",0.00,,UNIDAD,
145851,CARETA GATUBELA PLASTICA RIGIDA,"5,500.00",0.00,,UNIDAD,
145852,PELUCA METALIZADA C/CUERNOS,"5,600.00",0.00,,UNIDAD,
145853,VINCHAS NOVIA FLORC/PERLAS,"4,000.00",0.00,,UNIDAD,
145854,VINCHAS PRIMAVERA FLORES GOMA EVA DE COLORES,"3,500.00",0.00,,UNIDAD,
145855,VINCHAS RAMO FLORES PLASTICAS,"5,200.00",-1.00,,UNIDAD,
145856,VINCHAS DE FLORES COLORES,"3,000.00",0.00,,UNIDAD,
145857,VINCHAS MI CUMPLE COLORES,"3,000.00",0.00,,UNIDAD,
145869,CARETA PLASTICA FLUOR,"1,000.00",0.00,,UNIDAD,
145870,VINCHAS UNICORNIO TELA,"1,100.00",0.00,,UNIDAD,
145871,VINCHAS MINNIE CELESTE,"1,100.00",0.00,,UNIDAD,
145872,VINCHAS MINNIE PLASTICA C/BRILLO,"1,500.00",-1.00,,UNIDAD,
145874,ANTEOJOS PLASTICOS REDONDOS DE COLORES X12,"9,000.00",0.00,,UNIDAD,
145876,MEDIA CARETA GATUBELA PLASTICA,"1,200.00",0.00,,UNIDAD,
145878,CORONA DE REY PLASTICA,"2,500.00",-3.00,,UNIDAD,
145882,CORONA DE REY TELA,"3,500.00",0.00,,UNIDAD,
145884,VINCHA PELUCHE GATITA /UNICORNIO,"3,000.00",0.00,,UNIDAD,
145885,VINCHA CONEJA PELUCHE,"2,500.00",0.00,,UNIDAD,
145886,SET CONEJA METALIZADA,"4,000.00",0.00,,UNIDAD,
145888,VINCHA CONEJO SEDA,"3,500.00",0.00,,UNIDAD,
145890,BASTON REINA LUJO,"5,800.00",-1.00,,UNIDAD,
145892,BASTON REYNA BLANCO,"2,500.00",0.00,,UNIDAD,
145894,VINCHA CONEJO METALIZADO,"2,500.00",0.00,,UNIDAD,
145898,ALAS LIBELULA MULTICOLOR,"4,500.00",-3.00,,UNIDAD,
145900,"SET MARIPOSA (VINCHA,ALAS,ALAS)","4,900.00",-1.00,,UNIDAD,
145901,"SET VAQUITA DE SAN ANTONIO (ALAS,VINCHA,VARITA)","5,500.00",0.00,,UNIDAD,
145996,ALAS DE ABEJAS C/TUTU,"14,500.00",0.00,,UNIDAD,
15,GRANAS VS COLORES,"5,500.00",-53.35,COTILLON CASA ALBERTO,KG,
150,MANI C/CHOCOLATE,"14,000.00",-5.10,,KG,
151,MANTECA SUELTA KG,"17,000.00",-15.31,,KG,
152,MOLDES/CORTANTES,0.00,-39.00,,UNIDAD,
1520,FLANERA REFORZADA COOPER N°24,"8,900.00",-1.00,COTILLON CASA ALBERTO,UNIDAD,
1521,COLADOR METAL ALAMBRE 24CM,"4,500.00",-1.00,COTILLON CASA ALBERTO,UNIDAD,
15210,MOLDE RAVIOLES GRANDE X8 C/ENCRUSTE COOPER,"3,500.00",0.00,,UNIDAD,
15211,MOLDE RAVIOLERA X48 COOPER,"4,000.00",0.00,,UNIDAD,
15212,MOLDE P/RAVIOLES X32,"3,200.00",0.00,,UNIDAD,
15213,MOLDE DE SILICONA C/MANIJA,"7,000.00",0.00,,UNIDAD,
15214,MOLDE SILICONA DONAS X8,"6,000.00",0.00,"SOUVELUZ, JAVIER",UNIDAD,
15215,MOLDE MUFINSS CUPCAKES X12,"12,000.00",0.00,IMPORTADORA LOW COST S. R. L.,UNIDAD,
1522,MOLDE POSTRE CHOCOTORTA 19X29,"7,900.00",0.00,OTERO,UNIDAD,
15220,MOLDE HEXAGONAL N° 2 8CM LADOX8CM ALTO,"25,900.00",0.00,,UNIDAD,
15221,MOLDE HEXAGONAL N° 3 11CM LADOX8CM ALTO,"27,900.00",0.00,,UNIDAD,
15222,MOLDE HEXAGONAL N° 4 13CM LADOX8CM ALTO,"29,900.00",0.00,,UNIDAD,
15223,TORTA BODA CUADRADA N° 1 12X12X9CM ALTO,"22,000.00",0.00,,UNIDAD,
15224,TORTA BODA CUADRADA N° 2 16X16X9CM ALTO,"25,200.00",-1.00,,UNIDAD,
15225,VASO MEDIDIOR GRANDE 1 LT,"3,000.00",0.00,COTILLON CASA ALBERTO,UNIDAD,
15226,VASO MEDIDOR CHICO RIGIDO 1/2 LITRO,"3,800.00",-1.00,"HEMY, MIRIAM ESTHER",UNIDAD,
15227,TORTA BODA CUADRADA N° 3 20X20X9CM ALTO,"26,300.00",0.00,,UNIDAD,
15228,TORTA BODA CUADRADA N° 4 25X25X9CM ALTO.,"30,500.00",-1.00,,UNIDAD,
15229,MOLDE ALUMINIO PELOTA CON GAJOS,"8,500.00",0.00,,UNIDAD,
1523,MOLDE SILICONA CUADRADO 20X20,"7,500.00",0.00,,UNIDAD,
15232,SET CORTANTE DE LETRAS 27 PIEZAS,"17,000.00",0.00,,UNIDAD,
15233,MOLDE ALUMINION N°5 28CM,"8,000.00",0.00,,UNIDAD,
1524,MOLDE SILICONA REDONDO 20,"13,900.00",0.00,,UNIDAD,
15240,MOLDE ESTRELLA N° 2 1600 GS,"26,000.00",0.00,,UNIDAD,
15241,MOLDE ESTRELLA N° 1 900 GS,"25,900.00",0.00,,UNIDAD,
15242,TORTA BODA RECTANGULAR N° 1 25X17X9CM ALTO,"21,700.00",0.00,,UNIDAD,
15243,TORTA BODA RECTANGULAR N° 2 29X19X9CM ALTO,"30,900.00",0.00,,UNIDAD,
15245,TORTA BODA RECTANGULAR N° 5 41X31X9CM ALTO,"38,000.00",0.00,,UNIDAD,
15247,MOLDES TORTERA DESMONTABLE REDONDA N° 1 - 18 X 8 CM,"17,000.00",0.00,,UNIDAD,
15248,TORTA BODA REDONDA N° 5 29X 9CM ALTO,"31,500.00",0.00,,UNIDAD,
15249,TORTA BODA CUADRADA N° 5 29X29X9CM ALTO,"32,500.00",0.00,,UNIDAD,
1525,TAMIZADOR N°15 MALLA PLASTICA,"3,500.00",0.00,,UNIDAD,
1526,BUDIN HOALATA GRANEADO CHICO 20X10CM,"4,800.00",0.00,,UNIDAD,
1527,BUDIN HOJALATA GRANEADO MEDIANO 24X10 CM,"5,500.00",0.00,,UNIDAD,
1528,CIERRA EMPANADAS Y CORTA DISCO,"3,500.00",0.00,,UNIDAD,
1529,ARO AC.INOX. MICRO PERFORADO N°24 X4CM ALTO,"9,500.00",0.00,,UNIDAD,
153,COMBO VARIOS,0.00,-58.00,,UNIDAD,
154,QUESO CREMA LA PAULINA,"11,000.00",-21.40,,KG,
155,SORPRESITAS VARIOS,0.00,-4.00,,UNIDAD,
157,CUBANITO BON O BON SUELTO KG,"25,000.00",-4.00,LUCAS SANTIAGO,KG,
16,DROPS GOTITAS AGUILA,"15,000.00",-67.75,,UNIDAD,
16.,CAJITA FELIZ BLANCA (11X11X17.5) X5,"2,300.00",-13.00,,UNIDAD,
1600,CAJITA FELIZ BLANCA (11X11X17.5) X 1U,800.00,0.00,SANTA CAJA,UNIDAD,
1600C,CAJITA FELIZ COLOR X(15X10X11) X 1U,850.00,0.00,TEIXHLER CAJAS,UNIDAD,
1600F,CAJITA FELIZ FANTASIA IMPRESA X 1U,900.00,0.00,TEIXHLER CAJAS,UNIDAD,
1601,CAJITA FELIZ BLANCA X 5U COMBO,"3,500.00",0.00,,UNIDAD,
1604,CORTINAS HOJITA VERDE,"4,500.00",0.00,,UNIDAD,
161,GLOBOS SUELTOS,0.00,-97.00,,UNIDAD,
16110,GLOBOS MINI CORAZON ROJOS X 25,"3,000.00",-2.00,,UNIDAD,
163,CINTA X METRO,0.00,-23.00,,UNIDAD,
164,BOLSITAS PPP,0.00,-33.00,,UNIDAD,
164/03,MOLDES BUDIN INGLES FIJO N° 3,"8,500.00",0.00,OTERO,UNIDAD,
164/04,MOLDES BUDIN INGLES FIJO N° 4,"9,200.00",-1.00,OTERO,UNIDAD,
165,LENTEJAS CHOCOLATE X COLOR SUELTO X KG,"22,000.00",-5.19,COTILLON CASA ALBERTO,KG,
166,BIRCABONATO DE AMONIO,"2,200.00",0.00,,KG,
167-06,SOMBRERO VAQUERO CRAQUELADO MULTICOLOR X 1,"12,500.00",0.00,,UNIDAD,
16C.,CAJITA FELIZ CELESTE (15X10X11) X1,800.00,0.00,,UNIDAD,
16D.,CAJITA FELIZ BLANCA (11X11X17.5) X5,"3,950.00",0.00,,UNIDAD,
16D1,CAJITA FELIZ DINOS (15X10X11) X1,850.00,0.00,,UNIDAD,
16D1.,CAJITA FELIZ DINOS (15X10X11) X5,"3,950.00",0.00,,UNIDAD,
16D2,CAJITA FELIZ ANIMALES (15X10X11) X1,850.00,0.00,,UNIDAD,
16D2.,CAJITA FELIZ ANIMALES (15X10X11) X5,"3,950.00",0.00,,UNIDAD,
16D3,CAJITA FELIZ COMICS (15X10X11) X1,850.00,0.00,,UNIDAD,
16D3.,CAJITA FELIZ COMICS (15X10X11) X5,"3,950.00",0.00,,UNIDAD,
16D4,CAJITA FELIZ CAPYBARA (51X10X11) X1,850.00,0.00,,UNIDAD,
16D4.,CAJITA FELIZ CAPYBARA (51X10X11) X5,"3,950.00",0.00,,UNIDAD,
16R,CAJITA FELIZ ROSA (15X10X11) X1,800.00,0.00,,UNIDAD,
16R.,CAJITA FELIZ ROSA (15X10X11) X5,"3,500.00",0.00,,UNIDAD,
16V,CAJITA FELIZ VERDE (15X10X11) X1,800.00,0.00,,UNIDAD,
16V.,CAJITA FELIZ VERDE (15X10X11) X5,"3,500.00",0.00,,UNIDAD,
17,GOTITAS DROPS MAPSA SUELTO KG,"16,000.00",-17.32,SAPORE,KG,
170,MIX FRUTOS,"12,000.00",0.00,,KG,
1710,CAJA CUPCAKE X 1 ( 9X9X11) X 1U,750.00,0.00,TEIXHLER CAJAS,UNIDAD,
1712,CAJA CUPCAKE X 6 (25.5X16X10) X 1U,"2,200.00",0.00,TEIXHLER CAJAS,UNIDAD,
176,HUEVOS,0.00,-18.00,LA HUEVERA,UNIDAD,
178,CAJAS VARIOS,0.00,-41.00,,UNIDAD,
17845,CAJA EMPANADAS REFORZADAS X 1U,200.00,0.00,VASA,UNIDAD,
179,AVENA SUELTA,"2,500.00",0.00,SEBASTIAN EDUARDO NUECES,KG,
18,CACAO AMARGO PACHE SUELTO KG,"18,000.00",-49.50,NICCO,KG,
181,GRAGEAS SUELTO KG,"8,000.00",-1.00,,KG,
184,FRUTAS GLASEADAS,"15,000.00",0.00,,KG,
185,CREMA DE LECHE VARILAC SUELTA KG,"10,000.00",-53.81,BARTOLO,KG,
185100,BANDEJA CUPCAKES 3 PISOS PLATEADA,"5,500.00",0.00,COTILLON CASA ALBERTO,UNIDAD,
18520,BANDEJA ALUMINIO TARTA PROVOLETA X 1,300.00,-5.00,COTILLON CASA ALBERTO,UNIDAD,
18521,BANDEJA ALUMINIO TARTA PROVOLETA X 5,"1,250.00",-1.00,COTILLON CASA ALBERTO,UNIDAD,
186,MANI TOSTADO,"8,500.00",-2.00,,KG,
191,CUCURUCHITOS/CONITOS OBLEA X 50GS (30UAPROX),"1,000.00",-3.00,LA CASA DE DON LUCAS,UNIDAD,
2,DULCE DE LECHE PUNILLA SUELTO KG,"3,800.00",-104.25,BYC,KG,
20,MARGARINA SUELTA KG,"12,000.00",-48.63,BYC,KG,
202,TARTELETAS SALADAS (MY TARTA) X 28U,"4,500.00",0.00,ROSSI,UNIDAD,
202-01,SOMBRERO FUNJI C/BRILLO LAME X 1,"11,500.00",0.00,,UNIDAD,
203,TARTELETAS DULCES MY TARTAS,0.00,4.00,,UNIDAD,
204,BOCADITOS LUNCH HOJALDRE X 24U,"5,900.00",-1.00,ROSSI,UNIDAD,
205,PAVLOVA X 1U,"6,500.00",0.00,ROSSI,UNIDAD,
206,REDONDELAS RELLENAS MAPSA SUELTO KG,"23,000.00",-3.00,,KG,
208,CHOCOLATE AGUILA BOTON 9446 S/AMARGO KG,"16,000.00",-70.20,,UNIDAD,
21,MERENGUES GRANDES 250GR,0.00,-7.00,,UNIDAD,
218,PERLAS COMESTIBLES SUELTO KG,"40,000.00",-15.00,,KG,
22,NUECES SUELTAS KG,"29,000.00",-24.40,,KG,
223,CONFITES CORAZON SUELTOS,"22,000.00",-3.10,,UNIDAD,
23,ALMENDRAS SUELTAS KG,"35,000.00",-1.00,SEBASTIAN EDUARDO NUECES,KG,
24,POLVO DE HORNEAR SUELTO KG,"10,000.00",-6.05,,KG,
25,GELATINA S/SABOR,"25,000.00",-7.00,,KG,
26,CMC,"27,000.00",0.00,,KG,
27,CREMOR TARTARO,"24,000.00",-5.00,,KG,
2788/1,VASO 500CC GLITTER C/TAPA Y SORBETE X 10 U,"11,000.00",0.00,BUONA FORTUNA,UNIDAD,
28,BICARBONATO DE SODIO SUELTO KG,"2,500.00",-1.00,NICCO,KG,
29,TAPITAS ALFAJOR ROSSI 83 U APROX,"8,400.00",-3.00,ROSSI,UNIDAD,
3,DULCE DE LECHE TOMASITA SUELTO KG,"3,900.00",672.75,NICCO,GR,
302,GRANOLA SUELTA,"9,500.00",0.00,SEBASTIAN EDUARDO NUECES,KG,
3022,CAJA CON VISOR GALLETAS BLANCA ( 20X30X6) X 1U,"1,600.00",0.00,SANTA CAJA,UNIDAD,
3022R,CAJA CON VISOR GALLETAS COLOR (20X30X6) X 1U,"1,800.00",0.00,SANTA CAJA,UNIDAD,
3035,CAJA ALFAJOR ENTERA X 6 (22X15X3) X 1U,350.00,0.00,TEIXHLER CAJAS,UNIDAD,
3037,CAJA 2 CORAZONES BLANCA CON VISOR (32X17X9) X 1U,"2,200.00",0.00,TEIXHLER CAJAS,UNIDAD,
3038,CAJA 2 CORAZONES CON VISOR IMPRESA (23X17X9) X 1U,"2,400.00",0.00,TEIXHLER CAJAS,UNIDAD,
3045,CAJA EMPANADAS 2 PZAS. X10,"1,600.00",0.00,,UNIDAD,
3050,CAJA ENTERA SONRIE ( 22X22X10) X 1U,"1,900.00",0.00,SANTA CAJA,UNIDAD,
3052,CAJA CUADRADA CON VISOR (19X19X10) 052 BLANCA X 1U,850.00,0.00,TEIXHLER CAJAS,UNIDAD,
3053,CAJA RECTANGULAR C/VISOR ENTERA 053 ( 26X18X10) X 1U,"1,200.00",0.00,TEIXHLER CAJAS,UNIDAD,
3054,CAJA CON VISOR LOVE (19X19X10) X 1U,"1,200.00",0.00,TEIXHLER CAJAS,UNIDAD,
3057,CAJA BOMBON ¼ KG.(15.5X8X3) X 1U,850.00,0.00,TEIXHLER CAJAS,UNIDAD,
3060,"CAJA BOMBON C/VISOR ½ KG. (18X11X3,5) X 1U","1,150.00",0.00,TEIXHLER CAJAS,UNIDAD,
3070,CAJAS MASAS KG.(26X18.9X4.8),"1,000.00",0.00,,UNIDAD,
3071,CAJA MASAS ¼ KG.(16.5X13X4),600.00,0.00,,UNIDAD,
3072,CAJAS MASAS ½ KG (20.6X15.5X5),850.00,0.00,,UNIDAD,
3099,CAJA CUADRADA SIN VISOR (19X19X10) X 1U,600.00,0.00,TEIXHLER CAJAS,UNIDAD,
32,NIDITOS MERENGUE X 30U APROX,"8,000.00",-5.00,ROSSI,UNIDAD,
3200,CAJA ALFAJOR ENTERA C/VISOR X 12 (22X15.5X6) X 1U,750.00,0.00,TEIXHLER CAJAS,UNIDAD,
321,CAJA C/VISOR ESMERALDA BLANCA (22X22X10),"1,800.00",0.00,,UNIDAD,
33,VOULEANT X28 GR,0.00,0.00,,UNIDAD,
34,HOJALDRE PLANCHA ROSSI X 1U,"5,300.00",-4.00,ROSSI,UNIDAD,
35,SOUVENIRES VS X 1U,0.00,-1.00,,UNIDAD,
36,CONFITES FRUTALES SUELTO KG,"8,000.00",-4.00,LA CASA DE DON LUCAS,KG,
37,CONFITES PLATEADOS SUELTOS KG,"17,000.00",-9.00,COTILLON CASA ALBERTO,KG,
38,MERENGUE ROSSI 100GR,0.00,-2.00,,UNIDAD,
4,PULPA DE FRUTILLA SUELTA KG,"9,500.00",-86.82,BYC,KG,
40,COLORANTES,"2,600.00",-49.00,,UNIDAD,
400/02,MOLDES TORTERA DESMONTABLE N° 2 - 21 X 8 CM,"18,900.00",0.00,OTERO,UNIDAD,
400/03,MOLDES TORTERA DESMONTABLE N° 3 - 23 X 8 CM,"20,500.00",0.00,OTERO,UNIDAD,
400/04,MOLDES TORTERA DESMONTABLE N° 4 - 25 X 8 CM,"21,900.00",0.00,OTERO,UNIDAD,
4012,CAJA MALETIN IMPRESO CON ONDAS C/VISOR (25X14X13) X 1U,"2,000.00",0.00,SANTA CAJA,UNIDAD,
4013,CAJA MALETIN BLANCO C/ONDAS CON VISOR (25X14X13) X 1U,"1,800.00",0.00,SANTA CAJA,UNIDAD,
4035,CAJA MALETIN CON MANIJA BCA BAJO TARTA (30X30X6) X 1U,"1,400.00",0.00,TEIXHLER CAJAS,UNIDAD,
41,ESENCIAS VS SABORES 30CC X 1,"2,000.00",-2.00,,UNIDAD,
42,CHOCOLATE RALLADO SUELTO MAPSA KG,"14,000.00",-9.70,SAPORE,UNIDAD,
4200,CAJA MALETIN C/MANIJA TORTA BLANCA (30X30X12) X 1U,"1,200.00",0.00,TEIXHLER CAJAS,UNIDAD,
4201,CAJA MALETIN C/MANIJA TORTA COLOR (30X30X12) X 1U,"1,500.00",0.00,TEIXHLER CAJAS,UNIDAD,
4203,CAJA MALETIN C/MANIJA TORTA MARRON IMPRESA ( 30X30X12) X 1U,"1,500.00",0.00,TEIXHLER CAJAS,UNIDAD,
4208,CAJA MALETIN TORTA BLANCA (27X27X10) X 1U,"1,100.00",0.00,SANTA CAJA,UNIDAD,
4210,CAJA MALETIN TORTA PREMIUM ALTA (32X32X15) X 1U,"2,800.00",0.00,SANTA CAJA,UNIDAD,
44,HABANITOS/TOSCANITOS SUELTOS KG,"20,000.00",-14.15,LA CASA DE DON LUCAS,KG,
45,CHOCOLATE MAPSA SUELTO KG,"20,000.00",-29.10,SAPORE,KG,
45-1,CAJA EMPANADAS 2 PZAS. X50,"7,500.00",-5.00,,UNIDAD,
45-2,CAJA EMPANADAS 2 PZAS. X100,"13,000.00",-2.00,,UNIDAD,
46,CONO DE FRITAS GRANDE X10,400.00,0.00,,UNIDAD,
46-1,CONO DE FRITAS GRANDE X50,"1,500.00",0.00,,UNIDAD,
46-2,CONO DE FRITAS GRANDE X100,"2,600.00",0.00,,UNIDAD,
47,PULPA FRUTOS ROJOS SUELTA KG,"15,000.00",-4.30,LA CASA DE DON LUCAS,KG,
48,CHOCOLATE AGUILA SUELTO KG (9763/9766),"17,000.00",-35.00,NICCO,KG,
49,TAPITAS ALFAJOR FACHITAS X 400 GS X 1U,"3,400.00",-12.00,LA CASA DE DON LUCAS,UNIDAD,
5,PULPA DE DURAZNO,"15,000.00",-10.00,,KG,
500,GUIRNALAS MARIPOSAS C/GIBRE,"3,500.00",0.00,,UNIDAD,
5000001,TRIPODE PLASTICO X 100 GR,"1,000.00",0.00,,UNIDAD,
5000002,VESTIDO DAMA ANTIGUA OVEJITA NEGRA T/10,"24,000.00",-1.00,,UNIDAD,
5000003,VESTIDO DAMA ANTIGUA OVEJITA NEGRA T/12,"26,000.00",-1.00,,UNIDAD,
5000004,VESTIDO DAMA ANTIGUA OVEJITA NEGRA T/12,"26,000.00",0.00,,UNIDAD,
5000005,VESTIDO DAMA ANTIGUA C/MIRIÑAQUE CANDELA T/4,"40,000.00",0.00,,UNIDAD,
5000006,TIARA STRASS 15 AÑOS X 1 U,"8,500.00",0.00,,UNIDAD,
5000007,VINCHA F/C HOLOGRAFICA VS. COLORES X 1,"3,000.00",0.00,,UNIDAD,
5000008,TAPITAS DE ALFAJOR COLORES ROSSI 500GR,"9,100.00",0.00,ROSSI,UNIDAD,
5000009,TARTELETAS DULCES (MY TARTA) X 24U,"5,300.00",0.00,ROSSI,UNIDAD,
5000010,VOULEVANT ROSSI HOJALDRE X 28U APROX,"7,900.00",0.00,ROSSI,UNIDAD,
5000011,BOLSAS,50.00,-250.00,,UNIDAD,
5000012,BOLSA GDE NEGRA,100.00,-6.00,,UNIDAD,
5000013,VINCHAS LOCAS LIMPIA PIPA X 1,"3,900.00",-9.00,ALICIA,UNIDAD,
5000014,MOLDE CHAPA PASTA FROLA FIJO N°2 18CM X 1U,"5,400.00",0.00,ESTABLECIMIENTOS METALURGICOS GRACIELA SRL,UNIDAD,
5000015,AA GOLOSINAS VS BOLSITA,"1,000.00",-502.00,,UNIDAD,
5000017,BLONDA PAPEL 15CM X 100U,"3,000.00",-1.00,VASA,UNIDAD,
5000018,STIKERS VARIOS (HOJA),"3,900.00",-2.00,"CAROLINA (GOMA EVA), CAROLINA",UNIDAD,
5000019,KIT PARA TORTA,"3,500.00",0.00,"CAROLINA (GOMA EVA), CAROLINA",UNIDAD,
5000020,VINCHAS VAMOS ARGENTINA HOLOGRAF.,"3,000.00",0.00,"CAROLINA (GOMA EVA), CAROLINA",UNIDAD,
5000021,BOCADITO C/D:L NEVARES X15 U CAJA,"4,000.00",-4.00,CHIALVO S R L,UNIDAD,
5000022,CORAZONITO DE CHOCOLATE X12U DE 30GR,"7,700.00",0.00,CHIALVO S R L,UNIDAD,
5000023,MOLDE PAPEL BIZCOCHUELO 22CM X 1U,550.00,0.00,VASA,UNIDAD,
5000024,CAJA LOMO MICROCORRUGADA X 1U,300.00,0.00,VASA,UNIDAD,
5000026,"BANDEJA REDONDA CARTON N 12,5 X1",100.00,-10.00,,UNIDAD,
5000027,"BANDEJA REDONDA CARTON N 12,5 X10",600.00,-1.00,,UNIDAD,
5000029,VELON C/GIBREE X 4 UNID VS. COLORES,"2,000.00",-18.00,,UNIDAD,
5000030,BANDERIN PARA TORTA F/C VS. MOTIVOS X 1,"1,500.00",-15.00,"CAROLINA (GOMA EVA), CAROLINA",UNIDAD,
5000031,BANDERIN PARA TORTA F/C SORBETE X 1,"1,500.00",-18.00,"CAROLINA (GOMA EVA), CAROLINA",UNIDAD,
5000032,TURRON MISKY X4,"1,100.00",-2.00,,UNIDAD,
5000033,TURRON FULBITO X5,"1,000.00",-3.00,,UNIDAD,
5000037,TITA X2,"2,000.00",-9.00,,UNIDAD,
5000038,RHODESIA X2,"2,200.00",-3.00,,UNIDAD,
5000039,BIZCOCHUELO EXQUISITA ARGENTINA 635G,"7,500.00",-1.00,TADICOR S.A.,UNIDAD,
5000040,BANDERIN ARGENTINA TELA X1,"3,500.00",-6.00,AICHINO HECTOR,UNIDAD,
5000045,BANDERIN FISELINA ARGENTINA X1,"3,000.00",-15.00,AICHINO HECTOR,UNIDAD,
5000046,MINI BURBUJEROS X10,"4,600.00",-1.00,,UNIDAD,
5000047,MAQUILLAJE ARGENTINA ARTELIGHT STICK,"3,000.00",-2.00,AICHINO HECTOR,UNIDAD,
5000048,SORPRESITA DIENTES DRACULA X12 STASIO,"2,000.00",-2.00,,UNIDAD,
5000050,NARIZ DE PAYASO PLAST X 12 UNID,"2,500.00",-2.00,COTILLON CASA ALBERTO,UNIDAD,
5000051,CUADERNO A4 PROCTER ESPIRAL 80 H,"3,900.00",0.00,,UNIDAD,
5000054,PLASTICOLA TINTORETTO 100 GR,"1,100.00",0.00,COMERCIAL SUMA SRL,UNIDAD,
5000055,TIJERA EZCO 17 CM ZURDOS,"3,000.00",0.00,COMERCIAL SUMA SRL,UNIDAD,
5000056,TIJERA EZCO 18 CM INNOVA,"3,500.00",0.00,COMERCIAL SUMA SRL,UNIDAD,
5000057,BIROME PAPER MATE AZUL/NEGRA,350.00,0.00,COMERCIAL SUMA SRL,UNIDAD,
5000058,LAPIZ NEGRO ECO FABER-CASTELL,550.00,0.00,COMERCIAL SUMA SRL,UNIDAD,
5000059,MANTEL METALIZADO X 1U,"2,000.00",-1.00,AICHINO HECTOR,UNIDAD,
5000060,MANTEL METALIZADO HOLOGRAFICO X 1U,"3,000.00",0.00,AICHINO HECTOR,UNIDAD,
5000061,SORPRESITAS PERCHAS X 12U STASIO,"2,000.00",0.00,,UNIDAD,
5000062,BOLSAS PPP 4 X 20 X 20U,450.00,0.00,VASA,UNIDAD,
5000063,CHUPETIN EXPLOSIVOS K POP X 1U TATUAJE,"1,800.00",-7.00,GOLOSINAS GABRIEL,UNIDAD,
5000065,GOMA EVA COMUN X1,800.00,0.00,,UNIDAD,
5000067,VELA NUMERO GRANDE FUTBOL X 1U,850.00,0.00,RICKY,UNIDAD,
5000068,VELA NUMERO MED COLOR C/BRILLO X 1U,450.00,0.00,RICKY,UNIDAD,
5000069,BANDERIN ARGENTINA GIGANTE G:M X 1,"3,200.00",-2.00,COTILLON CASA ALBERTO,UNIDAD,
5000070,BANDERIN CELESTE Y BLANCO G.M X 1U,"3,000.00",-2.00,COTILLON CASA ALBERTO,UNIDAD,
5000071,GLOBO NUDO ARGENTINA 0.26X1.50CM X 1U PLA PLA,750.00,0.00,COTILLON CASA ALBERTO,UNIDAD,
5000073,VELONCITO C/BRILLO PALITO X 1U,600.00,0.00,RICKY,UNIDAD,
5000074,VELONCITO PIRULIN C/BRILLO X 1U,600.00,0.00,ANDRES VELAS,UNIDAD,
5000075,VELA ONDULADA PASTEL BLISTER X 6U,"2,000.00",0.00,FER,UNIDAD,
5000076,ANTEOJO ACRILICO REDONDO X 1U,"2,500.00",-1.00,FER,UNIDAD,
5000077,ANTEOJO CORAZON BLANCO X 1U,"3,500.00",0.00,FER,UNIDAD,
5000079,FLORES TELA CON PALITO X 1,"2,000.00",0.00,VIVIDECO,UNIDAD,
5000080,CORAZON TELA CHICO CON APLIQUE ENCAJE X 1U,"4,000.00",0.00,VIVIDECO,UNIDAD,
5000081,CORAZON TELA MEDIANO CON APLIQUE ENCAJE X 1U,"5,900.00",0.00,VIVIDECO,UNIDAD,
5000082,CORAZON TELA GRANDE CON APLIQUE ENCAJE X 1U,"7,500.00",0.00,VIVIDECO,UNIDAD,
5000083,CORONAS PARA PUERTA MEDIANA TELA C/ROSAS X 1,"16,000.00",0.00,VIVIDECO,UNIDAD,
5000084,CORONA PARA PUERTA GRANDE TELA X 1,"22,000.00",0.00,VIVIDECO,UNIDAD,
5000086,GOMITAS REGALIZ DOCILE FRUTILLA ACIDA 500GR,"6,300.00",0.00,CHIALVO S R L,UNIDAD,
5000087,SOBRE BLANCO COMERCIAL X 1,100.00,0.00,COMERCIAL SUMA SRL,UNIDAD,
5000088,CINTA ADHESIVA AUCA 12X50,"1,100.00",0.00,COMERCIAL SUMA SRL,UNIDAD,
5000089,MICROFIBRA LINER 038 FILGO,"1,000.00",0.00,COMERCIAL SUMA SRL,UNIDAD,
5000091,CAPA CON CUELLO CHICA X 1,"3,800.00",0.00,MARY FISELINA,UNIDAD,
5000092,CAPA CON CAPUCHA CHICA X 1,"4,000.00",0.00,MARY FISELINA,UNIDAD,
5000093,CAPA CON CUELLO TAFETA MEDIANA X 1U,"4,500.00",0.00,MARY FISELINA,UNIDAD,
5000094,CAPA CON CAPUCHA TAFETA MEDIANA X 1U,"4,800.00",0.00,MARY FISELINA,UNIDAD,
5000095,CAPA CON CUELLO TAFETA GRANDE X 1U,"6,500.00",0.00,MARY FISELINA,UNIDAD,
5000096,CAPA CON CAPUCHA TAFETA GRANDE X 1U,"6,900.00",0.00,MARY FISELINA,UNIDAD,
5000097,TUNICA CON CAPUCHA TAFETA CHICA X 1U,"5,500.00",0.00,MARY FISELINA,UNIDAD,
5000098,TUNICA CON CAPUCHA TAFETA GRANDE X 1U,"8,900.00",0.00,MARY FISELINA,UNIDAD,
5000099,HUEVITOS CHOCOLATE DINO KIDS X 1U,700.00,0.00,GOLOSINAS GABRIEL,UNIDAD,
5000100,GLOBOS PAPEL SET FELIZ CUMPLEAÑOS X 1,"5,500.00",0.00,,UNIDAD,
5000101,FRASE FELIZ CUMPLE PINCHE X 1U CARO,"1,200.00",0.00,"CAROLINA (GOMA EVA), CAROLINA",UNIDAD,
5000102,BON O BON SUPREME 2U,"2,300.00",0.00,ARCOR,UNIDAD,
5000103,BANANITA DOLCA X1,"1,200.00",0.00,,UNIDAD,
5000104,ADORNO TORTA RULO TELGOP. X 1 KARI,"3,000.00",0.00,KARI MAQUETAS,UNIDAD,
5009,CAJA TORTA BASE MICRO Y TAPA (30X30X15) X 1U,"2,000.00",0.00,TEIXHLER CAJAS,UNIDAD,
501,MARIPOSAS ADHESIVA CON BRILLO X 6U,0.00,0.00,,UNIDAD,
5010,CAJA BANDEJA DESAYUNO BASE MICRO (31X31X3) X 1U,700.00,0.00,TEIXHLER CAJAS,UNIDAD,
5014,CAJA MALETIN C/VISOR CORAZON(25X14X13),"2,000.00",0.00,,UNIDAD,
502,GUIRNALDA MARIPOSA HOLOGRAFICA,"3,000.00",0.00,,UNIDAD,
5020,BANDEJAS DESAYUNO RECTANGULAR MARRON (40X30X8),700.00,0.00,,UNIDAD,
5028,BANDEJAS DESAYUNO CUADRADA MARRON (33X33X6),850.00,0.00,,UNIDAD,
503,MARIPOSAS PEGABLES 3D 6U LISAS COLOR,0.00,0.00,,UNIDAD,
5033,CAJA BOX CUADRADA BCA (25X25X12) X 1U,"1,700.00",0.00,TEIXHLER CAJAS,UNIDAD,
5035,BANDEJAS DESAYUNO CUADRADA BLANCA (25X25X6),650.00,0.00,,UNIDAD,
5054,CAJA MAMA MARRON (31X31X12),"1,800.00",0.00,,UNIDAD,
5055,CAJA BOX MARRON (31X31X12) X 1U,"1,200.00",0.00,TEIXHLER CAJAS,UNIDAD,
5056C,CAJA BOX BASTON C/VISOR CELESTE (25X25X12) X 1U,"2,300.00",0.00,SANTA CAJA,UNIDAD,
5056R,CAJA BOX BASTON C/VISOR ROSA (25X25X12) X 1U,"2,300.00",0.00,SANTA CAJA,UNIDAD,
5060,CAJA BOX BCA C/VISOR TAPA Y BASE (30X30X12) X 1U,"2,200.00",0.00,SANTA CAJA,UNIDAD,
5062,CAJA TORTA IMPRESA FELIZ DIA MA (31X31X12),"2,200.00",0.00,,UNIDAD,
5064,CAJA TORTA IMPRESA FLORES (31X31X12),"2,200.00",0.00,,UNIDAD,
51,MEMBRILLO SUELTO KG,"3,500.00",-14.11,BYC,KG,
5200,CAJA EXPLOSIVA FELIZ DIA (20X20X12) X 1U,"1,400.00",0.00,TEIXHLER CAJAS,UNIDAD,
5201,CAJA EXPLOSIVA FELIZ DIA INFANTIL (20X20X12) X 1U,"1,400.00",0.00,TEIXHLER CAJAS,UNIDAD,
5211,CAJA LOVE C/VISOR (10X10X5),700.00,0.00,,UNIDAD,
5213,"CAJA DESAYUNO CORAZON C/VISOR (18X18X6,5)","1,200.00",0.00,,UNIDAD,
5214,CAJA DESAYUNO CORAZON LOVE (20X20X10),"1,900.00",0.00,,UNIDAD,
5215,CAJA LOVE S/VISOR (10X10X5),600.00,0.00,,UNIDAD,
5235,CAJAS P/TAZA C/VISOR,500.00,0.00,,UNIDAD,
526/24,MOLDES ARO TIMBAL - 22 CM,"5,200.00",0.00,OTERO,UNIDAD,
526/24A,MOLDES ARO TIMBAL - 24CM,"5,500.00",0.00,OTERO,UNIDAD,
526/25,MOLDES ARO TIMBAL - 30 CM,"6,200.00",0.00,OTERO,UNIDAD,
526/42,MOLDES ARO TIMBAL - 16 CM,"3,900.00",0.00,OTERO,UNIDAD,
526/43,MOLDES ARO TIMBAL - 18 CM,"4,500.00",0.00,OTERO,UNIDAD,
526/44,MOLDES ARO TIMBAL - 20 CM,"4,900.00",-1.00,OTERO,UNIDAD,
5345,CAJA MESA C/FLORES (30X25X8),"2,500.00",0.00,,UNIDAD,
5346,CAJA BUZON (31X18X12),"1,800.00",0.00,,UNIDAD,
5347,CAJA DIA DE LA MADRE ENTERA (22X22X10),"1,800.00",0.00,,UNIDAD,
54,LOMO ENTERO 2 PIEZAS X10,"1,200.00",0.00,,UNIDAD,
54-1,LOMO ENTERO 2 PIEZAS X50,"5,100.00",0.00,,UNIDAD,
54-2,LOMO ENTERO 2 PIEZAS X100,"9,300.00",0.00,,UNIDAD,
55,GEL DE BRILLO LEDEVIT X 1U,"1,300.00",0.00,COTILLON CASA ALBERTO,UNIDAD,
55-1,CAJAS LOMO GRANDE ENTERO X50,"5,200.00",0.00,,UNIDAD,
55-2,CAJAS LOMO GRANDE ENTERO X100,"9,500.00",0.00,,UNIDAD,
56,MERENGUE POLVO LEDEVIT 250G,"3,900.00",-8.00,COTILLON CASA ALBERTO,UNIDAD,
56.,CAJA PIZZA 2 PIEZAS X10,"2,000.00",0.00,,UNIDAD,
56.1,CAJA PIZZA 2 PIEZAS X50,"8,500.00",0.00,,UNIDAD,
56.2,CAJA PIZZA 2 PIEZAS X100,"15,000.00",0.00,,UNIDAD,
57,CREMA CHANTILLY POLVO 250G LEDEVIT,"5,600.00",-8.00,COTILLON CASA ALBERTO,UNIDAD,
5765,VELA FINITA LARGA BLANCA PARTY STORE X 24,"2,500.00",0.00,,UNIDAD,
58,MOUSSE CHOCOLATE LEDEVIT 250G,"5,800.00",-6.00,COTILLON CASA ALBERTO,UNIDAD,
59,CREMA PASTELERA POLVO LEDEVIT 250G,"4,200.00",-7.00,COTILLON CASA ALBERTO,UNIDAD,
6,CROCANTE DE MANI SUELTO KG,"12,000.00",-16.60,LA CASA DE DON LUCAS,KG,
60,ESENCIA DE VAINILLA,0.00,-1.00,,UNIDAD,
61,AZUCAR IMPALPABLE SUELTA KG,"2,400.00",-43.10,LA CASA DE DON LUCAS,KG,
66,CREMA CHOCOLATE 500 G LEDEVIT POTE,"7,500.00",-6.00,LA GLORITA,UNIDAD,
67,PIONONO GRANDE ROSSI,0.00,-5.00,,UNIDAD,
68,CHOCOLATE P/TAZA AGUILA,"30,000.00",0.00,,KG,
69,MINI MERENGUE ROSSI 100GR,0.00,0.00,,UNIDAD,
7,CROCANTE MANI CHOCOLATE SUELTO KG,"15,000.00",-8.05,LA CASA DE DON LUCAS,KG,
7004,BOLSA KRAFT VINO (38X11) X 1,550.00,-1.00,,UNIDAD,
7005,BOLSA KRAFT VINO GRANDE (40X14),600.00,0.00,,UNIDAD,
7007,FAJA CARTON BLANCO 70 CM. X KG.,"3,600.00",0.00,,UNIDAD,
7008,FAJA CARTON GRIS 70 CM. X KG.,"1,200.00",0.00,,UNIDAD,
7009,DIVISORES CARTULINA,500.00,0.00,,UNIDAD,
7010,VIRUTA RAFIA NATURAL 25 GR.,"1,000.00",0.00,,UNIDAD,
7012,PAPEL SULFITO (52 X 70) X1/2KG,"1,500.00",0.00,,UNIDAD,
7012-1,PAPEL SULFITO (52 X 70) X1KG,"2,400.00",0.00,,UNIDAD,
75,BIZCOCHUELO ROSSI,0.00,-12.00,,UNIDAD,
77,MOUSSE DE FRUTILLA,"20,000.00",-2.00,,KG,
78,MOUSSE DE CHOCOLATE MAPSA SUELTO KG,"27,000.00",-3.00,SAPORE,KG,
79,MOUSSE DE VAINILLA,"20,000.00",0.00,,KG,
8,CEREZAS SUETAS,0.00,-7.00,,UNIDAD,
80,MOUSSE DULCE DE LECHE MAPSA SUELTO KG,"27,000.00",-1.10,SAPORE,KG,
8126,INFLADOR DE GLOBOS DOBLE ACCION GLOBAL,"3,500.00",-1.00,AICHINO HECTOR,UNIDAD,
85,BANDEJAS VARIAS,0.00,-26.00,,UNIDAD,
85-0,BANDEJAS MADERA REDONDA 20 CM X 1U,"1,100.00",-1.00,OTERO,UNIDAD,
85-1,BANDEJAS MADERA REDONDA 25 CM MELAMINA,"1,700.00",-4.00,OTERO,UNIDAD,
85-10,BANDEJAS MADERA CUADRADA 20X20 CM MELAMINA,"1,100.00",-2.00,OTERO,UNIDAD,
85-11,BANDEJAS MADERA CUADRADA 25X25 CM MELAMINA,"1,700.00",-2.00,OTERO,UNIDAD,
85-12,BANDEJAS MADERA CUADRADA 30X30 CM MELAMINA,"2,400.00",0.00,OTERO,UNIDAD,
85-13,BANDEJAS MADERA CUADRADA 35X35 CM MELAMINA,"3,300.00",-3.00,OTERO,UNIDAD,
85-14,BANDEJAS MADERA CUADRADA 40X40 CM MELAMINA,"4,400.00",0.00,OTERO,UNIDAD,
85-1K,BANDEJA PLASTICA 1 KG RECTANGULAR X 1,"1,700.00",-2.00,VASA,UNIDAD,
85-2,BANDEJAS MADERA REDONDA 30 CM MELAMINA,"2,400.00",-5.00,OTERO,UNIDAD,
85-27,BANDEJA PLASTICA 27 REDONDA X 1,"1,200.00",-6.00,VASA,UNIDAD,
85-2K,BANDEJA PLASTICA 2KG RECTANGULAR X 1,"2,600.00",-4.00,VASA,UNIDAD,
85-3,BANDEJAS MADERA REDONDA 35 CM MELAMINA,"3,300.00",-1.00,OTERO,UNIDAD,
85-30,BANDEJA PLASTICA 30 REDONDA X 1,"1,500.00",-5.00,VASA,UNIDAD,
85-33,BANDEJA PLASTICA 33 REDONDA X 1,"2,200.00",-21.00,VASA,UNIDAD,
85-36,BANDEJA PLASTICA 36 REDONDA X 1U,"2,900.00",-1.00,VASA,UNIDAD,
85-39,BANDEJA PLASTICA 39 REDONDA X 1U,"4,500.00",-3.00,VASA,UNIDAD,
85-3K,BANDEJA PLASTICA 3KG RECTANGULAR X1,"3,800.00",-2.00,VASA,UNIDAD,
85-4,BANDEJAS MADERA REDONDA 40 CM MELAMINA,"4,400.00",-4.00,OTERO,UNIDAD,
85-5,BANDEJAS MADERA RECTANGULAR 20 X 30 CM MELAMINA,"1,700.00",-2.00,OTERO,UNIDAD,
85-6,BANDEJAS MADERA RECTANGULAR 25 X 35 CM MELAMINA,"2,400.00",-5.00,OTERO,UNIDAD,
85-7,BANDEJAS MADERA RECTANGULAR 30 X 40 CM MELAMINA,"3,300.00",-2.00,OTERO,UNIDAD,
85-8,BANDEJAS MADERA RECTANGULAR 35 X 45 CM MELAMINA,"4,400.00",-3.00,OTERO,UNIDAD,
85-9,BANDEJAS MADERA RECTANGULAR 40 X 50 CM MELAMINA,"4,900.00",-4.00,OTERO,UNIDAD,
86,FORMITAS DE AZUCAR,0.00,-28.00,,UNIDAD,
860,FORMITAS DE AZUCAR PAQUETE VARIOS,"2,500.00",-1.00,,UNIDAD,
89,BATATA SUELTA KG,"3,200.00",-10.00,BYC,KG,
9,GUINDELAS,"9,500.00",-5.00,,KG,
90,LETRAS VARIOS,0.00,-3.00,,UNIDAD,
91,BOMBAS DE CREMA,0.00,-1.00,,UNIDAD,
95,BOLSAS DE PAPEL,0.00,-15.00,,UNIDAD,
97,PASTA DE MANI,"10,000.00",-6.00,,KG,
98,TURRON DE MANI CAVIWA SUELTO KG,"17,000.00",-2.00,LA CASA DE DON LUCAS,KG,
99,PIROTINES,0.00,-28.00,,UNIDAD,
A0,LETRAS TELGOPOR MINI C/BRILLO C/U KARI,350.00,-3.00,KARI MAQUETAS,UNIDAD,
A1,FORMITAS TELGOPOR C/ALAMBRE Y BRILLO C/U,400.00,-1.00,KARI MAQUETAS,UNIDAD,
A10,TOPPERS FELIZ CUMPLE PANCARTA MINI,550.00,0.00,,UNIDAD,
A11,FRASE FELIZ CUMPLE MINI TELGOP X 1U KARI,650.00,0.00,KARI MAQUETAS,UNIDAD,
A12,TOPPERS GOMA EVA HOLOGRAFICO,"1,000.00",0.00,,UNIDAD,
A13,TOPPERS FELIZ CUMPLE IMPRESO (CLAUDIO),550.00,0.00,,UNIDAD,
A14,TOPPER 3D F/CUMPLE IMPRESO X 1,"1,700.00",0.00,TOPPER 3D FERNANDO,UNIDAD,
A16,TOPPER F/CUMPLE MDF METALIZADO,"1,500.00",0.00,,UNIDAD,
A17,FRASE FELIZ CUMPLE TODO GIBREADO TEGOP X 1 KARI,"1,200.00",0.00,KARI MAQUETAS,UNIDAD,
A18,FRASE FELIZ CUMPLE TELGOP CORAZ..ESTRE.GLOB.CORONA,"1,100.00",0.00,KARI MAQUETAS,UNIDAD,
A19,FRASE FELIZ CUMPLE GOMA EVA CHICO X 1U CLAUDIO,"1,400.00",-18.00,CREACIONES CLAUDIO,UNIDAD,
A2,ESTRELLAS GOMA EVA PINCHE X 1U CLAUDIO,550.00,0.00,CREACIONES CLAUDIO,UNIDAD,
A20,FRASE FELIZ CUMPLE GOMA EVA GRANDE X 1U CLAU,"1,500.00",0.00,CREACIONES CLAUDIO,UNIDAD,
A21,FRASE FELIZ CUMPLE CLASICO TELGOP X 1 KARI,800.00,-15.00,KARI MAQUETAS,UNIDAD,
A22,HINCHA FUTBOL/MANITO PINCHE X 1U CLAUDIO,"1,100.00",0.00,CREACIONES CLAUDIO,UNIDAD,
A23,FELIZ CUMPLE TELGOPOR TODO GIBREADO ALTO,"1,200.00",0.00,,UNIDAD,
A24,FRASE FELIZ CUMPLE TELGOP C/FONDO X 1,"1,300.00",0.00,KARI MAQUETAS,UNIDAD,
A25,FRASE FELIZ CUMPLE LUNAR TELGOP X1,"1,000.00",0.00,KARI MAQUETAS,UNIDAD,
A26,FRASE FELIZ CUMPLE C/ESCUDO GOMA EVA X 1U CLAU,"1,500.00",-18.00,CREACIONES CLAUDIO,UNIDAD,
A27,MIS 15/18/50 ETC GOMA EVA X 1U CLAUDIO,"1,400.00",0.00,CREACIONES CLAUDIO,UNIDAD,
A28,LETRAS ABECEDARIO GOMA EVA X 1U CLAU,500.00,0.00,CREACIONES CLAUDIO,UNIDAD,
A29,FRASE MI COMUNION/ME RECIBI/FELIZ ANIVERSARIO GOMA EVA ETC X 1U CLAUDIO,"1,600.00",0.00,VASA,UNIDAD,
A3,ESCUDITO GOMA EVA C/MECHA X 1U CLAUDIO,"1,100.00",0.00,CREACIONES CLAUDIO,UNIDAD,
A30,FRASE FELIZ CUMPLE TODO GIBRE TELGOP X 1U RICKY,"1,200.00",0.00,RICKY,UNIDAD,
A31,FRASE FELIZ CUMPLE GOMA EVA X 1 CARO,"1,400.00",0.00,"CAROLINA (GOMA EVA), CAROLINA",UNIDAD,
A32,FRASE FELIZ CUMPLE HOLOGRAFICO X 1U CARO,"1,200.00",0.00,,UNIDAD,
A33,FRASE FELIZ CUMPLE VS PINCHE X 1U CARO,"1,200.00",0.00,"CAROLINA (GOMA EVA), CAROLINA",UNIDAD,
A34,TOPPER 3D PERSONAJES PLAST X 1U ALI,"2,300.00",0.00,ALICIA,UNIDAD,
A35,TOPPER 3D FELIZ CUMPLE PLAST X 1 ALI,"2,300.00",0.00,ALICIA,UNIDAD,
A36,TOPPER PERSONAJES SORBETE X 1 CAROL,"3,500.00",0.00,ADORNITOS CAROL,UNIDAD,
A37,TOPPER FELIZ CUMPLE GOMA EVA C/ESCUDO X 1 CARO,"1,500.00",0.00,"CAROLINA (GOMA EVA), CAROLINA",UNIDAD,
A38,TOPPER FELIZ CUMPLE ESCUDO G.EVA C/ESTRELLITA X 1 CARO,"1,200.00",0.00,"CAROLINA (GOMA EVA), CAROLINA",UNIDAD,
A4,ESCUDITO TELGOPOR C/MECHA X 1 KARI,900.00,0.00,KARI MAQUETAS,UNIDAD,
A5,BOTIN DE FUTBOL (CLAUDIO),"1,400.00",0.00,CREACIONES CLAUDIO,UNIDAD,
A6,TOPPER 3 D PLASTICOS X 1U (ALI),"2,300.00",0.00,ALICIA,UNIDAD,
A7,TOPPER ESCUDO C/VELA GOMA EVA X 1,"1,000.00",0.00,CREACIONES CLAUDIO,UNIDAD,
A8,TOPPER ARCO IRIS C/BRILLO PINCHE X 1,"2,500.00",0.00,LILI,UNIDAD,
A9,BANDERIN PARA TORTA GOMA EVA FELIZ CUMPLE X 1,"2,500.00",0.00,SUSANA PIÑATAS,UNIDAD,
B-212,BOLSA PAPEL KRAFT Nº2L X 50U,"1,200.00",0.00,,UNIDAD,
B0,SERVILLETAS ELEGANTE 80U SOFT,"1,800.00",-21.00,VASA,UNIDAD,
B1,ROLLOS DE COCINA X3 ELEGANTE,"2,300.00",-5.00,VASA,UNIDAD,
B10,PAPEL SULFITO (40X50) 1KG,"2,200.00",0.00,,UNIDAD,
B100,POTE BISAGRA MEDIO ROTLEN X 1,500.00,-30.00,VASA,UNIDAD,
B101,POTE BISAGRA MEDIO ROTLEN X 10,"4,000.00",-3.00,VASA,UNIDAD,
B103,VASO 1000CC. NATURAL X50,"13,700.00",-1.00,VASA,UNIDAD,
B104,MINI TENEDOR COPETIN CLAUSER X50 APROX,"1,300.00",-2.00,VASA,UNIDAD,
B106,VASO TRAGO LARGO PP TRANSPARENTE X10,"2,800.00",-1.00,VASA,UNIDAD,
B11,PAPEL SULFITO (40X50) 500G,"1,500.00",0.00,,UNIDAD,
B130,COPA DE VINO X1,500.00,389.00,VASA,UNIDAD,
B131,COPA DE VINO X10,"4,200.00",38.00,VASA,UNIDAD,
B132,CUCHARITA HELADO X50G (40U APROX),700.00,0.00,VASA,UNIDAD,
B134,BOLSA ROLLO 20X30 X 1U,"6,150.00",-1.00,VASA,UNIDAD,
B135,MINI TENEDOR CRISTAL 50U LUCA,"4,000.00",-1.00,VASA,UNIDAD,
B137,BANDEJA RECTANGULAR CARTON 7 X1,200.00,-20.00,VASA,UNIDAD,
B140,BOLSA CAMISETA 20X30 MUNDI MAX,"1,400.00",0.00,VASA,UNIDAD,
B141,BOLSA CAMISETA 30X40 MUNDI MAX,"2,000.00",-1.00,VASA,UNIDAD,
B142,BOLSA CAMISETA 30X40 POLIMUNDI REFORZ.,"1,200.00",0.00,VASA,UNIDAD,
B143,BOLSA CAMISETA 40X50 ECO CELESTE,"2,100.00",-2.00,VASA,UNIDAD,
B144,BOLSA CAMISETA 40X50 REFORZADA,"4,000.00",-1.00,VASA,UNIDAD,
B145,BOLSA CAMISETA 45X60 SUPER MAS X 100 U APROX,"6,500.00",-2.00,VASA,UNIDAD,
B146,BOLSA CAMISETA 45X60 REFORZ. MUNDI MAX,"2,800.00",0.00,VASA,UNIDAD,
B147,BOLSA CAMISETA 50X70 REFORZ. MUNDI MAX POLIMUNDI,"4,100.00",0.00,VASA,UNIDAD,
B148,BOLSA CONSORCIO ABASTO 10U 80X110,"1,600.00",0.00,VASA,UNIDAD,
B15,CUCHARAS SUNDAE BLANCA X50U,"1,500.00",0.00,VASA,UNIDAD,
B150,PRECINTOS 6CM X 20G,590.00,0.00,,UNIDAD,
B152,BANDEJA ALUMINIO N°20 X1 HORNAL,350.00,-10.00,VASA,UNIDAD,
B153,BANDEJA ALUMINIO N°20 X5 HORNAL,"1,400.00",-2.00,VASA,UNIDAD,
B154,BANDEJA ALUMINIO N°23 X1 HORNAL,400.00,0.00,VASA,UNIDAD,
B155,SORBETES FLEXIBLES SUR X100 VERDE,"4,500.00",0.00,,UNIDAD,
B157,BANDEJA ALUMINIO N°23 X5 HORNAL,"1,700.00",0.00,VASA,UNIDAD,
B159,BANDEJA ALUMINIO N°26 X1 HORNAL,500.00,0.00,VASA,UNIDAD,
B16,CUCHARAS SUNDAE BLANCA X25U,"1,000.00",0.00,VASA,UNIDAD,
B160,BANDEJA ALUMINIO Nº26 X5 HORNAL,"2,100.00",0.00,VASA,UNIDAD,
B161,BANDEJA ALUMINIO N°30 X1 HORNAL,700.00,-15.00,VASA,UNIDAD,
B162,BANDEJA ALUMINIO Nº30 X5 HORNAL,"3,200.00",-3.00,VASA,UNIDAD,
B163,BANDEJA ALUMINIO N°33 X1 HORNAL,"1,000.00",0.00,COTILLON CASA ALBERTO,UNIDAD,
B164,BANDEJA ALUMINIO N°33 X5 HORNAL,"4,100.00",0.00,COTILLON CASA ALBERTO,UNIDAD,
B166,BANDEJA ALUMINIO RECTANG. F200 (28X18CM) X1,800.00,0.00,COTILLON CASA ALBERTO,UNIDAD,
B167,BANDEJA ALUMINIO RECTANG. F200 (28X18CM) X5,"3,500.00",0.00,COTILLON CASA ALBERTO,UNIDAD,
B168,BANDEJA ALUMINIO RECTANG. F100 (20X13CM) X1,400.00,0.00,COTILLON CASA ALBERTO,UNIDAD,
B169,BANDEJA ALUMINIO RECTANG. F100 (20X13CM) X5,"1,600.00",0.00,COTILLON CASA ALBERTO,UNIDAD,
B17,CUCHARAS SUNDAE COLOR X25U,"1,100.00",-4.00,VASA,UNIDAD,
B170,"BANDEJA ALUMINIO RECTANG. F75 (14,5X10CM) X1",300.00,0.00,COTILLON CASA ALBERTO,UNIDAD,
B171,"BANDEJA ALUMINIO RECTANG. F75 (14,5X10CM) X5","1,200.00",0.00,COTILLON CASA ALBERTO,UNIDAD,
B172,FLANERA ALUMINIO V-130 (8X4 CM) X1,200.00,0.00,VASA,UNIDAD,
B173,FLANERA ALUMINIO V-130 (8X4 CM) X10,"1,500.00",0.00,VASA,UNIDAD,
B174,MOLDE BUDIN 300 GR X1,300.00,0.00,VASA,UNIDAD,
B175,MOLDE BUDIN 300 GR X10,"2,500.00",0.00,VASA,UNIDAD,
B176,MOLDE BUDIN 250G ALUMINIO X 1,300.00,0.00,BUONA FORTUNA,UNIDAD,
B176/1,MOLDE BUDIN 250G ALUMINIO X 10 U,"2,600.00",0.00,BUONA FORTUNA,UNIDAD,
B177,VASITO 110CC C/TAPA X1,300.00,-220.00,VASA,UNIDAD,
B178,VASITO 110CC C/TAPA X10,"2,200.00",-22.00,VASA,UNIDAD,
B18,CUCHARAS SUNDAE COLOR X50U,"1,600.00",-2.00,VASA,UNIDAD,
B180,VASITO 110CC C/TAPA X50,"8,900.00",-4.00,VASA,UNIDAD,
B181,CUCHARA CAFE MINI X25,700.00,-5.00,VASA,UNIDAD,
B182,CUCHARA CAFE MINI X50U,"1,000.00",-2.00,VASA,UNIDAD,
B184,CUCHARITAS MINI CRISTAL X25,"2,500.00",0.00,VASA,UNIDAD,
B185,CUCHARITAS MINI CRISTAL X50,"4,000.00",0.00,VASA,UNIDAD,
B190,PAPEL ALUMINIO,"2,200.00",-14.00,VASA,UNIDAD,
B191,PAPEL MANTECA 5MT NEW PACK X 1U,"2,200.00",-14.00,VASA,UNIDAD,
B192,PAPEL FILM 30MT NEW PACK X 1U,"1,500.00",-17.00,VASA,UNIDAD,
B193,SORBETES NEGROS X50,700.00,-3.00,VASA,UNIDAD,
B198,SORBETE PLASTICO UNICORNIO,"5,500.00",0.00,,UNIDAD,
B199,SORBETES PLAST. CON FUNDA X25,400.00,0.00,,UNIDAD,
B2,AIR FRYER 160MM X 45MM X9,"1,350.00",-1.00,VASA,UNIDAD,
B20,CUCHARA SOPERA X25U,"1,900.00",-1.00,VASA,UNIDAD,
B200,SORBETES PLAST. CON FUNDA X50,600.00,0.00,,UNIDAD,
B205,BOLSA PAPEL KRAFT N°4 X50,"2,000.00",0.00,VASA,UNIDAD,
B206,BOLSA PAPEL KRAFT N°4 X10,600.00,-1.00,VASA,UNIDAD,
B207,BOLSA PAPEL KRAFT N°3 X10,550.00,0.00,,UNIDAD,
B208,BOLSA PAPEL KRAFT N°3 X50U,"1,600.00",0.00,VASA,UNIDAD,
B209,BOLSA PAPEL KRAFT N°2 X10,300.00,0.00,,UNIDAD,
B21,CUCHARA SOPERA X50U,"2,800.00",0.00,VASA,UNIDAD,
B210,BOLSA PAPEL KRAFT N°2 X50,"1,000.00",0.00,,UNIDAD,
B211,BANDEJA REDONDA CARTON 13 X1,100.00,-50.00,VASA,UNIDAD,
B212,BANDEJA REDONDA CARTON 13 X10,650.00,-5.00,VASA,UNIDAD,
B214,BANDEJA REDONDA CARTON 14 X1,150.00,-110.00,VASA,UNIDAD,
B215,BANDEJA REDONDA CARTON 14 X10,"1,000.00",-11.00,VASA,UNIDAD,
B217,BANDEJA REDONDA CARTON 15 X1,200.00,-30.00,VASA,UNIDAD,
B218,BANDEJA REDONDA CARTON 15 X10,"1,100.00",-3.00,VASA,UNIDAD,
B22,TENEDORES X25U,"1,500.00",-2.00,VASA,UNIDAD,
B220,BANDEJA REDONDA CARTON 16 X1,250.00,0.00,VASA,UNIDAD,
B221,BANDEJA REDONDA CARTON 16 X10,"1,800.00",0.00,VASA,UNIDAD,
B222,BANDEJA CARTON GRIS N° 2 X1 RECTANGULAR,50.00,-50.00,VASA,UNIDAD,
B223,BANDEJA CARTON GRIS N° 2 X10 RECTANGULAR,350.00,-5.00,VASA,UNIDAD,
B224,BANDEJA CARTON GRIS N° 3 X 1U RECTANGULAR,100.00,-30.00,VASA,UNIDAD,
B225,BANDEJA CARTON GRIS N° 3 X10U RECTANGULAR,450.00,-3.00,VASA,UNIDAD,
B229,BANDEJA RECTANGULAR CARTON 4 X1,100.00,-60.00,VASA,UNIDAD,
B23,TENEDORES X50U,"2,000.00",-1.00,VASA,UNIDAD,
B230,BANDEJA RECTANGULAR CARTON N° 4 X 10,500.00,-6.00,VASA,UNIDAD,
B231,BANDEJA RECTANGULAR CARTON 5 X1,100.00,-10.00,VASA,UNIDAD,
B232,BANDEJA RECTANGULAR CARTON 5 X10,600.00,-1.00,VASA,UNIDAD,
B234,BANDEJA RECTANGULAR CARTON 6 X1,100.00,-10.00,VASA,UNIDAD,
B235,BANDEJA RECTANGULAR CARTON 6 X10,790.00,-1.00,VASA,UNIDAD,
B238,BANDEJA RECTANGULAR CARTON 7 X10,"1,100.00",-2.00,VASA,UNIDAD,
B239,BANDEJA RECTANGULAR CARTON 8 X1,200.00,-10.00,VASA,UNIDAD,
B24,CUCHILLOS PLASTICOS X25U,"1,500.00",0.00,VASA,UNIDAD,
B240,BANDEJA RECTANGULAR CARTON 8 X10,"1,200.00",-1.00,VASA,UNIDAD,
B249,POTE VAINILLA C/TAPA 280CC X10,"3,900.00",0.00,,UNIDAD,
B25,CUCHILLOS PLASTICOS X50U,"2,000.00",0.00,VASA,UNIDAD,
B250,POTE VAINILLA C/TAPA 280CC X1,450.00,0.00,,UNIDAD,
B260,PALITOS BROCHETTE 25CM X 90U APROX.,"1,500.00",-12.00,VASA,UNIDAD,
B29,VASO 180CC LUNARES X10U,600.00,0.00,COTILLON CASA ALBERTO,UNIDAD,
B3,LAMINA FOLEX POLYFILM 25 X 35 X 1KG,"14,000.00",0.00,VASA,UNIDAD,
B300,VASO AMERICANO 500CC X 1,200.00,0.00,,UNIDAD,
B301,VASO AMERICANO 500C X 10,"1,500.00",0.00,,UNIDAD,
B302,CUCHARITAS SUNDAE CRISTAL X25,"1,000.00",-7.00,,UNIDAD,
B303,CUCHARITAS SUNDAE CRISTAL X50,"1,500.00",-3.00,,UNIDAD,
B31,COPA VICTORIA X1,450.00,0.00,COTILLON CASA ALBERTO,UNIDAD,
B32,COPA VICTORIA X10,"4,000.00",0.00,COTILLON CASA ALBERTO,UNIDAD,
B33,VASOS IMPERIAL X1,700.00,0.00,COTILLON CASA ALBERTO,UNIDAD,
B34,VASOS IMPERIAL X10,"5,800.00",0.00,COTILLON CASA ALBERTO,UNIDAD,
B35,COPA CHAMPAGNE X1,550.00,90.00,COTILLON CASA ALBERTO,UNIDAD,
B36,COPA CHAMPAGNE X10,"4,800.00",9.00,COTILLON CASA ALBERTO,UNIDAD,
B37,VASO COLA CRISTAL X10,"3,900.00",0.00,COTILLON CASA ALBERTO,UNIDAD,
B38,VASO COLA CRISTAL X1,500.00,0.00,COTILLON CASA ALBERTO,UNIDAD,
B39,COPA MARGARITA X10,"10,250.00",0.00,COTILLON CASA ALBERTO,UNIDAD,
B4,LAMINA FOLEX POLYFILM 25 X 35 X 500G,"8,000.00",0.00,VASA,UNIDAD,
B40,COPA MARGARITA X1,"1,200.00",0.00,COTILLON CASA ALBERTO,UNIDAD,
B41,COPA NANCY X1,600.00,0.00,COTILLON CASA ALBERTO,UNIDAD,
B42,COPA NANCY X10,"5,400.00",0.00,COTILLON CASA ALBERTO,UNIDAD,
B43,COPA SUNDAE X1,350.00,388.00,COTILLON CASA ALBERTO,UNIDAD,
B44,COPA SUNDAE X10,"3,000.00",38.00,COTILLON CASA ALBERTO,UNIDAD,
B45,VASITO VASO POSTRE CUADRADO LP X1,400.00,0.00,COTILLON CASA ALBERTO,UNIDAD,
B46,VASITO VASO POSTRE CUADRADO LP X10,"3,500.00",0.00,COTILLON CASA ALBERTO,UNIDAD,
B47,VASITO VASO POSTRE TEQUILA LP X1,300.00,0.00,COTILLON CASA ALBERTO,UNIDAD,
B49,VASITO VASO POSTRE TEQUILA LP X10,"2,500.00",0.00,COTILLON CASA ALBERTO,UNIDAD,
B5,VASO TERMICO 180CC X 25U ENPOLEX,"2,700.00",0.00,VASA,UNIDAD,
B50,VASITO VASO POSTRE 100CC BOYANO X|,550.00,-20.00,COTILLON CASA ALBERTO,UNIDAD,
B51,VASITO VASO POSTRE 100CC BOYANO X10,"4,400.00",-2.00,COTILLON CASA ALBERTO,UNIDAD,
B53,VASO 330CC NATURAL X 1,150.00,-30.00,COTILLON CASA ALBERTO,UNIDAD,
B54,VASO 500 CC. NATURAL X 1,250.00,0.00,COTILLON CASA ALBERTO,UNIDAD,
B55,VASO 330CC NATURAL X 10,"1,000.00",-3.00,COTILLON CASA ALBERTO,UNIDAD,
B56,VASO 500 CC. NATURAL X 10,"1,800.00",0.00,COTILLON CASA ALBERTO,UNIDAD,
B57,VASO 500CC PVC COLORES X 1,"1,000.00",-2.00,,UNIDAD,
B58,VASO 500CC SHAKER C/TAPA Y SORBETE X1 COLORES,"1,100.00",0.00,BUONA FORTUNA,UNIDAD,
B59,VASO 500CC SHAKER C/TAPA Y SORBETE X10 COLORES,"9,900.00",0.00,BUONA FORTUNA,UNIDAD,
B6,VASO TERMICO 120CC X 25U ENPOLEX,"2,200.00",-1.00,VASA,UNIDAD,
B60,VASO PLAST NEON 360 CC X1,250.00,0.00,,UNIDAD,
B61,VASO PLAST NEON 360 CC X10,"1,800.00",0.00,,UNIDAD,
B62,VASO 800CC PP NEW BIG X 1,"1,300.00",0.00,AICHINO HECTOR,UNIDAD,
B63,VASO FRAPPE C/TAPA 480CC X1,"1,100.00",0.00,COTILLON CASA ALBERTO,UNIDAD,
B65,VASO FRAPPE C/TAPA 480CC X10,"9,400.00",0.00,COTILLON CASA ALBERTO,UNIDAD,
B66,VASO 1000CC. NATURAL X1,450.00,-60.00,,UNIDAD,
B67,VASO 1000CC. NATURAL X10,"3,500.00",-6.00,,UNIDAD,
B7,BOLSA ROLLO 30X40 X 1U,"6,200.00",-5.00,VASA,UNIDAD,
B70,MINI TENEDOR CRISTAL 25U LUCA,"2,500.00",-2.00,LUCA PLASTIC,UNIDAD,
B71,POTE C/TAPA 150 CC X1,300.00,-93.00,VASA,UNIDAD,
B72,POTE C/TAPA 150 CC X10,"2,200.00",-9.00,VASA,UNIDAD,
B73,POTE C/TAPA 250 CC X1,350.00,-70.00,VASA,UNIDAD,
B74,POTE C/TAPA 250 CC X10,"2,400.00",-7.00,VASA,UNIDAD,
B75,POTE C/TAPA 500 CC X1,400.00,-10.00,VASA,UNIDAD,
B76,POTE C/TAPA 500 CC X10,"3,200.00",-1.00,VASA,UNIDAD,
B8,BOLSA ROLLO 25X35 X 1U,"6,200.00",-1.00,VASA,UNIDAD,
B80,BANDEJA 103 MICRO C/TAPA BANDEX X 1U,0.00,0.00,VASA,UNIDAD,
B9,BOLSA ROLLO 15X25,"6,100.00",0.00,VASA,UNIDAD,
CKD245,"DISCO EXPANDIDO 24,5 CM X 1U",250.00,0.00,VASA,UNIDAD,
CKD245-1,"DISCO EXPANDIDO 24,5 CM X 5U","1,000.00",0.00,VASA,UNIDAD,
CKD30,DISCO EXPANDIDO N° 30 X 1 UNID.,250.00,100.00,VASA,UNIDAD,
CKD301,DISCO EXPANDIDO N° 30 X 5 UNID,"1,000.00",20.00,VASA,UNIDAD,
D1,ANILLITOS DULCES 400G DANAL,"4,100.00",-2.00,"DANAL, DANAL",UNIDAD,
D10,PALITOS SALADOS 100G DANAL,"1,100.00",0.00,"DANAL, DANAL",UNIDAD,
D11,PALITOS SALADOS 200G DANAL,"1,900.00",-4.00,"DANAL, DANAL",UNIDAD,
D12,CASCARONES 150G DANAL,"2,900.00",-5.00,"DANAL, DANAL",UNIDAD,
D13,CASCARONES 75G DANAL,"1,800.00",-3.00,"DANAL, DANAL",UNIDAD,
D14,PAPAS FRITAS 150G DANAL,"2,800.00",-2.00,"DANAL, DANAL",UNIDAD,
D15,PAPAS FRITAS 400G DANAL,"5,900.00",-11.00,"DANAL, DANAL",UNIDAD,
D16,PAPAS FRITAS 550G DANAL,"8,200.00",-8.00,"DANAL, DANAL",UNIDAD,
D17,PAPAS FRITAS 800G DANAL,"10,700.00",-5.00,"DANAL, DANAL",UNIDAD,
D18,CASCARONES 400G DANAL,"6,400.00",-6.00,"DANAL, DANAL",UNIDAD,
D19,CHIZITOS 700G DANAL,"6,200.00",-6.00,"DANAL, DANAL",UNIDAD,
D2,ANILLITOS DULCES 700G DANAL,"6,400.00",0.00,"DANAL, DANAL",UNIDAD,
D20,CHIZITOS 330G DANAL,"3,900.00",-8.00,"DANAL, DANAL",UNIDAD,
D21,PALITOS SALADOS KG DANAL,"6,100.00",-3.00,"DANAL, DANAL",UNIDAD,
D22,PALITOS SALADOS 500G DANAL,"3,500.00",-11.00,"DANAL, DANAL",UNIDAD,
D23,MANI PELADO 200G DANAL,"2,600.00",-1.00,"DANAL, DANAL",UNIDAD,
D24,CHIZITO 90G DANAL,"1,400.00",-4.00,"DANAL, DANAL",UNIDAD,
D25,PAPAS FRITAS 90G DANAL,"1,800.00",-2.00,"DANAL, DANAL",UNIDAD,
D26,LLUVIA DE PAPAS 200G DANAL,"3,300.00",-2.00,"DANAL, DANAL",UNIDAD,
D27,LLUVIAS DE PAPAS 65G DANAL,"1,600.00",0.00,"DANAL, DANAL",UNIDAD,
D3,MANI PELADO KG DANAL,"8,700.00",-2.00,"DANAL, DANAL",UNIDAD,
D4,MANI PELADO 500G DANAL,"4,700.00",-1.00,"DANAL, DANAL",UNIDAD,
D5,PIZZETAS 300G DANAL,"3,900.00",-3.00,"DANAL, DANAL",UNIDAD,
D6,CONITOS 90G DANAL,"2,400.00",-2.00,"DANAL, DANAL",UNIDAD,
D7,TUTUCAS 800G DANAL,"8,500.00",0.00,"DANAL, DANAL",UNIDAD,
D8,TUTUCAS 300G DANAL,"4,300.00",-3.00,"DANAL, DANAL",UNIDAD,
D9,DULCITAS 400G DANAL,"3,900.00",-2.00,"DANAL, DANAL",UNIDAD,
E11,BIZCOCHUELO NATALIA 2KG RECTANGULAR VAINILLA,"15,800.00",-2.00,"NATALIA, MATI",UNIDAD,
EA1,BANDEJA CARTON LAMINADA DORADA RECT 1 KG (23X28) X 1U,550.00,-6.00,VASA,UNIDAD,
EA1.5,"BANDEJA CARTON LAMINADA DORADA RECT 1,5KG (28X30) X 1U",750.00,-11.00,VASA,UNIDAD,
EA2,BANDEJA CARTON LAMINADA DORADA RECT 2 KG (30X40) X 1U,"1,200.00",-11.00,VASA,UNIDAD,
EA26,BANDEJA CARTON LAMINADA DORADA 26CM X 1U,550.00,-27.00,VASA,UNIDAD,
EA28,BANDEJA CARTON LAMINADA DORADA 28CM X 1U,700.00,0.00,VASA,UNIDAD,
EA3,BANDEJA CARTON LAMINADA DORADA RECT 3 KG (35X45) X 1 U,"2,300.00",-7.00,VASA,UNIDAD,
EA30,BANDEJA CARTON LAMINADA DORADA 30CM X 1 U,750.00,-38.00,VASA,UNIDAD,
EA33,BANDEJA CARTON LAMINADA DORADA 33CM X 1U,900.00,-4.00,VASA,UNIDAD,
EA36,BANDEJA CARTON LAMINADA DORADA 36CM X 1U,"1,300.00",-6.00,VASA,UNIDAD,
EA750,BANDEJA CARTON LAMINADA DORADA RECT 750G (20X27) X 1 U,450.00,0.00,VASA,UNIDAD,
I5,GLOBOS BAUTISMO VARON X16,"1,600.00",-1.00,,UNIDAD,
J,BOCADITOS LOUNCH ROSSI 24U REDONDOS,"5,500.00",0.00,ROSSI,UNIDAD,
J1,BOCADITOS LOUNCH ROSSI 24U CUADRADOS,"5,500.00",0.00,ROSSI,UNIDAD,
J10,PIONONO NATALIA,"2,800.00",0.00,"NATALIA, MATI",UNIDAD,
J11,PIONONO LIVIAN SALADO 180G,"2,400.00",-1.00,BARTOLO,UNIDAD,
J12,PIONONOS LIVIAN TRADICIONAL DULCE 180G,"2,000.00",-7.00,BARTOLO,UNIDAD,
J13,PIONONOS ROSSI DULCE GRANDE,"3,700.00",0.00,ROSSI,UNIDAD,
J14,PIONONO EN CAPAS ROSSI 320G,"7,400.00",0.00,ROSSI,UNIDAD,
J18,BOMBAS DE CREMA 32U ROSSI,"6,600.00",0.00,ROSSI,UNIDAD,
J19,PASTA PARA PASTILLAJE 250G CORAL,"1,800.00",-1.00,BYC,UNIDAD,
J20,GLASE REAL POLVO CORAL 200G,"2,100.00",0.00,BYC,UNIDAD,
J21,PASTA DE GOMA CORAL 250G,"2,000.00",0.00,BYC,UNIDAD,
J22,PASTA CARMELA BLANCA 500G,"4,500.00",-2.00,BYC,UNIDAD,
J30,BIZCOCHUELO CAPAS MINI ROSSI 500G,"6,500.00",0.00,ROSSI,UNIDAD,
J31,BIZCOCHUELO CUADRADO CHICO ROSSI 700G,"6,800.00",0.00,ROSSI,UNIDAD,
J32,BIZCOCHUELO CHICO REDONDO ROSSI,"11,300.00",0.00,ROSSI,UNIDAD,
J33,BIZCOCHUELO CHICO RECTANGULAR ROSSI,"11,300.00",0.00,ROSSI,UNIDAD,
J34,BIZCOCHUELO MEDIANO REDONDO ROSSI,"16,800.00",0.00,ROSSI,UNIDAD,
J35,BIZCOCHUELO MEDIANO RECTANGULAR ROSSI,"16,800.00",0.00,ROSSI,UNIDAD,
J36,BIZCOCHUELO GRANDE RECTANGULAR ROSSI,"21,500.00",0.00,ROSSI,UNIDAD,
J3982,VELA FINITA C/BRILLO C/PORTAVELA X 6,"2,500.00",0.00,AICHINO HECTOR,UNIDAD,
J4,CAÑONCITOS ROSSI 50U,"7,300.00",-1.00,ROSSI,UNIDAD,
J5,MERENGUES ROSSI 250G,"3,400.00",-3.00,ROSSI,UNIDAD,
J6,MERENGUES ROSSI 100G,"1,500.00",-6.00,ROSSI,UNIDAD,
J7,MINI MERENGUES ROSSI 100G,"1,600.00",0.00,ROSSI,UNIDAD,
J8,MERENGUES LIVIAN 100G,"1,700.00",-58.00,,UNIDAD,
Q,BENGALA C/BRILLO PARA TORTA X 1U,"1,100.00",-6.00,,UNIDAD,
Q1,BENGALA HOLOGRAFICA P/TORTA X 1U,600.00,-493.00,,UNIDAD,
V1,NUMERO GOMA EVA C/MECHA X 1U (CLAUDIO),700.00,-2.00,CREACIONES CLAUDIO,UNIDAD,
V3,VELA NUMERO TELGOP MED X 1U (LILI),700.00,-1.00,LILI,UNIDAD,
V4,VELA NUMERO TELGOP GRANDE X 1U (LILI),900.00,0.00,LILI,UNIDAD,
V5,VELA NUMERO TELGOP GDE C/BRILLO X 1 (KARI),600.00,-2.00,KARI MAQUETAS,UNIDAD,
V6,VELA NUMERO TELGOP CHICO CON PALITO LARGO X 1 (KARI),550.00,-7.00,KARI MAQUETAS,UNIDAD,
V8,VELA NUMERO TELGOP LUNARES X 1U (RICKY),600.00,0.00,RICKY,UNIDAD,
VB180,VASO 180CC BLANCO X 100U,"5,300.00",-3.30,VASA,UNIDAD,
VC180,VASO 180CC COLOR X 100 U,"5,900.00",0.00,VASA,UNIDAD,
VN330,VASO 330CC NATURAL X 100 U,"7,000.00",-0.30,VASA,UNIDAD,
WO105,BANDEJA 105 MICRO WORK X 100U,"15,800.00",-0.30,VASA,UNIDAD,
WO105/10,BANDEJA 105 MICRO WORK X 10 U,"2,000.00",-3.00,VASA,UNIDAD,
WO105/50,BANDEJA 105 MICRO WORK X 50 U,"8,500.00",0.00,VASA,UNIDAD,70
WO107,BANDEJA 107 MICRO WORK X 100 U,"29,500.00",-0.40,VASA,UNIDAD,
WO107/1,BANDEJA 107 MICRO WORK X 1 U,450.00,-40.00,VASA,UNIDAD,
WO107/10,BANDEJA 107 MICRO WORK X 10 U,"3,800.00",-4.00,VASA,UNIDAD,
WO107/50,BANDEJA 107 MICRO WORK X 50 U,"15,900.00",0.00,VASA,UNIDAD,
Z10,GOMITAS LA PÑATA HUESOS 700G,0.00,0.00,CHIALVO S R L,UNIDAD,
Z102,PALITO DE LA SELVA CAJA 480G,"7,900.00",0.00,CHIALVO S R L,UNIDAD,
Z103,PICO DULCE TARRO 48U LHERITIER,"9,000.00",0.00,CHIALVO S R L,UNIDAD,
Z104,BOMBON SURTIDO KIOSCO EN CASA ARCOR 246G,"9,800.00",0.00,ARCOR,UNIDAD,
Z105,DUCREAM BOMBON 400G SURTIDO,"6,500.00",-2.00,CHIALVO S R L,UNIDAD,
Z108,CHUPETIN OJO PAYSANDU 20U,"3,900.00",0.00,OTERO,UNIDAD,
Z109,CHUPETIN PELOTA DEPORTIVA PAYSANDU 20U,"4,000.00",0.00,OTERO,UNIDAD,
Z110,CHUPETIN VARITA MAGICA PAYSANDU 12U,"2,800.00",0.00,OTERO,UNIDAD,
Z111,CHUPETIN PALETA MEDIANA PAYSANDU 12U,"3,300.00",-3.00,OTERO,UNIDAD,
Z112,CHUPETIN CHUPALETA MICKEY PAYSANDU 14U,"2,500.00",-2.00,OTERO,UNIDAD,
Z113,CHUPETIN PALETA MARGARITA PAYSANDU 12U,"2,800.00",0.00,OTERO,UNIDAD,
Z114,CHUPETIN PIRULIN PAYSANDU 30U,"2,900.00",-6.00,OTERO,UNIDAD,
Z115,CHUPETIN PALETA CHICA PAYSANDU 25U,"3,300.00",0.00,OTERO,UNIDAD,
Z116,CHUPETIN CORAZONCITO 3D 14U,"2,400.00",0.00,OTERO,UNIDAD,
Z117,CHUPETIN PATITAS MARENGO 50U,"3,000.00",0.00,CHIALVO S R L,UNIDAD,
Z118,CHUPETIN PALETA PINITO CRISTAL PAYSANDU 20U,"3,000.00",-1.00,OTERO,UNIDAD,
Z121,CHUPETIN COSMOS MISKY 500G,"4,800.00",0.00,CHIALVO S R L,UNIDAD,
Z122,CHUPETIN POP S TROMPITO TWISTER ARCOR X50U,"7,900.00",-1.00,ARCOR,UNIDAD,
Z127,TURRON ARROZ S/TACC TIMON CRUZ 20U,"4,300.00",0.00,TIMON CRUZ,UNIDAD,
Z128,TURRON ARROZ S/TACC EL ROCIO 30U,"5,200.00",-5.00,EL ROCIO,UNIDAD,
Z130,TURRON MISKY CAJA 50U,"12,800.00",0.00,CHIALVO S R L,UNIDAD,
Z131,TURRON FULBITO CAJA 50U,"8,700.00",-1.00,CHIALVO S R L,UNIDAD,
Z134,TURRON ARCOR CAJA 50U,"16,000.00",0.00,ARCOR,UNIDAD,
Z135,TUTUCAS S/TACC TIMON CRUZ 20U,"3,000.00",-7.00,TIMON CRUZ,UNIDAD,
Z137,JUGUITO MINYO CAJA 30U,"10,000.00",0.00,CHIALVO S R L,UNIDAD,
Z175,GALLETITA VAINILLA MAURI 80G,700.00,-20.00,CHIALVO S R L,UNIDAD,
Z176,GALLETAS MINI OREO 50G,"1,100.00",-12.00,QUIPAR,UNIDAD,
Z177,GALLETAS CHOCOPAMELA 220G,"1,600.00",-54.00,CHIALVO S R L,UNIDAD,
Z179,GALLETAS CHOCOLINAS 250G,"2,900.00",-27.00,ARCOR,UNIDAD,
Z180,GALLETAS DALE 3U VAINILLA,"1,500.00",-1.00,CHIALVO S R L,UNIDAD,
Z181,DULCE DE LECHE MILKAUT 395G,"2,900.00",0.00,VENDOR,UNIDAD,
Z191,CARAMELO MIEL ARCOR 675G,"14,500.00",0.00,ARCOR,UNIDAD,
Z192,CHUPETIN PALETA CARIOCA 10U,"3,000.00",0.00,OTERO,UNIDAD,
Z20,GOMITAS MISKY ACIDOS 500G,"4,700.00",0.00,CHIALVO S R L,UNIDAD,
Z200,CHOCOLATE TOFI 15G,"1,000.00",0.00,CHIALVO S R L,UNIDAD,
Z203,CHOCOLATE FERRERO ROCHER CAJA,"9,700.00",0.00,CHIALVO S R L,UNIDAD,
Z204,CHOCOLATE FERRERO ROCHER X3,"3,800.00",-2.00,CHIALVO S R L,UNIDAD,
Z205,CONFITES SUGUS,"1,500.00",0.00,CHIALVO S R L,UNIDAD,
Z206,MONEDAS CHOCOLATE BONAFIDE,"7,500.00",-3.00,CHIALVO S R L,UNIDAD,
Z207,CHOCOLATE BLOCK 38G,"2,000.00",-1.00,ARCOR,UNIDAD,
Z208,CHOCOLATE BARRITA KINDER,"1,400.00",-5.00,CHIALVO S R L,UNIDAD,
Z209,CHOCOLATE MARROC BOCADITO,"1,000.00",0.00,,UNIDAD,
Z210,PASTILLAS BIYU CORAZONES,"1,400.00",0.00,,UNIDAD,
Z211,CHUPETIN PUSH POP,850.00,0.00,CHIALVO S R L,UNIDAD,
Z212,MONEDAS DE CHOCOLATE X1,600.00,0.00,CHIALVO S R L,UNIDAD,
Z217,BOCADITO CABSHA X1,550.00,0.00,CHIALVO S R L,UNIDAD,
Z218,CHOCOLATE DOS CORAZONES,"2,000.00",-7.00,CHIALVO S R L,UNIDAD,
Z22,GOMITAS BULL DOG MINI REGALIZ 500G,"5,000.00",0.00,CHIALVO S R L,UNIDAD,
Z220,MENTOS,900.00,0.00,CHIALVO S R L,UNIDAD,
Z223,LICORSITAS FEL FORT X1,"1,500.00",0.00,CHIALVO S R L,UNIDAD,
Z225,GOMITAS YUMMY 30G TERROR,500.00,0.00,CHIALVO S R L,UNIDAD,
Z226,BOTELLA WISKY LICOR X1,"2,200.00",0.00,CHIALVO S R L,UNIDAD,
Z228,CHOCOLATE PARAGUAS X1,"1,100.00",0.00,CHIALVO S R L,UNIDAD,
Z229,AUTITO BUMPER,"2,000.00",0.00,CHIALVO S R L,UNIDAD,
Z230,SPRING POP,650.00,0.00,CHIALVO S R L,UNIDAD,
Z232,CHUPETIN RING POP,500.00,0.00,CHIALVO S R L,UNIDAD,
Z24,GOMITAS GOMUTCHO ACIDOS 500G,"3,800.00",0.00,CHIALVO S R L,UNIDAD,
Z250,CHOCOLATE BLOCK MINI 16G,"1,000.00",-1.00,ARCOR,UNIDAD,
Z26,GELATINAS DELLI JELLY,"6,600.00",0.00,CHIALVO S R L,UNIDAD,
Z27,MIEL CHICA 50U,"3,500.00",-3.00,OTERO,UNIDAD,
Z31,MASTICABLE FANTASY BERBAU 250G,"1,700.00",0.00,CHIALVO S R L,UNIDAD,
Z33,MASTICABLE RICOMAS MISKY 280G,"2,000.00",0.00,CHIALVO S R L,UNIDAD,
Z34,MASTICABLE PICO DULCE CREMY 500G,"5,800.00",0.00,CHIALVO S R L,UNIDAD,
Z35,MASTICABLE LHERITIER ECONOMICO 300G,"2,200.00",-4.00,CHIALVO S R L,UNIDAD,
Z36,MASTICABLE ARCOR FRUTALES 800G,"8,900.00",-3.00,ARCOR,UNIDAD,
Z37,MASTICABLE BABY DOLL 500G LHERITHIER,"4,500.00",0.00,ARCOR,UNIDAD,
Z38,CARAMELOS RELLENOS FRUTALES ARCOR 810G,"14,500.00",0.00,ARCOR,UNIDAD,
Z41,MALVAVISCO GONGYS 28G,500.00,-24.00,CHIALVO S R L,UNIDAD,
Z42,GALLINITAS EL ROCIO X25U,"3,800.00",-7.00,EL ROCIO,UNIDAD,
Z43,MASTICABLE FRUTA PAYSANDU 275G,"1,700.00",0.00,OTERO,UNIDAD,
Z45,MASTICABLE YOGURT PAYSANDU 275G,"1,800.00",0.00,OTERO,UNIDAD,
Z46,MASTICABLE PAYSANDU DULCE DE LECHE 275G,"1,700.00",-3.00,OTERO,UNIDAD,
Z55,HELADITOS EL ROCIO 25U,"3,000.00",-7.00,EL ROCIO,UNIDAD,
Z56,CHUPETINES ENROLADO SANTA RITA TUTTU FRUTTI 650G,"11,500.00",0.00,CHIALVO S R L,UNIDAD,
Z57,CARAMELOS ALKA ACIDOS,"12,000.00",0.00,,UNIDAD,
Z58,PALITOS DE LA SELVA 660G,"12,100.00",-1.00,CHIALVO S R L,UNIDAD,
Z64,CHUPETIN ENROLADO TUTTI FRUTTI 300G,"8,000.00",0.00,CHIALVO S R L,UNIDAD,
Z76,CUBANITO CHOCOSTAR 40U,"5,100.00",0.00,OTERO,UNIDAD,
Z77,PASTILLITAS CLIX5 240G,"2,200.00",-3.00,CHIALVO S R L,UNIDAD,
Z78,TITA CAJA 36U TERRABUSI,"33,000.00",0.00,CHIALVO S R L,UNIDAD,
Z79,BON O BON CAJA 30U,"18,600.00",0.00,ARCOR,UNIDAD,
Z80,VAQUITA BON BON 30U,"7,900.00",0.00,CHIALVO S R L,UNIDAD,
Z90,RHODESIA CAJA 36U TERRABUSI,"36,500.00",0.00,QUIPAR,UNIDAD,
Z92,CHICLE BUBALOO CAJA 60U TUTTU FRUTTI,"5,100.00",0.00,CHIALVO S R L,UNIDAD,
10712,MASTICABLE LENGUA LOCA  - TUTTI FRUTTI,"7,600.00",-1.00,,UNIDAD,
10712,MASTICABLE LENGUA LOCA  - FRUTILLA,"7,600.00",-1.00,,UNIDAD,
10712,MASTICABLE LENGUA LOCA  - AMARILLO TUTTI FRUTTI,"7,600.00",0.00,,UNIDAD,
1077,CHUPETIN PELOTITAS LHERITIER 50U  - TRI CAMPEONES ARGENTINA,"3,200.00",-8.00,,UNIDAD,
1160,VELAS CHICAS RAYADAS C/PORTA VELA 6CM X 24U BLISTER PARTY STORE  - ROSA Y BLANCO,"2,500.00",0.00,COTILLON CASA ALBERTO,UNIDAD,
1160,VELAS CHICAS RAYADAS C/PORTA VELA 6CM X 24U BLISTER PARTY STORE  - MULTICOLOR,"2,500.00",-1.00,COTILLON CASA ALBERTO,UNIDAD,
1160,VELAS CHICAS RAYADAS C/PORTA VELA 6CM X 24U BLISTER PARTY STORE  - CELESTE Y AZUL,"2,500.00",-6.00,COTILLON CASA ALBERTO,UNIDAD,
1160,VELAS CHICAS RAYADAS C/PORTA VELA 6CM X 24U BLISTER PARTY STORE  - ROSA Y FUCSIA,"2,500.00",-6.00,COTILLON CASA ALBERTO,UNIDAD,
1160,VELAS CHICAS RAYADAS C/PORTA VELA 6CM X 24U BLISTER PARTY STORE  - BLANCO-ROJO,"2,500.00",0.00,COTILLON CASA ALBERTO,UNIDAD,
1160,VELAS CHICAS RAYADAS C/PORTA VELA 6CM X 24U BLISTER PARTY STORE  - BLANCO,"2,500.00",-1.00,COTILLON CASA ALBERTO,UNIDAD,
1161,VELAS FINITAS 24U  - NEGRO,"2,500.00",-1.00,,UNIDAD,
1161,VELAS FINITAS 24U  AZUL BLANCO Y CELESTE,"2,500.00",0.00,,UNIDAD,
1161,VELAS FINITAS 24U  FUCSIA ROSA Y BLANCO,"2,500.00",0.00,,UNIDAD,
11610,VELA C/FORMITA  GLOBO PLATEADO,"1,000.00",0.00,,UNIDAD,
11610,VELA C/FORMITA  ESTRELLA PLATEADO,"1,000.00",0.00,,UNIDAD,
11611,VELAS PLASTICAS PELOTA DE FUTBOL 5U  5 PELOTAS,"3,500.00",0.00,,UNIDAD,
11611,VELAS PLASTICAS PELOTA DE FUTBOL 5U  2 BOTINES 3 PELOTAS,"3,500.00",0.00,,UNIDAD,
11613,VELAS DE FORMAS C/PORTAVELA  - DORADO,"2,000.00",0.00,,UNIDAD,
11614,VELAS DEGRADADAS C/PORTAVELA 6U  - VERDE,"1,500.00",0.00,,UNIDAD,
11616,VELAS ONDULADAS 6U  - AZUL,"2,500.00",0.00,,UNIDAD,
11616,VELAS ONDULADAS 6U  - PASTELES,"2,500.00",0.00,,UNIDAD,
1162,VELAS LARGAS METALIZADAS 8U  - DORADO,"3,900.00",-2.00,AICHINO HECTOR,UNIDAD,
1162,VELAS LARGAS METALIZADAS 8U  - PLATEADO,"3,900.00",-1.00,AICHINO HECTOR,UNIDAD,
1163,VELAS LARGAS C/GIBRE 17CM 12U PARTY STORE  - BLANCAS,"4,500.00",-2.00,COTILLON CASA ALBERTO,UNIDAD,
1163,VELAS LARGAS C/GIBRE 17CM 12U PARTY STORE  - CELESTE,"4,500.00",0.00,COTILLON CASA ALBERTO,UNIDAD,
1163,VELAS LARGAS C/GIBRE 17CM 12U PARTY STORE  - ROSA,"4,500.00",0.00,COTILLON CASA ALBERTO,UNIDAD,
1163,VELAS LARGAS C/GIBRE 17CM 12U PARTY STORE  - DORADO,"4,500.00",-4.00,COTILLON CASA ALBERTO,UNIDAD,
1163,VELAS LARGAS C/GIBRE 17CM 12U PARTY STORE  - NEGRO,"4,500.00",0.00,COTILLON CASA ALBERTO,UNIDAD,
1163,VELAS LARGAS C/GIBRE 17CM 12U PARTY STORE  - AZUL,"4,500.00",0.00,COTILLON CASA ALBERTO,UNIDAD,
1163,VELAS LARGAS C/GIBRE 17CM 12U PARTY STORE  - ROJO,"4,500.00",-1.00,COTILLON CASA ALBERTO,UNIDAD,
1163,VELAS LARGAS C/GIBRE 17CM 12U PARTY STORE  - PLATEADO,"4,500.00",-1.00,COTILLON CASA ALBERTO,UNIDAD,
1166,VELAS ESTRELLITAS MAGICAS  0 PLATEADO,"1,300.00",0.00,,UNIDAD,
1166,VELAS ESTRELLITAS MAGICAS  8 DORADO,"1,300.00",0.00,,UNIDAD,
1166,VELAS ESTRELLITAS MAGICAS  7 DORADO,"1,300.00",0.00,,UNIDAD,
1166,VELAS ESTRELLITAS MAGICAS  5 DORADO,"1,300.00",-1.00,,UNIDAD,
1166,VELAS ESTRELLITAS MAGICAS  0 ROSA GOLD,"1,300.00",0.00,,UNIDAD,
1166,VELAS ESTRELLITAS MAGICAS  6 DORADO,"1,300.00",0.00,,UNIDAD,
1166,VELAS ESTRELLITAS MAGICAS  4 DORADO,"1,300.00",0.00,,UNIDAD,
1166,VELAS ESTRELLITAS MAGICAS  3 DORADO,"1,300.00",0.00,,UNIDAD,
1166,VELAS ESTRELLITAS MAGICAS  1 DORADO,"1,300.00",0.00,,UNIDAD,
1166,VELAS ESTRELLITAS MAGICAS  0 DORADO,"1,300.00",0.00,,UNIDAD,
1166,VELAS ESTRELLITAS MAGICAS  2 DORADO,"1,300.00",0.00,,UNIDAD,
1168,VELAS LARGAS IMPRESAS 10U  - CELESTES,"3,000.00",-1.00,,UNIDAD,
1168,VELAS LARGAS IMPRESAS 10U  - ROSAS,"3,000.00",0.00,,UNIDAD,
1201,POSTER COMUNION  . PRIMERA COMUNION,"2,500.00",0.00,,UNIDAD,
1201,POSTER COMUNION  - COMUNION VITRAUX,"2,500.00",0.00,,UNIDAD,
1201,POSTER COMUNION  - MI PRIMERA CAPILLA CON ESPIGAS,"2,500.00",0.00,,UNIDAD,
12010,PLATOS IMPRESOS  - MI BAUTISMO,"1,200.00",0.00,,UNIDAD,
12018,ESTAMPAS DE COMUNION  X10 MI COMUNION,"1,000.00",0.00,,UNIDAD,
12018,ESTAMPAS DE COMUNION  X10 CALIZ,"1,000.00",0.00,,UNIDAD,
12018,ESTAMPAS DE COMUNION  X10 RECUERDO CONFIRMACION,"1,000.00",0.00,,UNIDAD,
12018,ESTAMPAS DE COMUNION  X10 CRUZ COMUNION,"1,000.00",0.00,,UNIDAD,
12018,ESTAMPAS DE COMUNION  X10 COMUNION ROSA GOLD,"1,000.00",0.00,,UNIDAD,
12018,ESTAMPAS DE COMUNION  X10 COMUNION CELESTE,"1,000.00",0.00,,UNIDAD,
12018,ESTAMPAS DE COMUNION  X10 COMUNION BIBLIA,"1,000.00",0.00,,UNIDAD,
12018,ESTAMPAS DE COMUNION  X10 COMUNION PULSERA,"1,000.00",0.00,,UNIDAD,
12020,POSTER INFANTIL OTERO X 1U  - TALLERES,"2,700.00",0.00,,UNIDAD,
12020,POSTER INFANTIL OTERO X 1U  - ARGENTINA FUTBOL,"2,700.00",-1.00,,UNIDAD,
12020,POSTER INFANTIL OTERO X 1U  - BELGRANO,"2,700.00",0.00,,UNIDAD,
12020,POSTER INFANTIL OTERO X 1U  - STITCH,"2,700.00",0.00,,UNIDAD,
12020,POSTER INFANTIL OTERO X 1U  - SONIC,"2,700.00",0.00,,UNIDAD,
12020,POSTER INFANTIL OTERO X 1U  - PAW PATROL,"2,700.00",0.00,,UNIDAD,
12020,POSTER INFANTIL OTERO X 1U  - PRINCESAS,"2,700.00",0.00,,UNIDAD,
12020,POSTER INFANTIL OTERO X 1U  - MOANA,"2,700.00",0.00,,UNIDAD,
12020,POSTER INFANTIL OTERO X 1U  - FROZEN,"2,700.00",0.00,,UNIDAD,
12020,POSTER INFANTIL OTERO X 1U  - LA GRANJA DE ZENON,"2,700.00",0.00,,UNIDAD,
12020,POSTER INFANTIL OTERO X 1U  - SIRENITA,"2,700.00",0.00,,UNIDAD,
12021,POSTER INFANTIL GOLD MUNDO X 1U  - INTER DE MIAMI,"2,100.00",0.00,,UNIDAD,
12022,PIÑATAS CARTON OTERO  - STITCH,"5,100.00",0.00,,UNIDAD,
12022,PIÑATAS CARTON OTERO  - ARGENTINA FUTBOL,"5,100.00",0.00,,UNIDAD,
12022,PIÑATAS CARTON OTERO  - BELGRANO,"5,100.00",-1.00,,UNIDAD,
12022,PIÑATAS CARTON OTERO  - SONIC,"5,100.00",0.00,,UNIDAD,
12022,PIÑATAS CARTON OTERO  - PAW PATROL,"5,100.00",0.00,,UNIDAD,
12022,PIÑATAS CARTON OTERO  - MOANA,"5,100.00",0.00,,UNIDAD,
12022,PIÑATAS CARTON OTERO  - FROZEN,"5,100.00",0.00,,UNIDAD,
12022,PIÑATAS CARTON OTERO  - SIRENITA,"5,100.00",0.00,,UNIDAD,
12022,PIÑATAS CARTON OTERO  - MICKEY MOUSE,"5,100.00",0.00,,UNIDAD,
12022,PIÑATAS CARTON OTERO  - GRANJA DE ZENON,"5,100.00",0.00,,UNIDAD,
12022,PIÑATAS CARTON OTERO  CAPIBARA CARPINCHO,"5,100.00",0.00,,UNIDAD,
12022,PIÑATAS CARTON OTERO  - PRINCESA,"5,100.00",0.00,,UNIDAD,
12023,PIÑATAS CARTON GOLD MUNDO  - UNICORNIO,"4,200.00",0.00,,UNIDAD,
12024,PLATOS INFANTILES OTERO  X8 MOANA,"3,000.00",0.00,,UNIDAD,
12024,PLATOS INFANTILES OTERO  X8 FROZEN,"3,000.00",0.00,,UNIDAD,
12024,PLATOS INFANTILES OTERO  X10 PAWPATROL,"3,000.00",0.00,,UNIDAD,
12024,PLATOS INFANTILES OTERO  X8 PRINCESAS,"3,000.00",0.00,,UNIDAD,
12024,PLATOS INFANTILES OTERO  X8 ARGENTINA FUTBOL,"3,000.00",-2.00,,UNIDAD,
12024,PLATOS INFANTILES OTERO  X8 STITCH,"3,000.00",0.00,,UNIDAD,
12024,PLATOS INFANTILES OTERO  X8 SONIC,"3,000.00",0.00,,UNIDAD,
12024,PLATOS INFANTILES OTERO  X8 BELGRANO,"3,000.00",0.00,,UNIDAD,
12024,PLATOS INFANTILES OTERO  X8 TALLERES,"3,000.00",0.00,,UNIDAD,
12024,PLATOS INFANTILES OTERO  X8 CARPINCHO CAPIBARA,"3,000.00",0.00,,UNIDAD,
12024,PLATOS INFANTILES OTERO  X8 MICKEY MOUSE,"3,000.00",0.00,,UNIDAD,
12025,PLATOS INFANTILES GOLD MUNDO  X8 CARPINCHO,"2,800.00",0.00,,UNIDAD,
12025,PLATOS INFANTILES GOLD MUNDO  X8 SAFARI,"2,800.00",0.00,,UNIDAD,
12025,PLATOS INFANTILES GOLD MUNDO  X1 MICKEY MOUSE,"2,800.00",0.00,,UNIDAD,
12026,SERVILLETERO INFANTIL OTERO  X15 LA SIRENITA,"1,800.00",0.00,,UNIDAD,
12026,SERVILLETERO INFANTIL OTERO  X15 GRANJA DE ZENON,"1,800.00",0.00,,UNIDAD,
12026,SERVILLETERO INFANTIL OTERO  X15 SPIDERMAN,"1,800.00",0.00,,UNIDAD,
12026,SERVILLETERO INFANTIL OTERO  X15 ARGENTINA EQUIPO,"1,800.00",0.00,,UNIDAD,
12027,BOLSITAS SORPRESA OTERO X 10U  X10 FROZEN,"2,500.00",0.00,,UNIDAD,
12027,BOLSITAS SORPRESA OTERO X 10U  X10 LA SIRENITA,"2,500.00",0.00,,UNIDAD,
12027,BOLSITAS SORPRESA OTERO X 10U  X10 MOANA,"2,500.00",0.00,,UNIDAD,
12027,BOLSITAS SORPRESA OTERO X 10U  X10 PAW PATROL,"2,500.00",0.00,,UNIDAD,
12027,BOLSITAS SORPRESA OTERO X 10U  X10 BELGRANO,"2,500.00",0.00,,UNIDAD,
12027,BOLSITAS SORPRESA OTERO X 10U  X10 STITCH,"2,500.00",0.00,,UNIDAD,
12027,BOLSITAS SORPRESA OTERO X 10U  X10 LA GRANJA DE ZENON,"2,500.00",0.00,,UNIDAD,
12027,BOLSITAS SORPRESA OTERO X 10U  X10 ARGENTINA EQUIPO,"2,500.00",0.00,,UNIDAD,
12028,VASOS INFANTILES OTERO X 8U  X8 MOANA,"3,000.00",0.00,,UNIDAD,
12028,VASOS INFANTILES OTERO X 8U  X8 PAW PATROL,"3,000.00",0.00,,UNIDAD,
12028,VASOS INFANTILES OTERO X 8U  X8 LA SIRENITA,"3,000.00",0.00,,UNIDAD,
12028,VASOS INFANTILES OTERO X 8U  X8 FROZEN,"3,000.00",0.00,,UNIDAD,
12028,VASOS INFANTILES OTERO X 8U  X8 STITCH,"3,000.00",0.00,,UNIDAD,
12028,VASOS INFANTILES OTERO X 8U  X8 ARGENTINA EQUIPO,"3,000.00",0.00,,UNIDAD,
12028,VASOS INFANTILES OTERO X 8U  X8 PRINCESAS,"3,000.00",0.00,,UNIDAD,
12029,SERVILLETAS GOLD MUNDO  X20 UNICORNIO,"2,000.00",0.00,,UNIDAD,
12029,SERVILLETAS GOLD MUNDO  X20 INTER DE MIAMI,"2,000.00",0.00,,UNIDAD,
12029,SERVILLETAS GOLD MUNDO  X12 FROZEN,"2,000.00",0.00,,UNIDAD,
12030,MANTELES INFANTILES OTERO X 1U  X1 FROZEN,"6,000.00",0.00,,UNIDAD,
12030,MANTELES INFANTILES OTERO X 1U  X1 PRINCESAS,"6,000.00",0.00,,UNIDAD,
12030,MANTELES INFANTILES OTERO X 1U  X1 CARPINCHOS,"6,000.00",0.00,,UNIDAD,
12030,MANTELES INFANTILES OTERO X 1U  X1 STITCH,"6,000.00",0.00,,UNIDAD,
12030,MANTELES INFANTILES OTERO X 1U  X1 PAW PATROL,"6,000.00",0.00,,UNIDAD,
12030,MANTELES INFANTILES OTERO X 1U  X1 BELGRANO,"6,000.00",0.00,,UNIDAD,
12030,MANTELES INFANTILES OTERO X 1U  X1 ARGENTINA EQUIPO,"6,000.00",0.00,,UNIDAD,
12031,INVITACIONES INFANTILES OTERO X 10U  X10 SONIC,"1,200.00",0.00,,UNIDAD,
12031,INVITACIONES INFANTILES OTERO X 10U  X10 PRINCESAS,"1,200.00",0.00,,UNIDAD,
12031,INVITACIONES INFANTILES OTERO X 10U  X10 LA GRANJA DE ZENON,"1,200.00",0.00,,UNIDAD,
12031,INVITACIONES INFANTILES OTERO X 10U  X10 PAW PATROL,"1,200.00",0.00,,UNIDAD,
12031,INVITACIONES INFANTILES OTERO X 10U  X10 FROZEN,"1,200.00",0.00,,UNIDAD,
12031,INVITACIONES INFANTILES OTERO X 10U  X10 MOANA,"1,200.00",0.00,,UNIDAD,
12031,INVITACIONES INFANTILES OTERO X 10U  X10 STITCH,"1,200.00",0.00,,UNIDAD,
12031,INVITACIONES INFANTILES OTERO X 10U  X10 SPIDERMAN,"1,200.00",0.00,,UNIDAD,
12031,INVITACIONES INFANTILES OTERO X 10U  X10 LA SIRENITA,"1,200.00",0.00,,UNIDAD,
12033,VASOS INFANTILES GOLD MUNDO  X10 UNICORNIO,"2,200.00",0.00,,UNIDAD,
12033,VASOS INFANTILES GOLD MUNDO  X10 INTER DE MIAMI,"2,200.00",0.00,,UNIDAD,
12034,ANTIFAZES INFANTILES OTERO  X8 MINNIE CLUB,"3,100.00",0.00,,UNIDAD,
12034,ANTIFAZES INFANTILES OTERO  X10 STITCH,"3,100.00",0.00,,UNIDAD,
12034,ANTIFAZES INFANTILES OTERO  X10 PRINCESAS,"3,100.00",0.00,,UNIDAD,
12034,ANTIFAZES INFANTILES OTERO  X10 TALLERES,"3,100.00",0.00,,UNIDAD,
12034,ANTIFAZES INFANTILES OTERO  X10 ARGENTINA EQUIPO,"3,100.00",0.00,,UNIDAD,
12034,ANTIFAZES INFANTILES OTERO  X8 MINNIE,"3,100.00",0.00,,UNIDAD,
12035,SERVILLETAS INFANTILES OTERO  X20 PRINCESAS,"3,000.00",0.00,,UNIDAD,
12035,SERVILLETAS INFANTILES OTERO  X20 PAW PATROL,"3,000.00",0.00,,UNIDAD,
12035,SERVILLETAS INFANTILES OTERO  X20 STITCH,"3,000.00",0.00,,UNIDAD,
12035,SERVILLETAS INFANTILES OTERO  X20 ARGENTINA EQUIPO,"3,000.00",-1.00,,UNIDAD,
12036,BOLSITAS SORPRESA GOLD MUNDO  X10 INTER DE MIAMI,"2,000.00",0.00,,UNIDAD,
12036,BOLSITAS SORPRESA GOLD MUNDO  X10 UNICORNIO,"2,000.00",-2.00,,UNIDAD,
12037,MANTELES INFANTILES GOLD MUNDO  X1 INTER DE MIAMI,"3,500.00",0.00,,UNIDAD,
12038,CAJA SORPRESA INFANTIL OTERO X 6U  X6 TALLERES,"5,500.00",0.00,,UNIDAD,
12038,CAJA SORPRESA INFANTIL OTERO X 6U  X6 STITCH,"5,500.00",0.00,,UNIDAD,
12038,CAJA SORPRESA INFANTIL OTERO X 6U  X8 MINNIE,"5,500.00",0.00,,UNIDAD,
12038,CAJA SORPRESA INFANTIL OTERO X 6U  X8 MINNIE CLUB,"5,500.00",0.00,,UNIDAD,
12038,CAJA SORPRESA INFANTIL OTERO X 6U  STITCH X8,"5,500.00",0.00,,UNIDAD,
12039,INVITACIONES INFANTILES GOLD MUNDO  X10 INTER DE MIAMI,700.00,0.00,,UNIDAD,
1204,SERVILLETAS MI BAUTISMO  - MI BAUTISMO,"1,200.00",0.00,,UNIDAD,
1204,SERVILLETAS MI BAUTISMO  MI BAUTISMO -,"1,200.00",0.00,,UNIDAD,
12040,BANDERIN INFANTILES GOLD MUNDO  X1 UNICORNIO,"3,000.00",0.00,,UNIDAD,
12041,"GLOBOS 9"" INFANTILES X15  - PRINCESAS","4,200.00",-3.00,,UNIDAD,
12044,SORBETES INFANTILES X6  X6 TALLERES,900.00,0.00,,UNIDAD,
12044,SORBETES INFANTILES X6  X6 BELGRANO,900.00,0.00,,UNIDAD,
12044,SORBETES INFANTILES X6  X10 MICKEY MOUSE,900.00,0.00,,UNIDAD,
12045,BANDERIN INFANTILES OTERO X 1U  X1 SPIDERMAN,"3,100.00",0.00,,UNIDAD,
12045,BANDERIN INFANTILES OTERO X 1U  X1 PRINCESAS,"3,100.00",0.00,,UNIDAD,
12045,BANDERIN INFANTILES OTERO X 1U  X1 STITCH,"3,100.00",0.00,,UNIDAD,
12045,BANDERIN INFANTILES OTERO X 1U  X1 FROZEN,"3,100.00",0.00,,UNIDAD,
12046,POCHOCLERA INFANTILES OTERO X 6U  X6 SPIDERMAN,"3,700.00",0.00,,UNIDAD,
1411,ETIQUETAS  - CORAZON ROMANTICO,600.00,0.00,,UNIDAD,
1411,ETIQUETAS  - RIVER,600.00,0.00,,UNIDAD,
1411,ETIQUETAS  - ANIMALITOS,600.00,0.00,,UNIDAD,
1411,ETIQUETAS  - COLLEGEX,600.00,0.00,,UNIDAD,
141101,HOJAS CUADRICULADAS 24 HOJAS EXITO  EXITO -,"2,500.00",0.00,,UNIDAD,
141101,HOJAS CUADRICULADAS 24 HOJAS EXITO  - EXITO,"2,500.00",0.00,,UNIDAD,
141103,HOJAS CUADRICULADAS EXITO 48 HOJAS  EXITO -,"4,500.00",0.00,,UNIDAD,
141108,HOJAS DE DIBUJO COLOR N°5  6 HOJAS MIL28,"1,000.00",0.00,,UNIDAD,
141108,HOJAS DE DIBUJO COLOR N°5  LUMA 6 HOJAS,"1,000.00",0.00,,UNIDAD,
141125,LAPIZ CORRECTOR  - FILGO,"1,500.00",0.00,,UNIDAD,
141125,LAPIZ CORRECTOR  - EZCO,"1,500.00",0.00,,UNIDAD,
141138,TIZAS COLOR X12  - PLAYCOLOR,"2,200.00",0.00,COMERCIAL SUMA SRL,UNIDAD,
141139,TIZAS BLANCAS X12  - -,"1,300.00",0.00,COMERCIAL SUMA SRL,UNIDAD,
141145,PORCELANA FRIA NICRON 250G  - ROSA,"2,900.00",0.00,,UNIDAD,
141145,PORCELANA FRIA NICRON 250G  - AZUL NOCHE,"2,900.00",0.00,,UNIDAD,
141145,PORCELANA FRIA NICRON 250G  - ROJO,"2,900.00",0.00,,UNIDAD,
141151,PAPEL CREPE  - CREPING,600.00,0.00,,UNIDAD,
141151,PAPEL CREPE  - SUPER CREPE,600.00,0.00,,UNIDAD,
141151,PAPEL CREPE  - CARPEL,600.00,0.00,,UNIDAD,
141151,PAPEL CREPE  CARPEL -,600.00,0.00,,UNIDAD,
141151,PAPEL CREPE  CARPEL CELESTE,600.00,0.00,,UNIDAD,
141151,PAPEL CREPE  CARPEL AZUL FRANCIA,600.00,0.00,,UNIDAD,
141151,PAPEL CREPE  LUNARES ROJO,600.00,0.00,,UNIDAD,
141151,PAPEL CREPE  LUNARES -,600.00,0.00,,UNIDAD,
1412,ROTULOS X12  - BAKUGAN,"1,100.00",0.00,,UNIDAD,
1412,ROTULOS X12  - PHINEAS AND FERB,"1,100.00",0.00,,UNIDAD,
1412,ROTULOS X12  - LOS PUMAS,"1,100.00",0.00,,UNIDAD,
1412,ROTULOS X12  - BOCA JUNIORS,"1,100.00",0.00,,UNIDAD,
1412,ROTULOS X12  - RIVER PLATE,"1,100.00",0.00,,UNIDAD,
1412,ROTULOS X12  - ARGENTINA,"1,100.00",0.00,,UNIDAD,
1412,ROTULOS X12  - REAL MADRID,"1,100.00",0.00,,UNIDAD,
1412,ROTULOS X12  - JUSTIN BIBER,"1,100.00",0.00,,UNIDAD,
14129,ACRILICOS  - MAIZ,"2,500.00",-4.00,COMERCIAL SUMA SRL,UNIDAD,
14129,ACRILICOS  - BLANCO,"2,500.00",-9.00,COMERCIAL SUMA SRL,UNIDAD,
14129,ACRILICOS  - ROSA FLUO,"2,500.00",-11.00,COMERCIAL SUMA SRL,UNIDAD,
14129,ACRILICOS  - AZUL THALO,"2,500.00",-8.00,COMERCIAL SUMA SRL,UNIDAD,
14129,ACRILICOS  - CELESTE BANDERA,"2,500.00",-1.00,COMERCIAL SUMA SRL,UNIDAD,
14129,ACRILICOS  - NARANJA CLARO,"2,500.00",-7.00,COMERCIAL SUMA SRL,UNIDAD,
14129,ACRILICOS  - BLANCO TITANIO,"2,500.00",-1.00,COMERCIAL SUMA SRL,UNIDAD,
14129,ACRILICOS  - NEGRO,"2,500.00",-4.00,COMERCIAL SUMA SRL,UNIDAD,
14129,ACRILICOS  - MANZANA PASTEL,"2,500.00",-2.00,COMERCIAL SUMA SRL,UNIDAD,
14129,ACRILICOS  - VERDE MANZANA,"2,500.00",0.00,COMERCIAL SUMA SRL,UNIDAD,
14129,ACRILICOS  - ROJO,"2,500.00",0.00,COMERCIAL SUMA SRL,UNIDAD,
14129,ACRILICOS  - ROSA CHICLE,"2,500.00",-2.00,COMERCIAL SUMA SRL,UNIDAD,
14129,ACRILICOS  - VERDE PASTEL,"2,500.00",0.00,COMERCIAL SUMA SRL,UNIDAD,
14129,ACRILICOS  - AMARILLO,"2,500.00",-14.00,COMERCIAL SUMA SRL,UNIDAD,
14129,ACRILICOS  - DURAZNO,"2,500.00",-3.00,COMERCIAL SUMA SRL,UNIDAD,
14129,ACRILICOS  - FUCSIA,"2,500.00",0.00,COMERCIAL SUMA SRL,UNIDAD,
14129,ACRILICOS  - PLATEADO,"2,500.00",0.00,COMERCIAL SUMA SRL,UNIDAD,
14129,ACRILICOS  - OCRE,"2,500.00",0.00,COMERCIAL SUMA SRL,UNIDAD,
14129,ACRILICOS  - OLEO,"2,500.00",-3.00,COMERCIAL SUMA SRL,UNIDAD,
14130,ACRILICO 200C  - AZUL,"4,500.00",-3.00,,UNIDAD,
141301,LAPICERA BORRABLE  - PUSHEEN,"4,500.00",0.00,COMERCIAL SUMA SRL,UNIDAD,
141301,LAPICERA BORRABLE  - STITCH,"4,500.00",0.00,COMERCIAL SUMA SRL,UNIDAD,
141306,CUADERNOS ASAMBLEA A4 80 HOJAS  RAYADO -,"3,500.00",0.00,COMERCIAL SUMA SRL,UNIDAD,
141306,CUADERNOS ASAMBLEA A4 80 HOJAS  CUADRICULADO -,"3,500.00",-1.00,COMERCIAL SUMA SRL,UNIDAD,
141307,CUADERNO TRIUNFANTE TAPA DURA 50 HOJAS  - ROJO,"7,500.00",0.00,COMERCIAL SUMA SRL,UNIDAD,
141307,CUADERNO TRIUNFANTE TAPA DURA 50 HOJAS  - VERDE,"7,500.00",0.00,COMERCIAL SUMA SRL,UNIDAD,
14135,ANOTADORES LISOS 80 HOJAS  - HUSARES,"2,000.00",0.00,,UNIDAD,
14135,ANOTADORES LISOS 80 HOJAS  - AVON,"2,000.00",0.00,,UNIDAD,
14139,MARCADOR FINO FABER CASTELL  - ROSA,"1,300.00",0.00,,UNIDAD,
14139,MARCADOR FINO FABER CASTELL  - AMARILLO,"1,300.00",0.00,,UNIDAD,
1414,MARCADOR PERMANENTE EDDING 400  - AZUL,"2,500.00",0.00,,UNIDAD,
1414,MARCADOR PERMANENTE EDDING 400  - ROJO,"2,500.00",0.00,,UNIDAD,
1414,MARCADOR PERMANENTE EDDING 400  - VERDE,"2,500.00",0.00,,UNIDAD,
14140,MARCADOR FINO MAPED  - AMARILLO,650.00,0.00,,UNIDAD,
14140,MARCADOR FINO MAPED  - FUCSIA,650.00,0.00,,UNIDAD,
14140,MARCADOR FINO MAPED  - ROSA,650.00,0.00,,UNIDAD,
14140,MARCADOR FINO MAPED  - ROSA PASTEL,650.00,0.00,,UNIDAD,
14140,MARCADOR FINO MAPED  - VERDE,650.00,0.00,,UNIDAD,
14140,MARCADOR FINO MAPED  - ROJO,650.00,0.00,,UNIDAD,
14140,MARCADOR FINO MAPED  - MARRON,650.00,0.00,,UNIDAD,
14140,MARCADOR FINO MAPED  - VERDE OSCURO,650.00,0.00,,UNIDAD,
14141,MARCADOR PERMANENTE SHARPIE  - AMARILLO,"1,200.00",0.00,,UNIDAD,
141424,TIARA CHICAS C/STRASS VS MODELOS X 1U  - ONDAS 1,"5,000.00",0.00,COTILLON CASA ALBERTO,UNIDAD,
141424,TIARA CHICAS C/STRASS VS MODELOS X 1U  - ONDAS 2,"5,000.00",0.00,COTILLON CASA ALBERTO,UNIDAD,
141424,TIARA CHICAS C/STRASS VS MODELOS X 1U  - ARABESCOS,"5,000.00",-4.00,COTILLON CASA ALBERTO,UNIDAD,
141431,UÑAS POSTIZAS C/BRILLO  - NARANJA,"1,600.00",0.00,,UNIDAD,
141435,GEL CON GLITTER CHICO  - PLATEADO,"2,200.00",0.00,,UNIDAD,
141435,GEL CON GLITTER CHICO  - DORADO,"2,200.00",0.00,,UNIDAD,
1415,MARCADOR FABER CASTELL  - VERDE,"1,500.00",0.00,,UNIDAD,
1415,MARCADOR FABER CASTELL  - VERDE 52,"1,500.00",0.00,,UNIDAD,
1415,MARCADOR FABER CASTELL  - VERDE 56,"1,500.00",0.00,,UNIDAD,
1415,MARCADOR FABER CASTELL  - AZUL,"1,500.00",0.00,,UNIDAD,
1415,MARCADOR FABER CASTELL  - MARRON,"1,500.00",0.00,,UNIDAD,
1415,MARCADOR FABER CASTELL  - GRIS,"1,500.00",0.00,,UNIDAD,
14157,REPUESTO DE DIBUJO BLANCO 8 HOJAS  - MIL28,"1,200.00",0.00,COMERCIAL SUMA SRL,UNIDAD,
14157,REPUESTO DE DIBUJO BLANCO 8 HOJAS  - -,"1,200.00",0.00,COMERCIAL SUMA SRL,UNIDAD,
1416,MARCADOR PELIKAN P/PIZARRA TRIANGULAR NEGRO  - VERDE 710,"2,000.00",0.00,COMERCIAL SUMA SRL,UNIDAD,
1416,MARCADOR PELIKAN P/PIZARRA TRIANGULAR NEGRO  - AZUL 711,"2,000.00",0.00,COMERCIAL SUMA SRL,UNIDAD,
1416,MARCADOR PELIKAN P/PIZARRA TRIANGULAR NEGRO  - MARRON 720,"2,000.00",0.00,COMERCIAL SUMA SRL,UNIDAD,
1417,MARADOR PELIKAN NEGRO PERMANENTE  - AZUL 441,"1,800.00",0.00,COMERCIAL SUMA SRL,UNIDAD,
1417,MARADOR PELIKAN NEGRO PERMANENTE  - AZUL 420,"1,800.00",0.00,COMERCIAL SUMA SRL,UNIDAD,
14172,PLASTICOLA DE COLOR  - VIOLETA BERENJENA,"1,200.00",0.00,,UNIDAD,
14172,PLASTICOLA DE COLOR  - AZUL MARINO,"1,200.00",0.00,,UNIDAD,
14172,PLASTICOLA DE COLOR  - CELESTE,"1,200.00",0.00,,UNIDAD,
14172,PLASTICOLA DE COLOR  - AZUL,"1,200.00",0.00,,UNIDAD,
14172,PLASTICOLA DE COLOR  - NEGRO,"1,200.00",0.00,,UNIDAD,
14172,PLASTICOLA DE COLOR  - NEGRO OSCURO,"1,200.00",0.00,,UNIDAD,
14172,PLASTICOLA DE COLOR  - VERDE GIBRE,"1,200.00",0.00,,UNIDAD,
14172,PLASTICOLA DE COLOR  - AMARILLO,"1,200.00",0.00,,UNIDAD,
14174,SACAPUNTAS CHICO  MAPED -,"1,000.00",0.00,,UNIDAD,
14174,SACAPUNTAS CHICO  - MAPED,"1,000.00",0.00,,UNIDAD,
14180,REPUESTO CALIGRAFIA X8 HOJAS  - RIVADAVIA,"1,200.00",0.00,,UNIDAD,
14180,REPUESTO CALIGRAFIA X8 HOJAS  - TANGO,"1,200.00",0.00,,UNIDAD,
14181,REPUESTO CALCAR  - RIVADAVIA,"1,300.00",0.00,,UNIDAD,
14181,REPUESTO CALCAR  - MIL28,"1,300.00",0.00,,UNIDAD,
14181,REPUESTO CALCAR  - TRIUNFANTE,"1,300.00",0.00,,UNIDAD,
14189,CUADERNOS HUSARES 16X21 CM 80H  - -,"2,600.00",-2.00,COMERCIAL SUMA SRL,UNIDAD,
14195,CUADERNO TAPA DURA LISA  RIVADAVIA ROSA,"5,400.00",0.00,,UNIDAD,
14195,CUADERNO TAPA DURA LISA  EXITO ROSA,"5,400.00",0.00,,UNIDAD,
14195,CUADERNO TAPA DURA LISA  EXITO NEGRO,"5,400.00",0.00,,UNIDAD,
14198,CUADERNO GRANDE RAYADA  - NEW YORK,"3,500.00",0.00,,UNIDAD,
14198,CUADERNO GRANDE RAYADA  - AMERICA TERRA,"3,500.00",0.00,,UNIDAD,
14198,CUADERNO GRANDE RAYADA  - KUALA LUMPUR,"3,500.00",0.00,,UNIDAD,
143-201,MADALENAS PAMELA  - DULCE DE LECHE,"2,200.00",0.00,VENDOR,UNIDAD,
143-201,MADALENAS PAMELA  - VAINILLA,"2,200.00",0.00,VENDOR,UNIDAD,
143-201,MADALENAS PAMELA  - MARMOLADAS,"2,200.00",0.00,VENDOR,UNIDAD,
143-3,BIZCOCHUELO EXQUISITA 540G  VAINILLA .,"4,000.00",-1.00,TADICOR S.A.,UNIDAD,
143-3,BIZCOCHUELO EXQUISITA 540G  LIMON .,"4,000.00",-2.00,TADICOR S.A.,UNIDAD,
143-3,BIZCOCHUELO EXQUISITA 540G  NARANJA .,"4,000.00",0.00,TADICOR S.A.,UNIDAD,
143-32,PASTA PARA CUBRIR TORTA 1 A 1 500GR COLOR  - FUCSIA,"4,300.00",-1.00,"1A1, CARLOS",UNIDAD,
143-32,PASTA PARA CUBRIR TORTA 1 A 1 500GR COLOR  - NEGRO,"4,300.00",-2.00,"1A1, CARLOS",UNIDAD,
143-32,PASTA PARA CUBRIR TORTA 1 A 1 500GR COLOR  - ROJO,"4,300.00",-2.00,"1A1, CARLOS",UNIDAD,
143-32,PASTA PARA CUBRIR TORTA 1 A 1 500GR COLOR  - AZUL,"4,300.00",0.00,"1A1, CARLOS",UNIDAD,
143-32,PASTA PARA CUBRIR TORTA 1 A 1 500GR COLOR  - AMARILLO,"4,300.00",-2.00,"1A1, CARLOS",UNIDAD,
143-32,PASTA PARA CUBRIR TORTA 1 A 1 500GR COLOR  - VIOLETA,"4,300.00",0.00,"1A1, CARLOS",UNIDAD,
143-46,BAÑO EASY MAPSA 150G  - BLANCO,"3,500.00",-1.00,SAPORE,UNIDAD,
143-46,BAÑO EASY MAPSA 150G  - LECHE,"3,500.00",-4.00,SAPORE,UNIDAD,
143-46,BAÑO EASY MAPSA 150G  - SEMI AMARGO,"3,500.00",0.00,SAPORE,UNIDAD,
143-49,BAÑO REPOSTERIA AGUILA SOBRE 150G  - BLANCO,"4,900.00",-3.00,ARCOR,UNIDAD,
143-49,BAÑO REPOSTERIA AGUILA SOBRE 150G  - C/LECHE,"4,900.00",-2.00,ARCOR,UNIDAD,
143-49,BAÑO REPOSTERIA AGUILA SOBRE 150G  - CELESTE,"4,900.00",-1.00,ARCOR,UNIDAD,
143-49,BAÑO REPOSTERIA AGUILA SOBRE 150G  - SEMI AMARGO,"4,900.00",-4.00,ARCOR,UNIDAD,
143-49,BAÑO REPOSTERIA AGUILA SOBRE 150G  FRUTILLA ROSA,"4,900.00",0.00,ARCOR,UNIDAD,
143-51,CHOCOLATE MAPSACUBER BOLSA 500G  - BLANCO,"9,200.00",-1.00,SAPORE,UNIDAD,
143-51,CHOCOLATE MAPSACUBER BOLSA 500G  - CELESTE,"9,200.00",-1.00,SAPORE,UNIDAD,
143-51,CHOCOLATE MAPSACUBER BOLSA 500G  - ROSA,"9,200.00",0.00,SAPORE,UNIDAD,
143-51,CHOCOLATE MAPSACUBER BOLSA 500G  - SEMI AMARGO,"9,200.00",-3.00,SAPORE,UNIDAD,
143-51,CHOCOLATE MAPSACUBER BOLSA 500G  - CON LECHE,"9,200.00",-9.00,SAPORE,UNIDAD,
143-62,CHOCOLATE ALPINO 500G  - C/LECHE,"8,500.00",0.00,LUCAS SANTIAGO,UNIDAD,
143-62,CHOCOLATE ALPINO 500G  - SEMI AMARGO,"8,500.00",-8.00,LUCAS SANTIAGO,UNIDAD,
143-62,CHOCOLATE ALPINO 500G  - BLANCO,"8,500.00",0.00,LUCAS SANTIAGO,UNIDAD,
143-70,TARTELETAS EDMY 35U  - SALADAS,"5,900.00",-4.00,COTILLON CASA ALBERTO,UNIDAD,
143-70,TARTELETAS EDMY 35U  - DULCES,"5,900.00",0.00,COTILLON CASA ALBERTO,UNIDAD,
143-72,TAPITAS ALFAJOR FANTOCHE 350G  - COMUN,"2,500.00",-21.00,DULCES VILLA ALLENDE,UNIDAD,
143-72,TAPITAS ALFAJOR FANTOCHE 350G  - MARMOLADA,"2,500.00",-14.00,DULCES VILLA ALLENDE,UNIDAD,
143-74,MRENGUITOS URQUIZA 100G  - BLANCO,"1,600.00",0.00,COTILLON CASA ALBERTO,UNIDAD,
143-74,MRENGUITOS URQUIZA 100G  - ROSA,"1,600.00",0.00,COTILLON CASA ALBERTO,UNIDAD,
143-74,MRENGUITOS URQUIZA 100G  - SURTIDO,"1,600.00",0.00,COTILLON CASA ALBERTO,UNIDAD,
143-8,AZUCAR COMUN X KG  - FRAGON,"1,500.00",-1.00,BYC,UNIDAD,
143-8,AZUCAR COMUN X KG  - SIDERAL,"1,500.00",-5.00,BYC,UNIDAD,
143-8,AZUCAR COMUN X KG  - LA ESTRELLA,"1,500.00",0.00,BYC,UNIDAD,
143.1,GLASE LISTO PSATELAR  - BLANCO,"2,700.00",0.00,,UNIDAD,
143.2,RELLENO UNTABLE  - BLOCK,"6,800.00",0.00,,UNIDAD,
143.2,RELLENO UNTABLE  - AVELLANA NUT,"6,800.00",-1.00,,UNIDAD,
143.2,RELLENO UNTABLE  - FONDUE,"6,800.00",-1.00,,UNIDAD,
143.2,RELLENO UNTABLE  - BON O BON,"6,800.00",-1.00,,UNIDAD,
143.2,RELLENO UNTABLE  - COFLER MARROC,"6,800.00",-2.00,,UNIDAD,
143.5,PETACAS DE LICOR  - DULCE DE LECHE,"2,500.00",0.00,,UNIDAD,
143.5,PETACAS DE LICOR  - CHOCOLATE,"2,500.00",0.00,,UNIDAD,
143.5,PETACAS DE LICOR  - CAFE,"2,500.00",0.00,,UNIDAD,
143.5,PETACAS DE LICOR  - VODKA,"2,500.00",0.00,,UNIDAD,
14314,GELATINAS ROYAL  - SIN SABOR,"1,400.00",0.00,,UNIDAD,
14314,GELATINAS ROYAL  - DURAZNO,"1,400.00",-1.00,,UNIDAD,
14314,GELATINAS ROYAL  - FRUTILLA,"1,400.00",-3.00,,UNIDAD,
14314,GELATINAS ROYAL  - NARANJA,"1,400.00",0.00,,UNIDAD,
14315,POSTRES ROYAL  - CHOCOLATE,"1,200.00",0.00,,UNIDAD,
14315,POSTRES ROYAL  - VAINILLA,"1,200.00",0.00,,UNIDAD,
14315,POSTRES ROYAL  - FLAN VAINILLA,"1,200.00",-2.00,,UNIDAD,
143170,GOTITAS MAPSA DROPS BOLSA 500G  - BLANCO,"7,500.00",-3.00,MAPSA,UNIDAD,
143170,GOTITAS MAPSA DROPS BOLSA 500G  - SEMIAMARGO,"7,500.00",-5.00,MAPSA,UNIDAD,
143205,SCRAPER PLASTICO LA BOTICA  - N1,"5,500.00",0.00,COTILLON CASA ALBERTO,UNIDAD,
143205,SCRAPER PLASTICO LA BOTICA  - N2,"5,500.00",0.00,COTILLON CASA ALBERTO,UNIDAD,
143205,SCRAPER PLASTICO LA BOTICA  - N3,"5,500.00",0.00,COTILLON CASA ALBERTO,UNIDAD,
143205,SCRAPER PLASTICO LA BOTICA  - N4,"5,500.00",0.00,COTILLON CASA ALBERTO,UNIDAD,
14374,CORTANTE MARCADOR PLAST.  - PELOTA,"1,500.00",-1.00,,UNIDAD,
14374,CORTANTE MARCADOR PLAST.  - MESSI,"1,500.00",-1.00,,UNIDAD,
14374,CORTANTE MARCADOR PLAST.  - AUTITO,"1,500.00",0.00,,UNIDAD,
14374,CORTANTE MARCADOR PLAST.  - FLOR,"1,500.00",0.00,,UNIDAD,
14374,CORTANTE MARCADOR PLAST.  - STITCH,"1,500.00",0.00,,UNIDAD,
14374,CORTANTE MARCADOR PLAST.  - HOMBRE ARAÑA,"1,500.00",0.00,,UNIDAD,
14374,CORTANTE MARCADOR PLAST.  - SET CORAZON,"1,500.00",0.00,,UNIDAD,
14374,CORTANTE MARCADOR PLAST.  - CONEJO PASCUA,"1,500.00",0.00,,UNIDAD,
14374,CORTANTE MARCADOR PLAST.  - FELIZ DIA MAMA,"1,500.00",0.00,,UNIDAD,
14374,CORTANTE MARCADOR PLAST.  - CORAZON TE QUIERO MUCHO,"1,500.00",0.00,,UNIDAD,
14374,CORTANTE MARCADOR PLAST.  - SET MARIPOSA,"1,500.00",0.00,,UNIDAD,
14374,CORTANTE MARCADOR PLAST.  - COPA DEL MUNDO,"1,500.00",-2.00,,UNIDAD,
14374,CORTANTE MARCADOR PLAST.  - BARBIE,"1,500.00",0.00,,UNIDAD,
14374,CORTANTE MARCADOR PLAST.  - CARTEL MERLINA,"1,500.00",0.00,,UNIDAD,
14374,CORTANTE MARCADOR PLAST.  - SET KUROMI,"1,500.00",0.00,,UNIDAD,
14374,CORTANTE MARCADOR PLAST.  - CARTEL FELIZ DIA MAMA,"1,500.00",0.00,,UNIDAD,
14374,CORTANTE MARCADOR PLAST.  - 3D ZOMBIE,"1,500.00",0.00,,UNIDAD,
14374,CORTANTE MARCADOR PLAST.  - PRINCESA,"1,500.00",0.00,,UNIDAD,
14374,CORTANTE MARCADOR PLAST.  - VARON,"1,500.00",0.00,,UNIDAD,
14374,CORTANTE MARCADOR PLAST.  RESINA HOJA HIEDRA,"1,500.00",0.00,,UNIDAD,
14374,CORTANTE MARCADOR PLAST.  RESINA OSTRA CHICA,"1,500.00",0.00,,UNIDAD,
14374,CORTANTE MARCADOR PLAST.  RESINA OSTRA GRANDE,"1,500.00",0.00,,UNIDAD,
14374,CORTANTE MARCADOR PLAST.  RESINA MARIPOSAS,"1,500.00",0.00,,UNIDAD,
14374,CORTANTE MARCADOR PLAST.  - CABEZA,"1,500.00",0.00,,UNIDAD,
14375,CORTANTE MARCADOR PLAST. 3D X5  - CORAZON SET,"3,400.00",0.00,,UNIDAD,
1441,SET DE GLOBOS X 14 PIEZAS  - DORADO,"5,500.00",0.00,IMPORTADORA LOW COST S. R. L.,UNIDAD,
1441,SET DE GLOBOS X 14 PIEZAS  - -,"5,500.00",-2.00,IMPORTADORA LOW COST S. R. L.,UNIDAD,
14410,GLOBOS DE PAPEL 1 MT NUMERO X 1U  1 PLATEADO,"2,500.00",0.00,,UNIDAD,
14410,GLOBOS DE PAPEL 1 MT NUMERO X 1U  2 PLATEADO,"2,500.00",0.00,,UNIDAD,
14410,GLOBOS DE PAPEL 1 MT NUMERO X 1U  3 PLATEADO,"2,500.00",0.00,,UNIDAD,
14410,GLOBOS DE PAPEL 1 MT NUMERO X 1U  4 PLATEADO,"2,500.00",0.00,,UNIDAD,
14410,GLOBOS DE PAPEL 1 MT NUMERO X 1U  5 PLATEADO,"2,500.00",0.00,,UNIDAD,
14410,GLOBOS DE PAPEL 1 MT NUMERO X 1U  6 PLATEADO,"2,500.00",0.00,,UNIDAD,
14410,GLOBOS DE PAPEL 1 MT NUMERO X 1U  7 PLATEADO,"2,500.00",0.00,,UNIDAD,
14410,GLOBOS DE PAPEL 1 MT NUMERO X 1U  8 PLATEADO,"2,500.00",0.00,,UNIDAD,
14410,GLOBOS DE PAPEL 1 MT NUMERO X 1U  9 PLATEADO,"2,500.00",0.00,,UNIDAD,
14410,GLOBOS DE PAPEL 1 MT NUMERO X 1U  0 PLATEADO,"2,500.00",0.00,,UNIDAD,
14411,GLOBOS DE PAPEL 80 CM NUMERO X 1U  1 ROSA GOLD,"1,400.00",-2.00,,UNIDAD,
14411,GLOBOS DE PAPEL 80 CM NUMERO X 1U  2 ROSA GOLD,"1,400.00",0.00,,UNIDAD,
14411,GLOBOS DE PAPEL 80 CM NUMERO X 1U  3 ROSA GOLD,"1,400.00",-2.00,,UNIDAD,
14411,GLOBOS DE PAPEL 80 CM NUMERO X 1U  4 ROSA GOLD,"1,400.00",0.00,,UNIDAD,
14411,GLOBOS DE PAPEL 80 CM NUMERO X 1U  5 ROSA GOLD,"1,400.00",-1.00,,UNIDAD,
14411,GLOBOS DE PAPEL 80 CM NUMERO X 1U  6 ROSA GOLD,"1,400.00",0.00,,UNIDAD,
14411,GLOBOS DE PAPEL 80 CM NUMERO X 1U  7 ROSA GOLD,"1,400.00",0.00,,UNIDAD,
14411,GLOBOS DE PAPEL 80 CM NUMERO X 1U  8 ROSA GOLD,"1,400.00",-1.00,,UNIDAD,
14411,GLOBOS DE PAPEL 80 CM NUMERO X 1U  9 ROSA GOLD,"1,400.00",0.00,,UNIDAD,
14411,GLOBOS DE PAPEL 80 CM NUMERO X 1U  0 ROSA GOLD,"1,400.00",0.00,,UNIDAD,
1442,SET DE GLOBOS X 9 PIEZAS PAPEL  - -,"3,500.00",0.00,,UNIDAD,
1442,SET DE GLOBOS X 9 PIEZAS PAPEL  - VARIOS,"3,500.00",-4.00,,UNIDAD,
1444,GLOBOS PAPEL FRASES (MIS 15/18/50 AÑOS)  - AZUL,"4,900.00",0.00,COTILLON CASA ALBERTO,UNIDAD,
1444,GLOBOS PAPEL FRASES (MIS 15/18/50 AÑOS)  - DORADO,"4,900.00",0.00,COTILLON CASA ALBERTO,UNIDAD,
1444,GLOBOS PAPEL FRASES (MIS 15/18/50 AÑOS)  - ROSA GOLD,"4,900.00",0.00,COTILLON CASA ALBERTO,UNIDAD,
1444,GLOBOS PAPEL FRASES (MIS 15/18/50 AÑOS)  MIS 15 AÑOS ROSA,"4,900.00",0.00,COTILLON CASA ALBERTO,UNIDAD,
1444,GLOBOS PAPEL FRASES (MIS 15/18/50 AÑOS)  MIS 15 AÑOS PLATEADO,"4,900.00",0.00,COTILLON CASA ALBERTO,UNIDAD,
1444,GLOBOS PAPEL FRASES (MIS 15/18/50 AÑOS)  MIS 15 AÑOS ROSA GOLD,"4,900.00",0.00,COTILLON CASA ALBERTO,UNIDAD,
1447,SET GLOBO DE PAPEL GRANDE  - STITCH,"5,200.00",0.00,,UNIDAD,
1447,SET GLOBO DE PAPEL GRANDE  - MOTO,"5,200.00",0.00,,UNIDAD,
1448,SET DE GLOBOS PERSONAJES X 5 PZAS PAPEL  - SINAMOROLL,"5,500.00",0.00,,UNIDAD,
1448,SET DE GLOBOS PERSONAJES X 5 PZAS PAPEL  - POCOYO,"5,500.00",0.00,,UNIDAD,
1448,SET DE GLOBOS PERSONAJES X 5 PZAS PAPEL  - NARUTO,"5,500.00",0.00,,UNIDAD,
1448,SET DE GLOBOS PERSONAJES X 5 PZAS PAPEL  - PATRUYA CANINA,"5,500.00",0.00,,UNIDAD,
1448,SET DE GLOBOS PERSONAJES X 5 PZAS PAPEL  - LABUBU,"5,500.00",0.00,,UNIDAD,
1448,SET DE GLOBOS PERSONAJES X 5 PZAS PAPEL  - MELODY,"5,500.00",0.00,,UNIDAD,
1450,CAÑON CONFETI LANZA PAPELITOS 40CM X 1U  - PLATEADO,"4,500.00",-1.00,,UNIDAD,
1450,CAÑON CONFETI LANZA PAPELITOS 40CM X 1U  - CORAZONES,"4,500.00",0.00,,UNIDAD,
1450,CAÑON CONFETI LANZA PAPELITOS 40CM X 1U  - MIX DE COLOR,"4,500.00",0.00,,UNIDAD,
1450,CAÑON CONFETI LANZA PAPELITOS 40CM X 1U  - MULTICOLOR,"4,500.00",0.00,,UNIDAD,
1450,CAÑON CONFETI LANZA PAPELITOS 40CM X 1U  PLATEADO -,"4,500.00",-1.00,,UNIDAD,
1450,CAÑON CONFETI LANZA PAPELITOS 40CM X 1U  DORADO -,"4,500.00",0.00,,UNIDAD,
1450,CAÑON CONFETI LANZA PAPELITOS 40CM X 1U  DORADO GOLDEN HOUR,"4,500.00",0.00,,UNIDAD,
1450,CAÑON CONFETI LANZA PAPELITOS 40CM X 1U  - PETALOS ROSAS,"4,500.00",0.00,,UNIDAD,
145100,GORRAS TELA LUREX GLAM  - BLANCA,"6,500.00",0.00,,UNIDAD,
145100,GORRAS TELA LUREX GLAM  - ROSA,"6,500.00",0.00,,UNIDAD,
145100,GORRAS TELA LUREX GLAM  - NEGRA,"6,500.00",0.00,,UNIDAD,
145100,GORRAS TELA LUREX GLAM  - DORADA,"6,500.00",0.00,,UNIDAD,
145110,GORROS COWBOY C/LUZ  BRIDE BLANCO,"20,000.00",0.00,,UNIDAD,
145110,GORROS COWBOY C/LUZ  NOVIO NEGRO,"20,000.00",0.00,,UNIDAD,
145120,GALERAS TELA METALIZADA  - DORADA,"7,500.00",0.00,,UNIDAD,
145120,GALERAS TELA METALIZADA  - PLATEADA,"7,500.00",0.00,,UNIDAD,
145123,SOMBRERO COWBOY METALIZADO  - DORADO,"8,500.00",0.00,,UNIDAD,
145123,SOMBRERO COWBOY METALIZADO  - PLATEADO,"8,500.00",0.00,,UNIDAD,
145125,SOMBRERO SHERIFF PANA  - NEGRO,"6,800.00",0.00,,UNIDAD,
145125,SOMBRERO SHERIFF PANA  - MARRON,"6,800.00",0.00,,UNIDAD,
145126,CASCO PIRATA METALIZADO  - DORADO,"4,500.00",-1.00,,UNIDAD,
145126,CASCO PIRATA METALIZADO  - PLATEADO,"4,500.00",0.00,,UNIDAD,
145131,GALERA TELA METALIZADA LUJO  - VIOLETA,"9,900.00",0.00,,UNIDAD,
145131,GALERA TELA METALIZADA LUJO  - ROSA,"9,900.00",0.00,,UNIDAD,
145142,SOMBRERO BRUJA TELA C/ LUZ  - NARANJA,"6,550.00",0.00,,UNIDAD,
145142,SOMBRERO BRUJA TELA C/ LUZ  - VERDE,"6,550.00",0.00,,UNIDAD,
145145,CORNAS REY CON BOLAS  - PLATEADA,"14,900.00",0.00,,UNIDAD,
145145,CORNAS REY CON BOLAS  - DORADA,"14,900.00",0.00,,UNIDAD,
145148,SOMBRERO COWBOY PANA C/LENTEJAS  - ROSA,"8,900.00",-1.00,,UNIDAD,
145148,SOMBRERO COWBOY PANA C/LENTEJAS  - VARIOS,"8,900.00",0.00,,UNIDAD,
145148,SOMBRERO COWBOY PANA C/LENTEJAS  C/ CORONA,"8,900.00",0.00,,UNIDAD,
145149,SOMBRERO COWBOY FELPA C/PLUMAS/BOA  - NEGRO,"11,500.00",0.00,,UNIDAD,
145149,SOMBRERO COWBOY FELPA C/PLUMAS/BOA  - ROSA,"11,500.00",0.00,,UNIDAD,
14515,LLUVIA DE PINTURA X1  GLITTER AZUL,"3,000.00",0.00,,UNIDAD,
14515,LLUVIA DE PINTURA X1  GLITTER VIOLETA,"3,000.00",0.00,,UNIDAD,
14515,LLUVIA DE PINTURA X1  GLITTER VERDE,"3,000.00",0.00,,UNIDAD,
14515,LLUVIA DE PINTURA X1  GLITTER DORADO,"3,000.00",0.00,,UNIDAD,
14515,LLUVIA DE PINTURA X1  GLITTER TORNAZOLADO,"3,000.00",0.00,,UNIDAD,
14515,LLUVIA DE PINTURA X1  FLUOR AZUL,"3,000.00",0.00,,UNIDAD,
145152,SOMBRERO VAQUERO C/CORDON  - VARIOS,"7,800.00",-1.00,,UNIDAD,
145152,SOMBRERO VAQUERO C/CORDON  - BLANCO,"7,800.00",0.00,,UNIDAD,
145152,SOMBRERO VAQUERO C/CORDON  BLANCO -,"7,800.00",0.00,,UNIDAD,
145152,SOMBRERO VAQUERO C/CORDON  - FLUOR,"7,800.00",0.00,,UNIDAD,
145154,SOMBRERO FLAMENCO C/BORLAS  - AZUL,"8,200.00",0.00,,UNIDAD,
145154,SOMBRERO FLAMENCO C/BORLAS  - ROSA,"8,200.00",0.00,,UNIDAD,
145154,SOMBRERO FLAMENCO C/BORLAS  - NEGRO,"8,200.00",0.00,,UNIDAD,
145154,SOMBRERO FLAMENCO C/BORLAS  - ROJO,"8,200.00",0.00,,UNIDAD,
145158,GORRA  - POLICIA,"7,900.00",0.00,,UNIDAD,
145158,GORRA  - CAPITAN,"7,900.00",0.00,,UNIDAD,
145158,GORRA  - PILOTO,"7,900.00",-1.00,,UNIDAD,
145163,GORRA TELA FLUOR  AMARILLO -,"3,900.00",0.00,,UNIDAD,
145163,GORRA TELA FLUOR  - AMARILLO,"3,900.00",0.00,,UNIDAD,
145163,GORRA TELA FLUOR  - VERDE,"3,900.00",-3.00,,UNIDAD,
145163,GORRA TELA FLUOR  - ROSA,"3,900.00",0.00,,UNIDAD,
145194,GORROS TELA  - PRESO,"2,000.00",0.00,,UNIDAD,
145194,GORROS TELA  - MARINERO,"2,000.00",0.00,,UNIDAD,
145212,VINCHAS ANGELITOS PLUMAS  - BLANCO,"2,500.00",0.00,,UNIDAD,
145212,VINCHAS ANGELITOS PLUMAS  - NEGRO,"2,500.00",0.00,,UNIDAD,
145213,BANDAS  BRIDE BLANCO,"4,900.00",0.00,,UNIDAD,
145213,BANDAS  NOVIO BLANCO,"4,900.00",0.00,,UNIDAD,
145213,BANDAS  NOVIA BLANCA,"4,900.00",0.00,,UNIDAD,
145213,BANDAS  EGRESADO BLANCO,"4,900.00",0.00,,UNIDAD,
145213,BANDAS  ME RECIBI VERDE,"4,900.00",0.00,,UNIDAD,
145213,BANDAS  ME RECIBI SALMON,"4,900.00",0.00,,UNIDAD,
145213,BANDAS  FELIZ CUMPLEAÑOS CELESTE,"4,900.00",0.00,,UNIDAD,
145213,BANDAS  FELIZ CUMPLE GRIS,"4,900.00",0.00,,UNIDAD,
145213,BANDAS  FELIZ CUMPLE SALMON,"4,900.00",0.00,,UNIDAD,
145213,BANDAS  REINA BLANCA,"4,900.00",0.00,,UNIDAD,
145213,BANDAS  PRINCESA ROSA,"4,900.00",0.00,,UNIDAD,
145213,BANDAS  REY BLANCO,"4,900.00",0.00,,UNIDAD,
145218,VINCHAS BRIDE  BRIDELOBE PLATEADA,"2,000.00",0.00,,UNIDAD,
145218,VINCHAS BRIDE  TEAMBRIDE ROSA GOLD,"2,000.00",0.00,,UNIDAD,
145253,VINCHA MICKEY C/LUZ  - ROJO,"2,500.00",0.00,,UNIDAD,
145253,VINCHA MICKEY C/LUZ  - COLOR,"2,500.00",0.00,,UNIDAD,
145254,VINCHA MINNIE PLASTICA LUNARES C/LUZ  - AMARILLO,"2,300.00",-2.00,,UNIDAD,
145254,VINCHA MINNIE PLASTICA LUNARES C/LUZ  - VARIOS,"2,300.00",0.00,,UNIDAD,
145254,VINCHA MINNIE PLASTICA LUNARES C/LUZ  - ROJO,"2,300.00",0.00,,UNIDAD,
145255,VINCHAS FIBRA OPTICA C/LUZ  - VERDE,"2,500.00",0.00,,UNIDAD,
145255,VINCHAS FIBRA OPTICA C/LUZ  - ROJO,"2,500.00",0.00,,UNIDAD,
145255,VINCHAS FIBRA OPTICA C/LUZ  VERDE -,"2,500.00",0.00,,UNIDAD,
145255,VINCHAS FIBRA OPTICA C/LUZ  - VARIOS,"2,500.00",0.00,,UNIDAD,
145257,VINCHA UNICORNIO C/LUZ  - AMARILLO,"1,990.00",0.00,,UNIDAD,
145257,VINCHA UNICORNIO C/LUZ  - ROJO,"1,990.00",0.00,,UNIDAD,
145260,VINCHAS FLORES  - AZUL,"6,000.00",-1.00,,UNIDAD,
145260,VINCHAS FLORES  - ROSA,"6,000.00",0.00,,UNIDAD,
145260,VINCHAS FLORES  - ROJO,"6,000.00",-1.00,,UNIDAD,
145260,VINCHAS FLORES  - MULTICOLOR,"6,000.00",0.00,,UNIDAD,
145270,COLLAR FLORES HAWAIANO FLUOR C/LUZ  - VERDE,"8,000.00",0.00,,UNIDAD,
145270,COLLAR FLORES HAWAIANO FLUOR C/LUZ  - NARANJA,"8,000.00",0.00,,UNIDAD,
145270,COLLAR FLORES HAWAIANO FLUOR C/LUZ  - BLANCO,"8,000.00",0.00,,UNIDAD,
145278,VARA VARITA EMOJI LED  - AMARILLO,"4,000.00",0.00,,UNIDAD,
145278,VARA VARITA EMOJI LED  - ROSA,"4,000.00",0.00,,UNIDAD,
145291,VINCHA PELOTA/ESTRELLA/CORAZON - C/LUZ  - VARIOS,"3,000.00",0.00,,UNIDAD,
145291,VINCHA PELOTA/ESTRELLA/CORAZON - C/LUZ  VARIOS -,"3,000.00",0.00,,UNIDAD,
145293,TUTU CORTO  - BLANCO,"5,500.00",0.00,,UNIDAD,
145293,TUTU CORTO  - GRIS,"5,500.00",0.00,,UNIDAD,
145293,TUTU CORTO  - NARANJA,"5,500.00",0.00,,UNIDAD,
145293,TUTU CORTO  - CELESTE,"5,500.00",0.00,,UNIDAD,
145295,TUTU GRANDE  - VARIOS,"6,900.00",-1.00,,UNIDAD,
145295,TUTU GRANDE  - AMARILLO,"6,900.00",0.00,,UNIDAD,
145295,TUTU GRANDE  - AZUL,"6,900.00",0.00,,UNIDAD,
145296,BENGALAS DE HUMO  - NARANJA,"3,500.00",-2.00,,UNIDAD,
145296,BENGALAS DE HUMO  - ROJO,"3,500.00",0.00,,UNIDAD,
145296,BENGALAS DE HUMO  - VERDE,"3,500.00",0.00,,UNIDAD,
145296,BENGALAS DE HUMO  - VIOLETA,"3,500.00",0.00,,UNIDAD,
145296,BENGALAS DE HUMO  AMARILLO -,"3,500.00",0.00,,UNIDAD,
145296,BENGALAS DE HUMO  - NEGRO,"3,500.00",-5.00,,UNIDAD,
145296,BENGALAS DE HUMO  - CELESTE,"3,500.00",0.00,,UNIDAD,
145296,BENGALAS DE HUMO  CELESTE -,"3,500.00",-2.00,,UNIDAD,
145296,BENGALAS DE HUMO  VERDE -,"3,500.00",0.00,,UNIDAD,
145296,BENGALAS DE HUMO  - BLANCO,"3,500.00",0.00,,UNIDAD,
145296,BENGALAS DE HUMO  - ROJO PARTY,"3,500.00",0.00,,UNIDAD,
145296,BENGALAS DE HUMO  - AZUL PARTY,"3,500.00",0.00,,UNIDAD,
145296,BENGALAS DE HUMO  VARALDA VARIOS,"3,500.00",0.00,,UNIDAD,
145296,BENGALAS DE HUMO  ROSA .,"3,500.00",0.00,,UNIDAD,
145297,POLVO DE COLORES  - AZUL,"1,000.00",0.00,,UNIDAD,
145297,POLVO DE COLORES  - CELESTE,"1,000.00",0.00,,UNIDAD,
145300,DISFRACES DE PERSONAJES (OVEJITA) X 1 U  6 HOMBRE ARAÑA ROJO,"30,000.00",-1.00,,UNIDAD,
145300,DISFRACES DE PERSONAJES (OVEJITA) X 1 U  8 HOMBRE ARAÑA ROJO,"30,000.00",0.00,,UNIDAD,
145300,DISFRACES DE PERSONAJES (OVEJITA) X 1 U  10 HOMBRE ARAÑA ROJO,"30,000.00",0.00,,UNIDAD,
145300,DISFRACES DE PERSONAJES (OVEJITA) X 1 U  8 BATMAN,"30,000.00",0.00,,UNIDAD,
145300,DISFRACES DE PERSONAJES (OVEJITA) X 1 U  6 CAPITAN AMERICA,"30,000.00",0.00,,UNIDAD,
145300,DISFRACES DE PERSONAJES (OVEJITA) X 1 U  8 CAPITAN AMERICA,"30,000.00",0.00,,UNIDAD,
145300,DISFRACES DE PERSONAJES (OVEJITA) X 1 U  6 HULK,"30,000.00",0.00,,UNIDAD,
145300,DISFRACES DE PERSONAJES (OVEJITA) X 1 U  HULK 8,"30,000.00",0.00,,UNIDAD,
145300,DISFRACES DE PERSONAJES (OVEJITA) X 1 U  6 MUJER MARAVILLA,"30,000.00",0.00,,UNIDAD,
145300,DISFRACES DE PERSONAJES (OVEJITA) X 1 U  4 ELSA FROZEN,"30,000.00",0.00,,UNIDAD,
145300,DISFRACES DE PERSONAJES (OVEJITA) X 1 U  6 ELSA FROZEN,"30,000.00",0.00,,UNIDAD,
145300,DISFRACES DE PERSONAJES (OVEJITA) X 1 U  8 ELSA FROZEN,"30,000.00",0.00,,UNIDAD,
145300,DISFRACES DE PERSONAJES (OVEJITA) X 1 U  6 RAPUNZEL,"30,000.00",0.00,,UNIDAD,
145300,DISFRACES DE PERSONAJES (OVEJITA) X 1 U  2 MINNIE ROJO,"30,000.00",0.00,,UNIDAD,
145300,DISFRACES DE PERSONAJES (OVEJITA) X 1 U  8 RUMI FIESTA K-POP,"30,000.00",0.00,,UNIDAD,
145300,DISFRACES DE PERSONAJES (OVEJITA) X 1 U  8 ZOEY FIESTA K-POP,"30,000.00",0.00,,UNIDAD,
145300,DISFRACES DE PERSONAJES (OVEJITA) X 1 U  12 ZOEY FIESTA K-POP,"30,000.00",0.00,,UNIDAD,
145305,DISFRACES K-POP (OVEJITA) X 1U  8 RUMI FIESTA K-POP,"39,900.00",0.00,,UNIDAD,
145305,DISFRACES K-POP (OVEJITA) X 1U  10 RUMI FIESTA K-POP,"39,900.00",0.00,,UNIDAD,
145305,DISFRACES K-POP (OVEJITA) X 1U  12 RUMI FIESTA K-POP,"39,900.00",0.00,,UNIDAD,
145305,DISFRACES K-POP (OVEJITA) X 1U  8 ZOEY FIESTA K-POP,"39,900.00",0.00,,UNIDAD,
145305,DISFRACES K-POP (OVEJITA) X 1U  10 ZOEY FIESTA K-POP,"39,900.00",0.00,,UNIDAD,
145305,DISFRACES K-POP (OVEJITA) X 1U  12 ZOEY FIESTA K-POP,"39,900.00",0.00,,UNIDAD,
145320,POCHOCLERAS C/DISEÑO X12  - MULTICOLOR,"4,900.00",-1.00,IMPORTADORA LOW COST S. R. L.,UNIDAD,
145320,POCHOCLERAS C/DISEÑO X12  - PLATA,"4,900.00",0.00,IMPORTADORA LOW COST S. R. L.,UNIDAD,
145341,TIRADORES TIRANTES  - BLANCO,"4,000.00",-3.00,,UNIDAD,
145341,TIRADORES TIRANTES  - NEGRO,"4,000.00",-1.00,,UNIDAD,
1453410,BULL DOG REGALIZ X 75 GR  - FRUTILLA,"1,200.00",0.00,CHIALVO S R L,UNIDAD,
1453410,BULL DOG REGALIZ X 75 GR  - TUTTI FRUTTI,"1,200.00",0.00,CHIALVO S R L,UNIDAD,
1453410,BULL DOG REGALIZ X 75 GR  - FRAMBUESA,"1,200.00",0.00,CHIALVO S R L,UNIDAD,
1453410,BULL DOG REGALIZ X 75 GR  - SANDIA,"1,200.00",-3.00,CHIALVO S R L,UNIDAD,
1453410,BULL DOG REGALIZ X 75 GR  LISOS FRUTILLA,"1,200.00",-7.00,CHIALVO S R L,UNIDAD,
145342,TIRADORES TIRANTES FLUOR  - AMARILLO,"4,500.00",0.00,,UNIDAD,
145342,TIRADORES TIRANTES FLUOR  - ROSA,"4,500.00",0.00,,UNIDAD,
145342,TIRADORES TIRANTES FLUOR  - VARIOS,"4,500.00",0.00,,UNIDAD,
1453426,CHUPETIN BOLA LOCA X 24 UNID LHERITIER  - BOCA,"3,800.00",0.00,CHIALVO S R L,UNIDAD,
1453426,CHUPETIN BOLA LOCA X 24 UNID LHERITIER  - RIVER,"3,800.00",0.00,CHIALVO S R L,UNIDAD,
1453426,CHUPETIN BOLA LOCA X 24 UNID LHERITIER  - SANDIA,"3,800.00",0.00,CHIALVO S R L,UNIDAD,
1453426,CHUPETIN BOLA LOCA X 24 UNID LHERITIER  - FRUTILLA CON CHICLE,"3,800.00",0.00,CHIALVO S R L,UNIDAD,
1453426,CHUPETIN BOLA LOCA X 24 UNID LHERITIER  - TUTTI FRUTTI,"3,800.00",0.00,CHIALVO S R L,UNIDAD,
145347,GUANTES RED LARGOS FLUOR  - VARIOS,"2,500.00",0.00,,UNIDAD,
145347,GUANTES RED LARGOS FLUOR  - NEGRO,"2,500.00",0.00,,UNIDAD,
1453481,VELAS ONDULADAS METALIZ X 12  - PLATA,"3,000.00",0.00,,UNIDAD,
1453481,VELAS ONDULADAS METALIZ X 12  - DORADO,"3,000.00",0.00,,UNIDAD,
1453481,VELAS ONDULADAS METALIZ X 12  - CHAMPAGNE,"3,000.00",-1.00,,UNIDAD,
1453483,VELAS ONDULADAS METALIZ COLOR X 6  - CHAMPAGNE,"2,500.00",-1.00,,UNIDAD,
1453484,JUGUITO TUTTI X 1  DURAZNO .,650.00,0.00,,UNIDAD,
1453484,JUGUITO TUTTI X 1  MULTIFRUTA .,650.00,-18.00,,UNIDAD,
1453485,JUGUITO TUTTI X 6 UNID  MULTIFRUTA .,"3,300.00",0.00,,UNIDAD,
1453485,JUGUITO TUTTI X 6 UNID  DURAZNO .,"3,300.00",-3.00,,UNIDAD,
1453486,JUGUITOS TUTTI X 18 UNID  DURAZNO .,"8,700.00",0.00,CHIALVO S R L,UNIDAD,
1453486,JUGUITOS TUTTI X 18 UNID  MULTIFRUTA .,"8,700.00",0.00,CHIALVO S R L,UNIDAD,
1453493,BANDERIN FELIZ CUMPLE CARTON X 1U  - VERDE,"2,000.00",-1.00,AICHINO HECTOR,UNIDAD,
1453493,BANDERIN FELIZ CUMPLE CARTON X 1U  - ROJO,"2,000.00",-1.00,AICHINO HECTOR,UNIDAD,
1453493,BANDERIN FELIZ CUMPLE CARTON X 1U  - GRIS,"2,000.00",-1.00,AICHINO HECTOR,UNIDAD,
1453493,BANDERIN FELIZ CUMPLE CARTON X 1U  - AZUL,"2,000.00",0.00,AICHINO HECTOR,UNIDAD,
1453493,BANDERIN FELIZ CUMPLE CARTON X 1U  - MULTICOLOR PASTEL,"2,000.00",-2.00,AICHINO HECTOR,UNIDAD,
1453493,BANDERIN FELIZ CUMPLE CARTON X 1U  - MULTICOLOR,"2,000.00",0.00,AICHINO HECTOR,UNIDAD,
1453493,BANDERIN FELIZ CUMPLE CARTON X 1U  - BLANCO,"2,000.00",-2.00,AICHINO HECTOR,UNIDAD,
1453493,BANDERIN FELIZ CUMPLE CARTON X 1U  - FUCSIA,"2,000.00",-1.00,AICHINO HECTOR,UNIDAD,
1453493,BANDERIN FELIZ CUMPLE CARTON X 1U  - ROSA PASTEL,"2,000.00",0.00,AICHINO HECTOR,UNIDAD,
1453493,BANDERIN FELIZ CUMPLE CARTON X 1U  - LILA OPACO,"2,000.00",0.00,AICHINO HECTOR,UNIDAD,
1453493,BANDERIN FELIZ CUMPLE CARTON X 1U  - CELESTE PASTEL,"2,000.00",-2.00,AICHINO HECTOR,UNIDAD,
1453493,BANDERIN FELIZ CUMPLE CARTON X 1U  - VERDE MUSGO,"2,000.00",0.00,AICHINO HECTOR,UNIDAD,
1453493,BANDERIN FELIZ CUMPLE CARTON X 1U  - ROSA,"2,000.00",0.00,AICHINO HECTOR,UNIDAD,
1453493,BANDERIN FELIZ CUMPLE CARTON X 1U  - NEGRO,"2,000.00",-4.00,AICHINO HECTOR,UNIDAD,
1453493,BANDERIN FELIZ CUMPLE CARTON X 1U  - LILA PASTEL,"2,000.00",0.00,AICHINO HECTOR,UNIDAD,
1453493,BANDERIN FELIZ CUMPLE CARTON X 1U  - NUDE,"2,000.00",-2.00,AICHINO HECTOR,UNIDAD,
1453493,BANDERIN FELIZ CUMPLE CARTON X 1U  - -,"2,000.00",0.00,AICHINO HECTOR,UNIDAD,
1453493,BANDERIN FELIZ CUMPLE CARTON X 1U  AZUL .,"2,000.00",0.00,AICHINO HECTOR,UNIDAD,
1453493,BANDERIN FELIZ CUMPLE CARTON X 1U  NEGRO .,"2,000.00",-2.00,AICHINO HECTOR,UNIDAD,
1453493,BANDERIN FELIZ CUMPLE CARTON X 1U  CELESTE PASTEL .,"2,000.00",0.00,AICHINO HECTOR,UNIDAD,
1453493,BANDERIN FELIZ CUMPLE CARTON X 1U  BLANCO .,"2,000.00",-1.00,AICHINO HECTOR,UNIDAD,
1453493,BANDERIN FELIZ CUMPLE CARTON X 1U  ROSA PASTEL .,"2,000.00",0.00,AICHINO HECTOR,UNIDAD,
1453493,BANDERIN FELIZ CUMPLE CARTON X 1U  ROSA .,"2,000.00",0.00,AICHINO HECTOR,UNIDAD,
1453500,BANDERIN FELIZ CUMPLE HOLOGRAFICO  - CELESTE PASTEL,"2,500.00",-3.00,COTILLON CASA ALBERTO,UNIDAD,
1453500,BANDERIN FELIZ CUMPLE HOLOGRAFICO  - NEGRO,"2,500.00",0.00,COTILLON CASA ALBERTO,UNIDAD,
1453500,BANDERIN FELIZ CUMPLE HOLOGRAFICO  - ROSA PASTEL,"2,500.00",0.00,COTILLON CASA ALBERTO,UNIDAD,
1453500,BANDERIN FELIZ CUMPLE HOLOGRAFICO  - ROSA GOLD,"2,500.00",0.00,COTILLON CASA ALBERTO,UNIDAD,
1453500,BANDERIN FELIZ CUMPLE HOLOGRAFICO  - DORADO,"2,500.00",0.00,COTILLON CASA ALBERTO,UNIDAD,
1453500,BANDERIN FELIZ CUMPLE HOLOGRAFICO  - AZUL,"2,500.00",0.00,COTILLON CASA ALBERTO,UNIDAD,
1453500,BANDERIN FELIZ CUMPLE HOLOGRAFICO  - ROSA,"2,500.00",0.00,COTILLON CASA ALBERTO,UNIDAD,
1453500,BANDERIN FELIZ CUMPLE HOLOGRAFICO  - FUCSIA,"2,500.00",0.00,COTILLON CASA ALBERTO,UNIDAD,
1453500,BANDERIN FELIZ CUMPLE HOLOGRAFICO  - CELESTE,"2,500.00",0.00,COTILLON CASA ALBERTO,UNIDAD,
1453500,BANDERIN FELIZ CUMPLE HOLOGRAFICO  - VERDE,"2,500.00",0.00,COTILLON CASA ALBERTO,UNIDAD,
1453502,BANDERIN FELIZ CUMPLE C/BRILLO O HOLOGRAFICO  JASPEADO CELESTE,"2,500.00",-2.00,COTILLON CASA ALBERTO,UNIDAD,
1453502,BANDERIN FELIZ CUMPLE C/BRILLO O HOLOGRAFICO  JASPEADO ROJO,"2,500.00",-1.00,COTILLON CASA ALBERTO,UNIDAD,
1453502,BANDERIN FELIZ CUMPLE C/BRILLO O HOLOGRAFICO  METALIZADO PLATEADO,"2,500.00",0.00,COTILLON CASA ALBERTO,UNIDAD,
1453502,BANDERIN FELIZ CUMPLE C/BRILLO O HOLOGRAFICO  JASPEADO PLATEADO,"2,500.00",-1.00,COTILLON CASA ALBERTO,UNIDAD,
1453502,BANDERIN FELIZ CUMPLE C/BRILLO O HOLOGRAFICO  C/BRILLO NEGRO,"2,500.00",0.00,COTILLON CASA ALBERTO,UNIDAD,
1453502,BANDERIN FELIZ CUMPLE C/BRILLO O HOLOGRAFICO  C/BRILLO FUCSIA,"2,500.00",0.00,COTILLON CASA ALBERTO,UNIDAD,
1453502,BANDERIN FELIZ CUMPLE C/BRILLO O HOLOGRAFICO  C/BRILLO DORADO,"2,500.00",-3.00,COTILLON CASA ALBERTO,UNIDAD,
1453502,BANDERIN FELIZ CUMPLE C/BRILLO O HOLOGRAFICO  C/BRILLO AZUL,"2,500.00",-2.00,COTILLON CASA ALBERTO,UNIDAD,
1453502,BANDERIN FELIZ CUMPLE C/BRILLO O HOLOGRAFICO  C/BRILLO ROJO,"2,500.00",-1.00,COTILLON CASA ALBERTO,UNIDAD,
1453502,BANDERIN FELIZ CUMPLE C/BRILLO O HOLOGRAFICO  C/BRILLO PLATEADO,"2,500.00",-2.00,COTILLON CASA ALBERTO,UNIDAD,
1453511,CORTINAS HOLOFRAFICAS X 1  - DORADA,"3,000.00",-2.00,COTILLON CASA ALBERTO,UNIDAD,
1453511,CORTINAS HOLOFRAFICAS X 1  - AZUL,"3,000.00",-6.00,COTILLON CASA ALBERTO,UNIDAD,
1453511,CORTINAS HOLOFRAFICAS X 1  - ROJO,"3,000.00",-2.00,COTILLON CASA ALBERTO,UNIDAD,
1453518,ALFAJOR FANTOCHE CAJA X12U  - BLANCO,"14,600.00",0.00,,UNIDAD,
1453518,ALFAJOR FANTOCHE CAJA X12U  - NEGRO,"14,600.00",0.00,,UNIDAD,
1453522,ALFAJOR TUCABON X CAJA 45U  CHOCOLATE BLANCO,"14,800.00",0.00,CHIALVO S R L,UNIDAD,
1453522,ALFAJOR TUCABON X CAJA 45U  CHOCOLATE NEGRO,"14,800.00",0.00,CHIALVO S R L,UNIDAD,
1453522,ALFAJOR TUCABON X CAJA 45U  - DULCE DE LECHE,"14,800.00",0.00,CHIALVO S R L,UNIDAD,
1453523,ALFAJOR FULBITO X CAJA 40U  - MANI,"11,200.00",0.00,CHIALVO S R L,UNIDAD,
1453523,ALFAJOR FULBITO X CAJA 40U  - BLACK,"11,200.00",0.00,CHIALVO S R L,UNIDAD,
1453523,ALFAJOR FULBITO X CAJA 40U  - CHOCOLATE,"11,200.00",0.00,CHIALVO S R L,UNIDAD,
1453525,JUGUITOS PEPITO X18U CAJA  - MANZANA,"8,500.00",0.00,CHIALVO S R L,UNIDAD,
1453525,JUGUITOS PEPITO X18U CAJA  - MULTIFRUTA,"8,500.00",0.00,CHIALVO S R L,UNIDAD,
1453525,JUGUITOS PEPITO X18U CAJA  - DURAZNO,"8,500.00",0.00,CHIALVO S R L,UNIDAD,
1453531,DROPS/SPRINKLES PASTELAR VS MOTIVOS 25/35GS X 1  - MINI PERLAS DORADAS X 25GS,"3,000.00",-2.00,COTILLON CASA ALBERTO,UNIDAD,
1453531,DROPS/SPRINKLES PASTELAR VS MOTIVOS 25/35GS X 1  - MAXI PERLAS DORADAS X 35GS,"3,000.00",-2.00,COTILLON CASA ALBERTO,UNIDAD,
1453531,DROPS/SPRINKLES PASTELAR VS MOTIVOS 25/35GS X 1  - MAXI PERLAS ROSA X 35 GS,"3,000.00",-3.00,COTILLON CASA ALBERTO,UNIDAD,
1453531,DROPS/SPRINKLES PASTELAR VS MOTIVOS 25/35GS X 1  - MIX PERLAS VS COLORES X 30GS,"3,000.00",-2.00,COTILLON CASA ALBERTO,UNIDAD,
1453531,DROPS/SPRINKLES PASTELAR VS MOTIVOS 25/35GS X 1  - OJITOS 30G,"3,000.00",0.00,COTILLON CASA ALBERTO,UNIDAD,
1453531,DROPS/SPRINKLES PASTELAR VS MOTIVOS 25/35GS X 1  - PARA BABYS 30GS,"3,000.00",0.00,COTILLON CASA ALBERTO,UNIDAD,
1453531,DROPS/SPRINKLES PASTELAR VS MOTIVOS 25/35GS X 1  - FUTBOL 30 GS,"3,000.00",0.00,COTILLON CASA ALBERTO,UNIDAD,
1453543,VINCHA PLAST. RESORTE X 4 VS MODELOS MOLDINPLAST  - ESTRELLAS,"3,000.00",0.00,AICHINO HECTOR,UNIDAD,
1453543,VINCHA PLAST. RESORTE X 4 VS MODELOS MOLDINPLAST  - CARITA,"3,000.00",0.00,AICHINO HECTOR,UNIDAD,
1453543,VINCHA PLAST. RESORTE X 4 VS MODELOS MOLDINPLAST  - MARIPOSA,"3,000.00",0.00,AICHINO HECTOR,UNIDAD,
1453543,VINCHA PLAST. RESORTE X 4 VS MODELOS MOLDINPLAST  - HORMIGA,"3,000.00",0.00,AICHINO HECTOR,UNIDAD,
1453543,VINCHA PLAST. RESORTE X 4 VS MODELOS MOLDINPLAST  - SEXY,"3,000.00",0.00,AICHINO HECTOR,UNIDAD,
1453543,VINCHA PLAST. RESORTE X 4 VS MODELOS MOLDINPLAST  - CHOPP,"3,000.00",0.00,AICHINO HECTOR,UNIDAD,
1453543,VINCHA PLAST. RESORTE X 4 VS MODELOS MOLDINPLAST  - CORAZON,"3,000.00",0.00,AICHINO HECTOR,UNIDAD,
1453543,VINCHA PLAST. RESORTE X 4 VS MODELOS MOLDINPLAST  - VAQUITA,"3,000.00",0.00,AICHINO HECTOR,UNIDAD,
1453543,VINCHA PLAST. RESORTE X 4 VS MODELOS MOLDINPLAST  - ABEJA,"3,000.00",0.00,AICHINO HECTOR,UNIDAD,
1453547,"GLOBOS CROMO 12"" GLOBOX REFLEX X 10U  - AZUL","3,500.00",0.00,COTILLON CASA ALBERTO,UNIDAD,
1453547,"GLOBOS CROMO 12"" GLOBOX REFLEX X 10U  - PLATA","3,500.00",0.00,COTILLON CASA ALBERTO,UNIDAD,
1453547,"GLOBOS CROMO 12"" GLOBOX REFLEX X 10U  - FUCSIA","3,500.00",0.00,COTILLON CASA ALBERTO,UNIDAD,
1453547,"GLOBOS CROMO 12"" GLOBOX REFLEX X 10U  - DORADO","3,500.00",0.00,COTILLON CASA ALBERTO,UNIDAD,
1453547,"GLOBOS CROMO 12"" GLOBOX REFLEX X 10U  - ROSA GOLD","3,500.00",0.00,COTILLON CASA ALBERTO,UNIDAD,
1453549,PLACA/MOLDES PARPEN X 2U BLISTER VS MOTIVOS  - MINI CANDY,"9,500.00",0.00,COTILLON CASA ALBERTO,UNIDAD,
1453549,PLACA/MOLDES PARPEN X 2U BLISTER VS MOTIVOS  - ESFERAS,"9,500.00",0.00,COTILLON CASA ALBERTO,UNIDAD,
1453549,PLACA/MOLDES PARPEN X 2U BLISTER VS MOTIVOS  - CONEJOS,"9,500.00",0.00,COTILLON CASA ALBERTO,UNIDAD,
1453550,MOLDE SILICONA BOMBONES/CHUPETIN MARRON VS MOTIVOS  - CHUPETIN ESPIRAL,"4,500.00",0.00,AICHINO HECTOR,UNIDAD,
1453550,MOLDE SILICONA BOMBONES/CHUPETIN MARRON VS MOTIVOS  - CORAZON PARTIDO,"4,500.00",0.00,AICHINO HECTOR,UNIDAD,
1453550,MOLDE SILICONA BOMBONES/CHUPETIN MARRON VS MOTIVOS  - CHUPETIN CORAZON DOBLE,"4,500.00",0.00,AICHINO HECTOR,UNIDAD,
1453550,MOLDE SILICONA BOMBONES/CHUPETIN MARRON VS MOTIVOS  - FLOR ROSA,"4,500.00",0.00,AICHINO HECTOR,UNIDAD,
1453550,MOLDE SILICONA BOMBONES/CHUPETIN MARRON VS MOTIVOS  - CHUPETIN GALLETA,"4,500.00",0.00,AICHINO HECTOR,UNIDAD,
1453550,MOLDE SILICONA BOMBONES/CHUPETIN MARRON VS MOTIVOS  - LEGOS,"4,500.00",0.00,AICHINO HECTOR,UNIDAD,
1453550,MOLDE SILICONA BOMBONES/CHUPETIN MARRON VS MOTIVOS  - CUADRADO PROFUNDO,"4,500.00",0.00,AICHINO HECTOR,UNIDAD,
1453551,GLASE PARA DECORAR LISTO X 1  - AZUL,"3,000.00",0.00,AICHINO HECTOR,UNIDAD,
1453551,GLASE PARA DECORAR LISTO X 1  - ROJO,"3,000.00",0.00,AICHINO HECTOR,UNIDAD,
1453551,GLASE PARA DECORAR LISTO X 1  - AMARILLA,"3,000.00",0.00,AICHINO HECTOR,UNIDAD,
1453551,GLASE PARA DECORAR LISTO X 1  - BLANCO,"3,000.00",0.00,AICHINO HECTOR,UNIDAD,
1453551,GLASE PARA DECORAR LISTO X 1  - NEGRO,"3,000.00",0.00,AICHINO HECTOR,UNIDAD,
1453552,VELAS LAQUEADAS 15CM X 10 U  - DORADO,"3,500.00",0.00,AICHINO HECTOR,UNIDAD,
1453609,CINTA BALLOU 12MM X 50MT  - FUCSIA,"3,000.00",0.00,COTILLON CASA ALBERTO,UNIDAD,
1453609,CINTA BALLOU 12MM X 50MT  - VIOLETA,"3,000.00",0.00,COTILLON CASA ALBERTO,UNIDAD,
1453609,CINTA BALLOU 12MM X 50MT  - NARANJA,"3,000.00",0.00,COTILLON CASA ALBERTO,UNIDAD,
1453609,CINTA BALLOU 12MM X 50MT  - VERDE CLAROI,"3,000.00",0.00,COTILLON CASA ALBERTO,UNIDAD,
1453609,CINTA BALLOU 12MM X 50MT  - ROJO,"3,000.00",0.00,COTILLON CASA ALBERTO,UNIDAD,
1453609,CINTA BALLOU 12MM X 50MT  - AZUL,"3,000.00",0.00,COTILLON CASA ALBERTO,UNIDAD,
1453609,CINTA BALLOU 12MM X 50MT  - DORADO,"3,000.00",0.00,COTILLON CASA ALBERTO,UNIDAD,
1453609,CINTA BALLOU 12MM X 50MT  - CELESTE,"3,000.00",0.00,COTILLON CASA ALBERTO,UNIDAD,
1453609,CINTA BALLOU 12MM X 50MT  - PLATA,"3,000.00",0.00,COTILLON CASA ALBERTO,UNIDAD,
1453609,CINTA BALLOU 12MM X 50MT  - BLANCO,"3,000.00",0.00,COTILLON CASA ALBERTO,UNIDAD,
1453609,CINTA BALLOU 12MM X 50MT  - ROSA,"3,000.00",0.00,COTILLON CASA ALBERTO,UNIDAD,
1453609,CINTA BALLOU 12MM X 50MT  - VERDE,"3,000.00",0.00,COTILLON CASA ALBERTO,UNIDAD,
1453638,SET DE GLOBOS FELIZ CUMPLEAÑOS CURSIVA PAPEL  - FUCSIA,"3,500.00",0.00,,UNIDAD,
1453638,SET DE GLOBOS FELIZ CUMPLEAÑOS CURSIVA PAPEL  - ROSA,"3,500.00",0.00,,UNIDAD,
1453659,CAJA DE ETIQUETAS AVERY C/HOJA  3015 16.7 X 24.7 MM,250.00,0.00,COMERCIAL SUMA SRL,UNIDAD,
1453659,CAJA DE ETIQUETAS AVERY C/HOJA  3024 19.8 X 33.7 MM,250.00,0.00,COMERCIAL SUMA SRL,UNIDAD,
145367,BUCANERAS RAYADAS  NEGRAS AMARILLAS,"5,500.00",0.00,,UNIDAD,
145367,BUCANERAS RAYADAS  BLANCO AZUL,"5,500.00",0.00,,UNIDAD,
1453671,"GLOBOS LUNARES CANDELA 12"" X12U  - ROJO","3,000.00",0.00,COTILLON CASA ALBERTO,UNIDAD,
1453671,"GLOBOS LUNARES CANDELA 12"" X12U  - NEGRO","3,000.00",0.00,COTILLON CASA ALBERTO,UNIDAD,
1453671,"GLOBOS LUNARES CANDELA 12"" X12U  - VERDE","3,000.00",0.00,COTILLON CASA ALBERTO,UNIDAD,
1453671,"GLOBOS LUNARES CANDELA 12"" X12U  - VIOLETA","3,000.00",0.00,COTILLON CASA ALBERTO,UNIDAD,
1453672,VASO 180CC FLEXIBLE COLOR X15 U  - ROJO,"5,200.00",0.00,COTILLON CASA ALBERTO,UNIDAD,
1453672,VASO 180CC FLEXIBLE COLOR X15 U  - AZUL,"5,200.00",0.00,COTILLON CASA ALBERTO,UNIDAD,
1453672,VASO 180CC FLEXIBLE COLOR X15 U  - NEGRO,"5,200.00",0.00,COTILLON CASA ALBERTO,UNIDAD,
1453672,VASO 180CC FLEXIBLE COLOR X15 U  - MAGENTA,"5,200.00",0.00,COTILLON CASA ALBERTO,UNIDAD,
1453672,VASO 180CC FLEXIBLE COLOR X15 U  - CELESTE PASTEL,"5,200.00",0.00,COTILLON CASA ALBERTO,UNIDAD,
1453681,CINTA RIBBONETTE 10MM X 50 MT LISA  - CELESTE,"2,500.00",-1.00,COTILLON CASA ALBERTO,UNIDAD,
1453681,CINTA RIBBONETTE 10MM X 50 MT LISA  - NEGRO,"2,500.00",0.00,COTILLON CASA ALBERTO,UNIDAD,
1453681,CINTA RIBBONETTE 10MM X 50 MT LISA  - AMARILLO,"2,500.00",0.00,COTILLON CASA ALBERTO,UNIDAD,
1453681,CINTA RIBBONETTE 10MM X 50 MT LISA  - VERDE MANZANA,"2,500.00",0.00,COTILLON CASA ALBERTO,UNIDAD,
1453681,CINTA RIBBONETTE 10MM X 50 MT LISA  - FUCSIA,"2,500.00",0.00,COTILLON CASA ALBERTO,UNIDAD,
1453681,CINTA RIBBONETTE 10MM X 50 MT LISA  - BLANCO,"2,500.00",0.00,COTILLON CASA ALBERTO,UNIDAD,
1453681,CINTA RIBBONETTE 10MM X 50 MT LISA  - PLATA,"2,500.00",-1.00,COTILLON CASA ALBERTO,UNIDAD,
1453681,CINTA RIBBONETTE 10MM X 50 MT LISA  - LILA,"2,500.00",0.00,COTILLON CASA ALBERTO,UNIDAD,
1453681,CINTA RIBBONETTE 10MM X 50 MT LISA  - AZUL,"2,500.00",0.00,COTILLON CASA ALBERTO,UNIDAD,
1453681,CINTA RIBBONETTE 10MM X 50 MT LISA  - ROJO,"2,500.00",0.00,COTILLON CASA ALBERTO,UNIDAD,
1453681,CINTA RIBBONETTE 10MM X 50 MT LISA  - DORADO,"2,500.00",0.00,COTILLON CASA ALBERTO,UNIDAD,
1453682,CINTA BALLOU 20 MM X 25 MT LISA  - ROJO,"2,500.00",0.00,COTILLON CASA ALBERTO,UNIDAD,
1453682,CINTA BALLOU 20 MM X 25 MT LISA  - ROSA,"2,500.00",0.00,COTILLON CASA ALBERTO,UNIDAD,
1453682,CINTA BALLOU 20 MM X 25 MT LISA  - NEGRO,"2,500.00",0.00,COTILLON CASA ALBERTO,UNIDAD,
1453683,BOLSA PAPEL CON MANIJA 14X20 X 1 U  - FUCSIA,700.00,0.00,COTILLON CASA ALBERTO,UNIDAD,
1453683,BOLSA PAPEL CON MANIJA 14X20 X 1 U  - VIOLETA,700.00,0.00,COTILLON CASA ALBERTO,UNIDAD,
1453715,BANDERIN BABY SHOWER G.M  - CELESTE,"3,500.00",-1.00,,UNIDAD,
1453715,BANDERIN BABY SHOWER G.M  - ROSA,"3,500.00",0.00,,UNIDAD,
1453717,SERVILLETA COLOR COUNTRY X 40 U  - AZUL,"3,000.00",0.00,AICHINO HECTOR,UNIDAD,
1453717,SERVILLETA COLOR COUNTRY X 40 U  - ROSA,"3,000.00",-1.00,AICHINO HECTOR,UNIDAD,
1453717,SERVILLETA COLOR COUNTRY X 40 U  - ROJO,"3,000.00",0.00,AICHINO HECTOR,UNIDAD,
1453718,SERVILLETA COLOR NAPTRES X 20U  - ACUAMARINA,"1,800.00",0.00,AICHINO HECTOR,UNIDAD,
1453718,SERVILLETA COLOR NAPTRES X 20U  - NEGRO,"1,800.00",0.00,AICHINO HECTOR,UNIDAD,
1453718,SERVILLETA COLOR NAPTRES X 20U  - CELESTE,"1,800.00",0.00,AICHINO HECTOR,UNIDAD,
1453718,SERVILLETA COLOR NAPTRES X 20U  - AMARILLO,"1,800.00",0.00,AICHINO HECTOR,UNIDAD,
1453718,SERVILLETA COLOR NAPTRES X 20U  - AZUL,"1,800.00",0.00,AICHINO HECTOR,UNIDAD,
1453718,SERVILLETA COLOR NAPTRES X 20U  - BEIGE,"1,800.00",0.00,AICHINO HECTOR,UNIDAD,
1453728,BOMBON OBLI-BON X30 U  - CLASICO,"8,200.00",-2.00,CHIALVO S R L,UNIDAD,
1453728,BOMBON OBLI-BON X30 U  - BLANCO,"8,200.00",0.00,CHIALVO S R L,UNIDAD,
145373,TRENZA LARGA DE COLOR  - VARIOS,"4,500.00",0.00,,UNIDAD,
145373,TRENZA LARGA DE COLOR  - VERDE,"4,500.00",0.00,,UNIDAD,
1453744,MASTICABLE TAPONAZO 290/300 GR  SABOR FRUTAL,"1,400.00",-17.00,CHIALVO S R L,UNIDAD,
1453744,MASTICABLE TAPONAZO 290/300 GR  SABOR YOGURT,"1,400.00",-4.00,CHIALVO S R L,UNIDAD,
1453772,SET VELA ESTRELLA X 3 PARTY  - PLATEADA,"2,200.00",0.00,FER,UNIDAD,
1453772,SET VELA ESTRELLA X 3 PARTY  - DORADO,"2,200.00",-2.00,FER,UNIDAD,
1453774,GOMITAS DOCILE 250 GR  - MORAS,"3,200.00",-7.00,CHIALVO S R L,UNIDAD,
1453774,GOMITAS DOCILE 250 GR  - SANDIA ACIDA,"3,200.00",0.00,CHIALVO S R L,UNIDAD,
1453774,GOMITAS DOCILE 250 GR  - DIENTES,"3,200.00",0.00,CHIALVO S R L,UNIDAD,
1453774,GOMITAS DOCILE 250 GR  - MINI BESITOS,"3,200.00",-1.00,CHIALVO S R L,UNIDAD,
1453774,GOMITAS DOCILE 250 GR  - BANANITAS,"3,200.00",0.00,CHIALVO S R L,UNIDAD,
1453774,GOMITAS DOCILE 250 GR  -. FIESTA,"3,200.00",-1.00,CHIALVO S R L,UNIDAD,
1453774,GOMITAS DOCILE 250 GR  - CORAZON,"3,200.00",0.00,CHIALVO S R L,UNIDAD,
1453775,ALFAJOR SUPER TRIPLE FANTOCHE X12  - RED VELVET,"13,700.00",0.00,CHIALVO S R L,UNIDAD,
1453775,ALFAJOR SUPER TRIPLE FANTOCHE X12  - DULCE DE LECHE,"13,700.00",0.00,CHIALVO S R L,UNIDAD,
1453787,"GLOBOS LISOS 12"" GLOBOX X 50U STANDARD  12"" BLANCO","9,900.00",0.00,COTILLON CASA ALBERTO,UNIDAD,
1453787,"GLOBOS LISOS 12"" GLOBOX X 50U STANDARD  12"" VERDE HOJA","9,900.00",0.00,COTILLON CASA ALBERTO,UNIDAD,
1453787,"GLOBOS LISOS 12"" GLOBOX X 50U STANDARD  12"" VERDE","9,900.00",0.00,COTILLON CASA ALBERTO,UNIDAD,
1453787,"GLOBOS LISOS 12"" GLOBOX X 50U STANDARD  12"" GRIS PERLA","9,900.00",0.00,COTILLON CASA ALBERTO,UNIDAD,
1453787,"GLOBOS LISOS 12"" GLOBOX X 50U STANDARD  12"" TURQUESA INTENSO","9,900.00",0.00,COTILLON CASA ALBERTO,UNIDAD,
1453787,"GLOBOS LISOS 12"" GLOBOX X 50U STANDARD  12"" VERDE OLIVA","9,900.00",0.00,COTILLON CASA ALBERTO,UNIDAD,
1453787,"GLOBOS LISOS 12"" GLOBOX X 50U STANDARD  12"" PURPURA","9,900.00",0.00,COTILLON CASA ALBERTO,UNIDAD,
1453787,"GLOBOS LISOS 12"" GLOBOX X 50U STANDARD  12"" ROSA PALO","9,900.00",0.00,COTILLON CASA ALBERTO,UNIDAD,
1453787,"GLOBOS LISOS 12"" GLOBOX X 50U STANDARD  12"" MOSTAZA","9,900.00",0.00,COTILLON CASA ALBERTO,UNIDAD,
1453787,"GLOBOS LISOS 12"" GLOBOX X 50U STANDARD  12"" CORAL","9,900.00",0.00,COTILLON CASA ALBERTO,UNIDAD,
1453787,"GLOBOS LISOS 12"" GLOBOX X 50U STANDARD  12"" ROSA","9,900.00",0.00,COTILLON CASA ALBERTO,UNIDAD,
1453787,"GLOBOS LISOS 12"" GLOBOX X 50U STANDARD  12"" AZUL OSCURO","9,900.00",0.00,COTILLON CASA ALBERTO,UNIDAD,
1453787,"GLOBOS LISOS 12"" GLOBOX X 50U STANDARD  12"" VIOLETA","9,900.00",0.00,COTILLON CASA ALBERTO,UNIDAD,
1453787,"GLOBOS LISOS 12"" GLOBOX X 50U STANDARD  12"" NARANJA","9,900.00",0.00,COTILLON CASA ALBERTO,UNIDAD,
1453787,"GLOBOS LISOS 12"" GLOBOX X 50U STANDARD  12"" AZUL FRANCIA","9,900.00",0.00,COTILLON CASA ALBERTO,UNIDAD,
1453787,"GLOBOS LISOS 12"" GLOBOX X 50U STANDARD  12"" MAIZ","9,900.00",0.00,COTILLON CASA ALBERTO,UNIDAD,
1453789,BANDERIN FELIZ ANIVERSARIO G.M X 1U  - DORADO/BLANCO,"3,500.00",0.00,AICHINO HECTOR,UNIDAD,
1453789,BANDERIN FELIZ ANIVERSARIO G.M X 1U  - DORADO/NEGRO,"3,500.00",0.00,AICHINO HECTOR,UNIDAD,
1453812,PELUCA AFRO ARGENTINA  - -,"8,500.00",0.00,IMPORTADORA LOW COST S. R. L.,UNIDAD,
1453812,PELUCA AFRO ARGENTINA  - PARTY STORE,"8,500.00",-1.00,IMPORTADORA LOW COST S. R. L.,UNIDAD,
1453816,BANDERIN GIGANTE LISO FELIZ CUMPLE  - VIOLETA,"3,000.00",-2.00,IMPORTADORA LOW COST S. R. L.,UNIDAD,
1453816,BANDERIN GIGANTE LISO FELIZ CUMPLE  - VERDE,"3,000.00",0.00,IMPORTADORA LOW COST S. R. L.,UNIDAD,
1453816,BANDERIN GIGANTE LISO FELIZ CUMPLE  - BLANCO,"3,000.00",0.00,IMPORTADORA LOW COST S. R. L.,UNIDAD,
1453854,PAÑUELO CELESTE - BLANCO PATRIO CROSTI X 1U  - BLANCO,"2,500.00",-5.00,COTILLON CASA ALBERTO,UNIDAD,
1453854,PAÑUELO CELESTE - BLANCO PATRIO CROSTI X 1U  - CELESTE,"2,500.00",-26.00,COTILLON CASA ALBERTO,UNIDAD,
1453856,MANTILLA DAMA ANTIGUA  - BLANCO,"2,500.00",-5.00,COTILLON CASA ALBERTO,UNIDAD,
1453856,MANTILLA DAMA ANTIGUA  - NEGRO,"2,500.00",-5.00,COTILLON CASA ALBERTO,UNIDAD,
1453857,PELOTITAS DE TELGOPOR PARA DECORACION  - ROSA,"2,500.00",0.00,COTILLON CASA ALBERTO,UNIDAD,
1453857,PELOTITAS DE TELGOPOR PARA DECORACION  - TURQUESA,"2,500.00",0.00,COTILLON CASA ALBERTO,UNIDAD,
1453859,SORBETES FLEXIBLES FLUOR X80  - FUCSIA,"3,200.00",0.00,COTILLON CASA ALBERTO,UNIDAD,
1453859,SORBETES FLEXIBLES FLUOR X80  - NARANJA,"3,200.00",0.00,COTILLON CASA ALBERTO,UNIDAD,
1453859,SORBETES FLEXIBLES FLUOR X80  - VERDE,"3,200.00",0.00,COTILLON CASA ALBERTO,UNIDAD,
1453860,SORBETES FLEXIBLES PASTEL X 80  - AMARILLO,"4,200.00",0.00,COTILLON CASA ALBERTO,UNIDAD,
1453860,SORBETES FLEXIBLES PASTEL X 80  - CELESTE,"4,200.00",-1.00,COTILLON CASA ALBERTO,UNIDAD,
1453860,SORBETES FLEXIBLES PASTEL X 80  - ROSA,"4,200.00",0.00,COTILLON CASA ALBERTO,UNIDAD,
1453860,SORBETES FLEXIBLES PASTEL X 80  - LILA,"4,200.00",0.00,COTILLON CASA ALBERTO,UNIDAD,
1453861,BOMBACHA GAUCHO CROSTI  - T3,"7,900.00",0.00,COTILLON CASA ALBERTO,UNIDAD,
1453861,BOMBACHA GAUCHO CROSTI  - T2,"7,900.00",0.00,COTILLON CASA ALBERTO,UNIDAD,
1453862,DISFRAZ DAMA ANTIGUA M/LARGA DELUXE  - T1,"43,900.00",0.00,COTILLON CASA ALBERTO,UNIDAD,
1453862,DISFRAZ DAMA ANTIGUA M/LARGA DELUXE  - T3,"43,900.00",0.00,COTILLON CASA ALBERTO,UNIDAD,
1453863,PECHERAS PLASTICAS  - GRANADERO,"4,500.00",0.00,COTILLON CASA ALBERTO,UNIDAD,
1453863,PECHERAS PLASTICAS  - REALISTA,"4,500.00",0.00,COTILLON CASA ALBERTO,UNIDAD,
1453908,TAPITAS ALFAJOR FANTOCHE X 350 G CAJA X 12 PAQ  - MARMOLADA,"27,500.00",0.00,,UNIDAD,
1453908,TAPITAS ALFAJOR FANTOCHE X 350 G CAJA X 12 PAQ  - COCO,"27,500.00",0.00,,UNIDAD,
1453927,CAJA CHOCOLATE CHOCOLATIN GEORGALOS 40U  - CON LECHE,"19,000.00",0.00,HYH,UNIDAD,
1453927,CAJA CHOCOLATE CHOCOLATIN GEORGALOS 40U  - BLANCO,"19,000.00",0.00,HYH,UNIDAD,
1453947,DISFRAZ CABALLERO CANDELA T.2 /T.3 X 1U  T.2 -,"29,000.00",0.00,COTILLON CASA ALBERTO,UNIDAD,
1453947,DISFRAZ CABALLERO CANDELA T.2 /T.3 X 1U  T.3 -,"29,000.00",-2.00,COTILLON CASA ALBERTO,UNIDAD,
1453949,DISFRAZ COYA NENA ECHYZOS X 1U T.2 / T.3  T.2 VERDE CON AZUL POLLERA Y PONCHO,"25,000.00",0.00,COTILLON CASA ALBERTO,UNIDAD,
1453949,DISFRAZ COYA NENA ECHYZOS X 1U T.2 / T.3  T.3 VERDE CON AZUL POLLERA Y PONCHO,"25,000.00",0.00,COTILLON CASA ALBERTO,UNIDAD,
1453950,DISFRAZ COYA NENE CANDELA T.2 / T.3  T.2 PONCHO ROJO/PANTALON MARRON,"29,000.00",0.00,COTILLON CASA ALBERTO,UNIDAD,
1453950,DISFRAZ COYA NENE CANDELA T.2 / T.3  T.3 PONCHO ROJO/PANTALON MARRON,"29,000.00",0.00,COTILLON CASA ALBERTO,UNIDAD,
1453952,DISFRAZ DAMA ANTIGUA NEW TOYS T.1 / T.3 X 1U  T.1 LILA,"42,000.00",0.00,COTILLON CASA ALBERTO,UNIDAD,
1453952,DISFRAZ DAMA ANTIGUA NEW TOYS T.1 / T.3 X 1U  T.3 LILA,"42,000.00",0.00,COTILLON CASA ALBERTO,UNIDAD,
1454039,SERVILLETA COLOR COUNTRY X 20U  - VERDE,"1,800.00",0.00,VASA,UNIDAD,
1454039,SERVILLETA COLOR COUNTRY X 20U  - VIOLETA,"1,800.00",-1.00,VASA,UNIDAD,
1454039,SERVILLETA COLOR COUNTRY X 20U  - CELESTE,"1,800.00",0.00,VASA,UNIDAD,
1454039,SERVILLETA COLOR COUNTRY X 20U  - NEGRO,"1,800.00",0.00,VASA,UNIDAD,
1454039,SERVILLETA COLOR COUNTRY X 20U  - ROSA,"1,800.00",-1.00,VASA,UNIDAD,
1454039,SERVILLETA COLOR COUNTRY X 20U  - AMARILLO FLUO,"1,800.00",0.00,VASA,UNIDAD,
1454039,SERVILLETA COLOR COUNTRY X 20U  - AZUL,"1,800.00",-3.00,VASA,UNIDAD,
1454043,CORTINAS FORMAS  CORAZONES CELESTE,"3,500.00",0.00,,UNIDAD,
1454046,GALLETA OREO 118GS X 1U  - GOLDEN-VAINILLA,"2,200.00",0.00,QUIPAR,UNIDAD,
1454046,GALLETA OREO 118GS X 1U  - ORIGINAL,"2,200.00",0.00,QUIPAR,UNIDAD,
1454046,GALLETA OREO 118GS X 1U  - FRUTILLA,"2,200.00",0.00,QUIPAR,UNIDAD,
1454046,GALLETA OREO 118GS X 1U  - MENTA,"2,200.00",0.00,QUIPAR,UNIDAD,
145407,ANTIFAZ CARTON C/BRILLO X6  - NEGRO,"2,400.00",0.00,,UNIDAD,
145407,ANTIFAZ CARTON C/BRILLO X6  - PLATA,"2,400.00",0.00,,UNIDAD,
145429,SANGRE FALSA  RADHA COMESTIBLE ROJA,"2,000.00",0.00,,UNIDAD,
145429,SANGRE FALSA  ZOMBIE VERDE,"2,000.00",0.00,,UNIDAD,
145439,LUCES NAVIDEÑAS BURBUJA 20 LED DAEWOO  - FRIA,"4,900.00",0.00,,UNIDAD,
145439,LUCES NAVIDEÑAS BURBUJA 20 LED DAEWOO  - MULTICOLOR,"4,900.00",0.00,,UNIDAD,
145439,LUCES NAVIDEÑAS BURBUJA 20 LED DAEWOO  - CALIDA,"4,900.00",0.00,,UNIDAD,
145442,LUCES LED 1.5 MT 10 LUCES 2 PILAS AA  - FRIA,"1,500.00",0.00,,UNIDAD,
145442,LUCES LED 1.5 MT 10 LUCES 2 PILAS AA  - CALIDA,"1,500.00",0.00,,UNIDAD,
145476,PALITO PORTA GLOBOS X 25U  AMARILLO BLANCO,"2,800.00",0.00,,UNIDAD,
145476,PALITO PORTA GLOBOS X 25U  ROJO BLANCO,"2,800.00",0.00,,UNIDAD,
145476,PALITO PORTA GLOBOS X 25U  AMARILLO FLUO BLANCO,"2,800.00",-1.00,,UNIDAD,
145476,PALITO PORTA GLOBOS X 25U  - MULTICOLOR,"2,800.00",0.00,,UNIDAD,
145503,PELUCA SUPER AFRO  - VARIOS,"9,500.00",0.00,,UNIDAD,
145503,PELUCA SUPER AFRO  - ROJO,"9,500.00",0.00,,UNIDAD,
145511,PELUCA LACIA CON FLEQUILLO  - ROJO,"7,000.00",0.00,,UNIDAD,
145511,PELUCA LACIA CON FLEQUILLO  - NARANJA,"7,000.00",0.00,,UNIDAD,
145511,PELUCA LACIA CON FLEQUILLO  - VARIOS,"7,000.00",-1.00,,UNIDAD,
145539,ANTEOJO ACRILICO CON MARCO X 1  - MARRON CHICO,"4,500.00",0.00,,UNIDAD,
145539,ANTEOJO ACRILICO CON MARCO X 1  - MARRON GRANDE,"4,500.00",0.00,,UNIDAD,
145539,ANTEOJO ACRILICO CON MARCO X 1  - CELESTE,"4,500.00",0.00,,UNIDAD,
145539,ANTEOJO ACRILICO CON MARCO X 1  - AMARILLO,"4,500.00",0.00,,UNIDAD,
145539,ANTEOJO ACRILICO CON MARCO X 1  - VIOLETA,"4,500.00",0.00,,UNIDAD,
145539,ANTEOJO ACRILICO CON MARCO X 1  - NEGRO,"4,500.00",0.00,,UNIDAD,
145543,ANTEOJO ALARGADO COLOR X 1  - ROSA,"3,200.00",0.00,,UNIDAD,
145543,ANTEOJO ALARGADO COLOR X 1  - AMARILLO,"3,200.00",0.00,,UNIDAD,
145543,ANTEOJO ALARGADO COLOR X 1  - CELESTE,"3,200.00",0.00,,UNIDAD,
145550,ANTEOJOS HILO LUMINOSO X 1  - AMARILLO,"9,900.00",0.00,,UNIDAD,
145550,ANTEOJOS HILO LUMINOSO X 1  - NARANJA,"9,900.00",0.00,,UNIDAD,
145556,CORONITA FLORES GOMA EVA C/LUZ X 1  - ROJA CON BLANCO,"3,500.00",0.00,,UNIDAD,
145556,CORONITA FLORES GOMA EVA C/LUZ X 1  - CELESTE,"3,500.00",0.00,,UNIDAD,
145564,BANDERIN MI BAUTISMO G.M X 1U  - CELESTE,"3,500.00",0.00,,UNIDAD,
145564,BANDERIN MI BAUTISMO G.M X 1U  - ROSA,"3,500.00",-1.00,,UNIDAD,
145574,STRASS PARA CARA CALACA  - ROJO/PLATA,"1,900.00",0.00,,UNIDAD,
145574,STRASS PARA CARA CALACA  - DORADO/PLATA,"1,900.00",0.00,,UNIDAD,
145700,SERPENTINAS EN AEROSOL X 1  - BOMBUCHA,"3,500.00",0.00,,UNIDAD,
145700,SERPENTINAS EN AEROSOL X 1  - PARTY STORE,"3,500.00",0.00,,UNIDAD,
145700,SERPENTINAS EN AEROSOL X 1  - NASHVILLE,"3,500.00",0.00,,UNIDAD,
145701,SERPENTINAS EN AEROSOL X 2  - BOMBUCHA,"5,800.00",0.00,,UNIDAD,
145701,SERPENTINAS EN AEROSOL X 2  - PARTY STORE,"5,800.00",0.00,,UNIDAD,
145701,SERPENTINAS EN AEROSOL X 2  - NASHVILLE,"5,800.00",0.00,,UNIDAD,
145702,SERPENTINAS EN AEROSOL X 12  - BOMBUCHA,"28,000.00",0.00,,UNIDAD,
145702,SERPENTINAS EN AEROSOL X 12  - PARTY STORE,"28,000.00",0.00,,UNIDAD,
145702,SERPENTINAS EN AEROSOL X 12  - NASHVILLE,"28,000.00",0.00,,UNIDAD,
145752,VINCHA HAWAIANA MARGARITA FLUOR X1  - NARANJA,"1,900.00",0.00,,UNIDAD,
145752,VINCHA HAWAIANA MARGARITA FLUOR X1  - ROSA,"1,900.00",0.00,,UNIDAD,
145752,VINCHA HAWAIANA MARGARITA FLUOR X1  - AMARILLO,"1,900.00",-1.00,,UNIDAD,
145752,VINCHA HAWAIANA MARGARITA FLUOR X1  - BLANCO,"1,900.00",0.00,,UNIDAD,
145752,VINCHA HAWAIANA MARGARITA FLUOR X1  - VERDE,"1,900.00",0.00,,UNIDAD,
145752,VINCHA HAWAIANA MARGARITA FLUOR X1  - AZUL,"1,900.00",-1.00,,UNIDAD,
145783,COLLAR HAWAIANO FLORES DE TELA FLUOR  - VERDE,"5,500.00",0.00,,UNIDAD,
145783,COLLAR HAWAIANO FLORES DE TELA FLUOR  - BLANCO,"5,500.00",0.00,,UNIDAD,
145783,COLLAR HAWAIANO FLORES DE TELA FLUOR  - NARANJA,"5,500.00",0.00,,UNIDAD,
145783,COLLAR HAWAIANO FLORES DE TELA FLUOR  - MULTICOLOR,"5,500.00",0.00,,UNIDAD,
145783,COLLAR HAWAIANO FLORES DE TELA FLUOR  - FUCSIA,"5,500.00",0.00,,UNIDAD,
145783,COLLAR HAWAIANO FLORES DE TELA FLUOR  - AZUL,"5,500.00",0.00,,UNIDAD,
145783,COLLAR HAWAIANO FLORES DE TELA FLUOR  - VIOLETA,"5,500.00",0.00,,UNIDAD,
145783,COLLAR HAWAIANO FLORES DE TELA FLUOR  - AMARILLO,"5,500.00",0.00,,UNIDAD,
145785,COLLAR HAWAIANO FLORES DE TELA LUREX  - ROJO,"5,500.00",0.00,,UNIDAD,
145785,COLLAR HAWAIANO FLORES DE TELA LUREX  - ROSA,"5,500.00",0.00,,UNIDAD,
145785,COLLAR HAWAIANO FLORES DE TELA LUREX  - NARANJA,"5,500.00",0.00,,UNIDAD,
145785,COLLAR HAWAIANO FLORES DE TELA LUREX  - AZUL,"5,500.00",0.00,,UNIDAD,
145785,COLLAR HAWAIANO FLORES DE TELA LUREX  - VERDE,"5,500.00",0.00,,UNIDAD,
145785,COLLAR HAWAIANO FLORES DE TELA LUREX  - VIOLETA,"5,500.00",0.00,,UNIDAD,
145787,COLLAR HAWAIANO FLORES DE TELA METALIZADO  - DORADO,"6,000.00",0.00,,UNIDAD,
145787,COLLAR HAWAIANO FLORES DE TELA METALIZADO  - PLATEADO,"6,000.00",0.00,,UNIDAD,
145789,TUTU CORTO LUREX/BRILLO  - -,"6,500.00",0.00,,UNIDAD,
145789,TUTU CORTO LUREX/BRILLO  - .,"6,500.00",-1.00,,UNIDAD,
145790,TUTU C/BRILLO NEON  - FUCSIA,"7,500.00",0.00,,UNIDAD,
145790,TUTU C/BRILLO NEON  - VERDE,"7,500.00",-3.00,,UNIDAD,
145792,TUTU GRANDE  - AMARILLO,"6,900.00",0.00,,UNIDAD,
145792,TUTU GRANDE  - AZUL,"6,900.00",0.00,,UNIDAD,
145792,TUTU GRANDE  - NEGRO,"6,900.00",0.00,,UNIDAD,
145793,ESPADAS GLADEADOR  - -,"7,500.00",0.00,,UNIDAD,
145793,ESPADAS GLADEADOR  - .,"7,500.00",-1.00,,UNIDAD,
145808,ANTEOJOS CARTON FLUOR X12  - .,"3,600.00",0.00,,UNIDAD,
145808,ANTEOJOS CARTON FLUOR X12  - -,"3,600.00",-1.00,,UNIDAD,
145873,CORONAS PLASTICAS C/GEMAS  PRINCESA DORADA,"2,500.00",0.00,,UNIDAD,
145873,CORONAS PLASTICAS C/GEMAS  REY PLATEADA,"2,500.00",0.00,,UNIDAD,
145875,SET PRINCESA (TIARA-VARA)  - CELESTE,"3,000.00",0.00,,UNIDAD,
145875,SET PRINCESA (TIARA-VARA)  - ROSA,"3,000.00",0.00,,UNIDAD,
145875,SET PRINCESA (TIARA-VARA)  - FUCSIA,"3,000.00",-1.00,,UNIDAD,
145883,CARETA PLASTICA RIGIDA PERSONAJES  - FLASH,"5,500.00",0.00,,UNIDAD,
145883,CARETA PLASTICA RIGIDA PERSONAJES  - DEADPOOL,"5,500.00",0.00,,UNIDAD,
145883,CARETA PLASTICA RIGIDA PERSONAJES  - CAPITAN AMERICA,"5,500.00",0.00,,UNIDAD,
145883,CARETA PLASTICA RIGIDA PERSONAJES  - MARIO BROS,"5,500.00",0.00,,UNIDAD,
145883,CARETA PLASTICA RIGIDA PERSONAJES  - HARLEY QUINN,"5,500.00",0.00,,UNIDAD,
145887,SET CONEJO PELUCHE  - ROSA,"3,900.00",0.00,,UNIDAD,
145887,SET CONEJO PELUCHE  - BLANCO,"3,900.00",-2.00,,UNIDAD,
145889,SET PELUCHE ANIMALES  - JIRAFA,"3,900.00",0.00,,UNIDAD,
145889,SET PELUCHE ANIMALES  - TIGRE,"3,900.00",0.00,,UNIDAD,
145889,SET PELUCHE ANIMALES  - RATON,"3,900.00",0.00,,UNIDAD,
145889,SET PELUCHE ANIMALES  - ELEFANTE,"3,900.00",0.00,,UNIDAD,
145889,SET PELUCHE ANIMALES  CONEJA FUCSIA,"3,900.00",0.00,,UNIDAD,
145902,"TUTU DE RAZO (ABEJA,VAQUITA S.A)  - ABEJA","5,500.00",-1.00,,UNIDAD,
145902,"TUTU DE RAZO (ABEJA,VAQUITA S.A)  - VAQUITA DE SAN ANTONIO","5,500.00",0.00,,UNIDAD,
145994,"SET DE ABEJA-VAQUITA S.A (ALAS,VINCHA,VARITA)  - ABEJA","6,500.00",-2.00,,UNIDAD,
145994,"SET DE ABEJA-VAQUITA S.A (ALAS,VINCHA,VARITA)  - VAQUITA SAN ANTONIO","6,500.00",-2.00,,UNIDAD,
145997,ALAS ABEJA -VAQUITA SAN ANTONIO  - VAQUITA SAN ANTONIO,"5,000.00",0.00,,UNIDAD,
145997,ALAS ABEJA -VAQUITA SAN ANTONIO  - ABEJA,"5,000.00",0.00,,UNIDAD,
145998,SET MARIPOSA C/LUZ  - VARIOS,"5,800.00",0.00,,UNIDAD,
145998,SET MARIPOSA C/LUZ  - AMARILLO,"5,800.00",0.00,,UNIDAD,
1476,CORTINA METALIZADA CUADRADA X 1U  - PLATEADO,"3,000.00",0.00,,UNIDAD,
1476,CORTINA METALIZADA CUADRADA X 1U  GRANDE ROJO,"3,000.00",-4.00,,UNIDAD,
14801,SET DE DIABLA  - METALIZADA,"3,900.00",0.00,,UNIDAD,
14801,SET DE DIABLA  - PAÑO,"3,900.00",0.00,,UNIDAD,
15230,CORTANTE NAVIDEÑOS  - ESTRELLA FUGAZ,"4,000.00",0.00,,UNIDAD,
15230,CORTANTE NAVIDEÑOS  - PINO GRANDE,"4,000.00",0.00,,UNIDAD,
15230,CORTANTE NAVIDEÑOS  - MUERDAGO GRANDE,"4,000.00",0.00,,UNIDAD,
15231,CORTANTES NAVIDEÑO CHICOS  - PINO CHICO,"3,000.00",0.00,,UNIDAD,
15234,CORTANTE MARCADOR NAVIDEÑO  - MUÑECO DE NIEVE,"2,000.00",0.00,,UNIDAD,
15234,CORTANTE MARCADOR NAVIDEÑO  - COPO DE NIEVE,"2,000.00",0.00,,UNIDAD,
15234,CORTANTE MARCADOR NAVIDEÑO  - CARA DE PAPA NOEL,"2,000.00",0.00,,UNIDAD,
160,CORTINA METALIZADA LLUVIA X 1 U  - ROJO,"2,500.00",-32.00,COTILLON CASA ALBERTO,UNIDAD,
160,CORTINA METALIZADA LLUVIA X 1 U  - CELESTE BEBE,"2,500.00",-18.00,COTILLON CASA ALBERTO,UNIDAD,
160,CORTINA METALIZADA LLUVIA X 1 U  - BLANCO,"2,500.00",-5.00,COTILLON CASA ALBERTO,UNIDAD,
160,CORTINA METALIZADA LLUVIA X 1 U  - ROSA GOLD,"2,500.00",-5.00,COTILLON CASA ALBERTO,UNIDAD,
160,CORTINA METALIZADA LLUVIA X 1 U  - VIOLETA,"2,500.00",-2.00,COTILLON CASA ALBERTO,UNIDAD,
160,CORTINA METALIZADA LLUVIA X 1 U  - VIOLETA METALIZADA,"2,500.00",-2.00,COTILLON CASA ALBERTO,UNIDAD,
160,CORTINA METALIZADA LLUVIA X 1 U  - LILA METALIZADA,"2,500.00",-1.00,COTILLON CASA ALBERTO,UNIDAD,
160,CORTINA METALIZADA LLUVIA X 1 U  ROJO -,"2,500.00",-2.00,COTILLON CASA ALBERTO,UNIDAD,
160,CORTINA METALIZADA LLUVIA X 1 U  - ROSA BEBE,"2,500.00",-1.00,COTILLON CASA ALBERTO,UNIDAD,
160,CORTINA METALIZADA LLUVIA X 1 U  MAGIC PARTY ROJO,"2,500.00",-2.00,COTILLON CASA ALBERTO,UNIDAD,
160,CORTINA METALIZADA LLUVIA X 1 U  MAGIC PARTY PLATEADA,"2,500.00",-12.00,COTILLON CASA ALBERTO,UNIDAD,
160,CORTINA METALIZADA LLUVIA X 1 U  DILAX BLANCA,"2,500.00",-2.00,COTILLON CASA ALBERTO,UNIDAD,
160,CORTINA METALIZADA LLUVIA X 1 U  - NEGRO,"2,500.00",0.00,COTILLON CASA ALBERTO,UNIDAD,
160,CORTINA METALIZADA LLUVIA X 1 U  ROSA GOLD -,"2,500.00",-7.00,COTILLON CASA ALBERTO,UNIDAD,
160,CORTINA METALIZADA LLUVIA X 1 U  VIOLETA -,"2,500.00",-2.00,COTILLON CASA ALBERTO,UNIDAD,
160,CORTINA METALIZADA LLUVIA X 1 U  DILAX CELESTE,"2,500.00",-5.00,COTILLON CASA ALBERTO,UNIDAD,
160,CORTINA METALIZADA LLUVIA X 1 U  DILAX LILA,"2,500.00",0.00,COTILLON CASA ALBERTO,UNIDAD,
160,CORTINA METALIZADA LLUVIA X 1 U  - FUCSIA,"2,500.00",0.00,COTILLON CASA ALBERTO,UNIDAD,
1610,"GLOBOS CROME 12"" X10 GLOBOX  - FUCSIA","3,500.00",0.00,,UNIDAD,
1610,"GLOBOS CROME 12"" X10 GLOBOX  - VERDE","3,500.00",0.00,,UNIDAD,
1610,"GLOBOS CROME 12"" X10 GLOBOX  - ROSA GOLD","3,500.00",0.00,,UNIDAD,
1610,"GLOBOS CROME 12"" X10 GLOBOX  - AZUL","3,500.00",0.00,,UNIDAD,
1611,"GLOBOS CROMO 5"" GLOBOX 25U  - PURPURA","6,000.00",0.00,,UNIDAD,
1611,"GLOBOS CROMO 5"" GLOBOX 25U  - ROSA GOLD","6,000.00",0.00,,UNIDAD,
1611,"GLOBOS CROMO 5"" GLOBOX 25U  - VERDE","6,000.00",0.00,,UNIDAD,
1611,"GLOBOS CROMO 5"" GLOBOX 25U  - ROSA CORAL","6,000.00",0.00,,UNIDAD,
1611,"GLOBOS CROMO 5"" GLOBOX 25U  - PLATA","6,000.00",0.00,,UNIDAD,
1611,"GLOBOS CROMO 5"" GLOBOX 25U  - FUCSIA","6,000.00",0.00,,UNIDAD,
1611,"GLOBOS CROMO 5"" GLOBOX 25U  - AZUL","6,000.00",0.00,,UNIDAD,
1615,"GLOBOS PERLADOS 12"" GLOBOX X 50U  - ROSA","10,900.00",0.00,COTILLON CASA ALBERTO,UNIDAD,
1615,"GLOBOS PERLADOS 12"" GLOBOX X 50U  PERLADO 12"" ROSA PASTEL","10,900.00",0.00,COTILLON CASA ALBERTO,UNIDAD,
1615,"GLOBOS PERLADOS 12"" GLOBOX X 50U  PERLADO 12"" CREMA","10,900.00",0.00,COTILLON CASA ALBERTO,UNIDAD,
1615,"GLOBOS PERLADOS 12"" GLOBOX X 50U  PERLADO 12"" AZUL OSCURO","10,900.00",0.00,COTILLON CASA ALBERTO,UNIDAD,
1615,"GLOBOS PERLADOS 12"" GLOBOX X 50U  PERLADO12"" BLANCO","10,900.00",0.00,COTILLON CASA ALBERTO,UNIDAD,
1615,"GLOBOS PERLADOS 12"" GLOBOX X 50U  PERLADO12"" LILA PASTEL","10,900.00",0.00,COTILLON CASA ALBERTO,UNIDAD,
1615,"GLOBOS PERLADOS 12"" GLOBOX X 50U  PERLADO12"" VIOLETA","10,900.00",0.00,COTILLON CASA ALBERTO,UNIDAD,
1615,"GLOBOS PERLADOS 12"" GLOBOX X 50U  PERLADO12"" NEGRO","10,900.00",0.00,COTILLON CASA ALBERTO,UNIDAD,
1615,"GLOBOS PERLADOS 12"" GLOBOX X 50U  PERLADO12"" FUCSIA","10,900.00",0.00,COTILLON CASA ALBERTO,UNIDAD,
1615,"GLOBOS PERLADOS 12"" GLOBOX X 50U  PERLADO12"" PLATINUM","10,900.00",0.00,COTILLON CASA ALBERTO,UNIDAD,
2061,REDONDELAS RELLENAS 500G  - DULCE DE LECHE,"10,900.00",0.00,,UNIDAD,
2061,REDONDELAS RELLENAS 500G  - MANI,"10,900.00",0.00,,UNIDAD,
291,COLORANTE EN POLVO LIPOS. FLEIBOR X 1  BLANCO PERLADO,"3,500.00",-6.00,COTILLON CASA ALBERTO,UNIDAD,
291,COLORANTE EN POLVO LIPOS. FLEIBOR X 1  VIOLETA -,"3,500.00",-1.00,COTILLON CASA ALBERTO,UNIDAD,
291,COLORANTE EN POLVO LIPOS. FLEIBOR X 1  ROJO -,"3,500.00",-1.00,COTILLON CASA ALBERTO,UNIDAD,
291,COLORANTE EN POLVO LIPOS. FLEIBOR X 1  ROSA -,"3,500.00",-1.00,COTILLON CASA ALBERTO,UNIDAD,
291,COLORANTE EN POLVO LIPOS. FLEIBOR X 1  NEGRO -,"3,500.00",0.00,COTILLON CASA ALBERTO,UNIDAD,
291,COLORANTE EN POLVO LIPOS. FLEIBOR X 1  VERDE -,"3,500.00",0.00,COTILLON CASA ALBERTO,UNIDAD,
291,COLORANTE EN POLVO LIPOS. FLEIBOR X 1  AMARILLO -,"3,500.00",-3.00,COTILLON CASA ALBERTO,UNIDAD,
2910,COLORANTE POLVO DORADO FLEIBOR X 1  - PLATEADO,"4,800.00",-1.00,COTILLON CASA ALBERTO,UNIDAD,
2910,COLORANTE POLVO DORADO FLEIBOR X 1  - ORO ROSA,"4,800.00",0.00,COTILLON CASA ALBERTO,UNIDAD,
2910,COLORANTE POLVO DORADO FLEIBOR X 1  - BRONCE,"4,800.00",0.00,COTILLON CASA ALBERTO,UNIDAD,
2911,GLITTER FLEIBOR (NO COMESTIBLE)  - PLATA,"3,000.00",0.00,,UNIDAD,
2911,GLITTER FLEIBOR (NO COMESTIBLE)  - ORO,"3,000.00",0.00,,UNIDAD,
401,COLORANTE EN PASTA FLEIBOR X 1  - NARANJA,"2,600.00",0.00,LUCAS SANTIAGO,UNIDAD,
401,COLORANTE EN PASTA FLEIBOR X 1  - ROJO BORDO,"2,600.00",-1.00,LUCAS SANTIAGO,UNIDAD,
401,COLORANTE EN PASTA FLEIBOR X 1  - CELESTE NUBE,"2,600.00",0.00,LUCAS SANTIAGO,UNIDAD,
401,COLORANTE EN PASTA FLEIBOR X 1  - AMARILLO HUEVO,"2,600.00",0.00,LUCAS SANTIAGO,UNIDAD,
401,COLORANTE EN PASTA FLEIBOR X 1  - VIOLETA,"2,600.00",-3.00,LUCAS SANTIAGO,UNIDAD,
401,COLORANTE EN PASTA FLEIBOR X 1  - AZUL,"2,600.00",-2.00,LUCAS SANTIAGO,UNIDAD,
401,COLORANTE EN PASTA FLEIBOR X 1  - MARRON CHOCOLATE,"2,600.00",0.00,LUCAS SANTIAGO,UNIDAD,
401,COLORANTE EN PASTA FLEIBOR X 1  - AZUL FRANCIA,"2,600.00",-2.00,LUCAS SANTIAGO,UNIDAD,
401,COLORANTE EN PASTA FLEIBOR X 1  - VERDE HOJA,"2,600.00",0.00,LUCAS SANTIAGO,UNIDAD,
401,COLORANTE EN PASTA FLEIBOR X 1  - ROSA N,"2,600.00",-5.00,LUCAS SANTIAGO,UNIDAD,
401,COLORANTE EN PASTA FLEIBOR X 1  - ROSA,"2,600.00",-1.00,LUCAS SANTIAGO,UNIDAD,
401,COLORANTE EN PASTA FLEIBOR X 1  - ROSA C,"2,600.00",0.00,LUCAS SANTIAGO,UNIDAD,
401,COLORANTE EN PASTA FLEIBOR X 1  - AMARILLO,"2,600.00",-4.00,LUCAS SANTIAGO,UNIDAD,
401,COLORANTE EN PASTA FLEIBOR X 1  - ROJO R,"2,600.00",-5.00,LUCAS SANTIAGO,UNIDAD,
401,COLORANTE EN PASTA FLEIBOR X 1  AZUL M -,"2,600.00",0.00,LUCAS SANTIAGO,UNIDAD,
401,COLORANTE EN PASTA FLEIBOR X 1  VERDE A -,"2,600.00",-1.00,LUCAS SANTIAGO,UNIDAD,
401,COLORANTE EN PASTA FLEIBOR X 1  CELESTE B -,"2,600.00",-1.00,LUCAS SANTIAGO,UNIDAD,
401,COLORANTE EN PASTA FLEIBOR X 1  VIOLETA N -,"2,600.00",-2.00,LUCAS SANTIAGO,UNIDAD,
401,COLORANTE EN PASTA FLEIBOR X 1  NEGRO -,"2,600.00",-2.00,LUCAS SANTIAGO,UNIDAD,
5000025,JUGO BAGGIO X 2 UNID.  - DURAZNO,"1,900.00",-3.00,,UNIDAD,
5000028,ALFAJOR GENIO X 24 UNID.  - BLANCO,"13,500.00",0.00,,UNIDAD,
5000028,ALFAJOR GENIO X 24 UNID.  - NEGRO,"13,500.00",0.00,,UNIDAD,
5000034,ALFAJOR TATIN X2  - BLANCO,"1,300.00",-2.00,,UNIDAD,
5000034,ALFAJOR TATIN X2  - NEGRO,"1,300.00",-13.00,,UNIDAD,
5000035,ALFAJOR TERRABUSI X2  - GLACEADO,"2,200.00",0.00,,UNIDAD,
5000035,ALFAJOR TERRABUSI X2  - CLASICO,"2,200.00",0.00,,UNIDAD,
5000036,ALFAJOR FULBITO X4  - BLACK,"1,000.00",0.00,,UNIDAD,
5000041,LLUVIA DE PINTURA FLUO ARTELIGHT X1  VERDE .,"3,000.00",0.00,,UNIDAD,
5000041,LLUVIA DE PINTURA FLUO ARTELIGHT X1  NARANJA .,"3,000.00",0.00,,UNIDAD,
5000041,LLUVIA DE PINTURA FLUO ARTELIGHT X1  AMARILLO .,"3,000.00",0.00,,UNIDAD,
5000042,VINCHA SEDA COLOR FLOWER TIME X1  NEGRO .,"3,500.00",-2.00,,UNIDAD,
5000042,VINCHA SEDA COLOR FLOWER TIME X1  VERDE .,"3,500.00",0.00,,UNIDAD,
5000042,VINCHA SEDA COLOR FLOWER TIME X1  BLANCO .,"3,500.00",0.00,,UNIDAD,
5000042,VINCHA SEDA COLOR FLOWER TIME X1  NATURAL .,"3,500.00",0.00,,UNIDAD,
5000042,VINCHA SEDA COLOR FLOWER TIME X1  CORAL .,"3,500.00",0.00,,UNIDAD,
5000042,VINCHA SEDA COLOR FLOWER TIME X1  ROSA .,"3,500.00",0.00,,UNIDAD,
5000042,VINCHA SEDA COLOR FLOWER TIME X1  CELESTE .,"3,500.00",0.00,,UNIDAD,
5000042,VINCHA SEDA COLOR FLOWER TIME X1  LILA CLARO .,"3,500.00",0.00,,UNIDAD,
5000042,VINCHA SEDA COLOR FLOWER TIME X1  VIOLETA .,"3,500.00",0.00,,UNIDAD,
5000042,VINCHA SEDA COLOR FLOWER TIME X1  MULTICOLOR .,"3,500.00",0.00,,UNIDAD,
5000043,VINCHA SEDA MARGARITA X1 FLOWER TIME  PASTEL .,"2,500.00",0.00,AICHINO HECTOR,UNIDAD,
5000043,VINCHA SEDA MARGARITA X1 FLOWER TIME  MULTICOLOR .,"2,500.00",0.00,AICHINO HECTOR,UNIDAD,
5000044,MAMADERA COLOR X12 STASIO  CELESTE .,"4,900.00",0.00,AICHINO HECTOR,UNIDAD,
5000044,MAMADERA COLOR X12 STASIO  ROSA .,"4,900.00",0.00,AICHINO HECTOR,UNIDAD,
5000049,GLOBOS F/C - COMUNION - BAUTISMO X 50 GLOBOLANDIA  - COMUNION,"5,500.00",0.00,GLOBOLANDIA,UNIDAD,
5000049,GLOBOS F/C - COMUNION - BAUTISMO X 50 GLOBOLANDIA  - F/C,"5,500.00",0.00,GLOBOLANDIA,UNIDAD,
5000049,GLOBOS F/C - COMUNION - BAUTISMO X 50 GLOBOLANDIA  - BAUTISMO,"5,500.00",0.00,GLOBOLANDIA,UNIDAD,
5000052,CUADERNO HUSARES 80 H 16X21  - CUADRICULADO,950.00,0.00,COMERCIAL SUMA SRL,UNIDAD,
5000052,CUADERNO HUSARES 80 H 16X21  - RAYADA,950.00,0.00,COMERCIAL SUMA SRL,UNIDAD,
5000064,GOMITAS MOGUL EXTREME ACIDO-DULCE 500G  - GUSANITOS,"8,500.00",-1.00,ARCOR,UNIDAD,
5000064,GOMITAS MOGUL EXTREME ACIDO-DULCE 500G  - FRUTILLAS,"8,500.00",0.00,ARCOR,UNIDAD,
5000066,ALFAJOR TRIPLE FANTOCHE X2  NEGRO .,"2,500.00",-4.00,,UNIDAD,
5000066,ALFAJOR TRIPLE FANTOCHE X2  BLANCO .,"2,500.00",-2.00,,UNIDAD,
5000072,GLOBO NUDO CELESTE-BLANCO 0.20X1.20CM X 1 PLA PLA  - BLANCO,700.00,0.00,COTILLON CASA ALBERTO,UNIDAD,
5000072,GLOBO NUDO CELESTE-BLANCO 0.20X1.20CM X 1 PLA PLA  - CELESTE,700.00,0.00,COTILLON CASA ALBERTO,UNIDAD,
5000078,SET DE GLOBO PAPEL NUBE X5 PIEZAS  ROSA .,"5,500.00",0.00,FER,UNIDAD,
5000078,SET DE GLOBO PAPEL NUBE X5 PIEZAS  CELESTE .,"5,500.00",0.00,FER,UNIDAD,
5000090,ALFAJOR TERRABUSI TRIPLE NEGRO X 1  - TORTA,"1,900.00",0.00,QUIPAR,UNIDAD,
53,DURAZNO EN LATA  - AGROSABOR,"3,300.00",-27.00,,UNIDAD,
53,DURAZNO EN LATA  - CORINA,"3,300.00",0.00,,UNIDAD,
53,DURAZNO EN LATA  - RIO SALADO,"3,300.00",-4.00,,UNIDAD,
65,CREMA LEDEVIT 500 G POTE  - FRUTILLA,"6,400.00",-7.00,LA GLORITA,UNIDAD,
65,CREMA LEDEVIT 500 G POTE  - CHANTILLY,"6,400.00",-61.00,LA GLORITA,UNIDAD,
65,CREMA LEDEVIT 500 G POTE  - VAINILLA,"6,400.00",-29.00,LA GLORITA,UNIDAD,
81,CREMA LEDEVIT 1 KG POTE  - CHANTILLY,"11,500.00",-51.00,LA GLORITA,UNIDAD,
81,CREMA LEDEVIT 1 KG POTE  - VAINILLA,"11,500.00",-17.00,LA GLORITA,UNIDAD,
B105,VASO TRAGO LARGO COLOR X10 KOVAL  280CC LILA PASTEL,"3,000.00",3.00,VASA,UNIDAD,
B105,VASO TRAGO LARGO COLOR X10 KOVAL  280CC VERDE,"3,000.00",1.00,VASA,UNIDAD,
B105,VASO TRAGO LARGO COLOR X10 KOVAL  280CC NEGRO,"3,000.00",0.00,VASA,UNIDAD,
B105,VASO TRAGO LARGO COLOR X10 KOVAL  280CC ROJO,"3,000.00",0.00,VASA,UNIDAD,
B105,VASO TRAGO LARGO COLOR X10 KOVAL  280CC NARANJA,"3,000.00",0.00,VASA,UNIDAD,
B105,VASO TRAGO LARGO COLOR X10 KOVAL  280CC ROSA PASTEL,"3,000.00",0.00,VASA,UNIDAD,
B105,VASO TRAGO LARGO COLOR X10 KOVAL  280CC BLANCO,"3,000.00",-1.00,VASA,UNIDAD,
B105,VASO TRAGO LARGO COLOR X10 KOVAL  280CC AMARILLO,"3,000.00",0.00,VASA,UNIDAD,
B105,VASO TRAGO LARGO COLOR X10 KOVAL  280CC AZUL,"3,000.00",0.00,VASA,UNIDAD,
B105,VASO TRAGO LARGO COLOR X10 KOVAL  280CC GRIS ALUMINIO,"3,000.00",-1.00,VASA,UNIDAD,
B105,VASO TRAGO LARGO COLOR X10 KOVAL  280CC CELESTE,"3,000.00",-1.00,VASA,UNIDAD,
B105,VASO TRAGO LARGO COLOR X10 KOVAL  280CC MAGENTA,"3,000.00",-4.00,VASA,UNIDAD,
B151,SORBETES POLIPAPEL X 25 U VS COLORES CBX  . HALLOWEEN,"1,900.00",0.00,COTILLON CASA ALBERTO,UNIDAD,
B151,SORBETES POLIPAPEL X 25 U VS COLORES CBX  . LILA,"1,900.00",-3.00,COTILLON CASA ALBERTO,UNIDAD,
B151,SORBETES POLIPAPEL X 25 U VS COLORES CBX  . VERDE,"1,900.00",-1.00,COTILLON CASA ALBERTO,UNIDAD,
B151,SORBETES POLIPAPEL X 25 U VS COLORES CBX  . NARANJA,"1,900.00",0.00,COTILLON CASA ALBERTO,UNIDAD,
B151,SORBETES POLIPAPEL X 25 U VS COLORES CBX  . AMARILLO,"1,900.00",0.00,COTILLON CASA ALBERTO,UNIDAD,
B151,SORBETES POLIPAPEL X 25 U VS COLORES CBX  - FUCSIA,"1,900.00",0.00,COTILLON CASA ALBERTO,UNIDAD,
B151,SORBETES POLIPAPEL X 25 U VS COLORES CBX  - ROJO,"1,900.00",0.00,COTILLON CASA ALBERTO,UNIDAD,
B151,SORBETES POLIPAPEL X 25 U VS COLORES CBX  - ROSA,"1,900.00",-1.00,COTILLON CASA ALBERTO,UNIDAD,
B156,POCHOCLERA COLOR X 10  . NEGRO,"1,900.00",0.00,,UNIDAD,
B156,POCHOCLERA COLOR X 10  . AZUL,"1,900.00",0.00,,UNIDAD,
B156,POCHOCLERA COLOR X 10  . AMARILLO,"1,900.00",0.00,,UNIDAD,
B156,POCHOCLERA COLOR X 10  . CELESTE,"1,900.00",0.00,,UNIDAD,
B156,POCHOCLERA COLOR X 10  . VERDE,"1,900.00",0.00,,UNIDAD,
B194,PLATOS COLORES P-17 X50  . VERDE,"6,600.00",0.00,VASA,UNIDAD,
B194,PLATOS COLORES P-17 X50  . GRIS,"6,600.00",0.00,VASA,UNIDAD,
B194,PLATOS COLORES P-17 X50  . AMARILLO,"6,600.00",0.00,VASA,UNIDAD,
B194,PLATOS COLORES P-17 X50  . ROSA,"6,600.00",0.00,VASA,UNIDAD,
B194,PLATOS COLORES P-17 X50  . AZUL,"6,600.00",0.00,VASA,UNIDAD,
B194,PLATOS COLORES P-17 X50  . CELESTE,"6,600.00",0.00,VASA,UNIDAD,
B194,PLATOS COLORES P-17 X50  . ROJO,"6,600.00",0.00,VASA,UNIDAD,
B194,PLATOS COLORES P-17 X50  . NARANJA,"6,600.00",0.00,VASA,UNIDAD,
B194,PLATOS COLORES P-17 X50  . NEGRO,"6,600.00",0.00,VASA,UNIDAD,
B194,PLATOS COLORES P-17 X50  . ROSA PASTEL,"6,600.00",0.00,VASA,UNIDAD,
B195,PLATOS COLORES P-17 X10  . AMARILLO,"1,800.00",10.00,VASA,UNIDAD,
B195,PLATOS COLORES P-17 X10  . AZUL,"1,800.00",10.00,VASA,UNIDAD,
B195,PLATOS COLORES P-17 X10  . CELESTE,"1,800.00",10.00,VASA,UNIDAD,
B195,PLATOS COLORES P-17 X10  . GRIS,"1,800.00",-2.00,VASA,UNIDAD,
B195,PLATOS COLORES P-17 X10  . NARANJA,"1,800.00",0.00,VASA,UNIDAD,
B195,PLATOS COLORES P-17 X10  . NEGRO,"1,800.00",0.00,VASA,UNIDAD,
B195,PLATOS COLORES P-17 X10  . ROJO,"1,800.00",0.00,VASA,UNIDAD,
B195,PLATOS COLORES P-17 X10  . ROSA,"1,800.00",0.00,VASA,UNIDAD,
B195,PLATOS COLORES P-17 X10  . VERDE,"1,800.00",0.00,VASA,UNIDAD,
B195,PLATOS COLORES P-17 X10  . ROSA PASTEL,"1,800.00",0.00,VASA,UNIDAD,
B201,MANTEL FISELINA COLOR X 1U  . NARANJA,"2,600.00",0.00,MARI DE FISELINA,UNIDAD,
B201,MANTEL FISELINA COLOR X 1U  . GRIS,"2,600.00",-1.00,MARI DE FISELINA,UNIDAD,
B201,MANTEL FISELINA COLOR X 1U  . VERDE PASTEL,"2,600.00",-1.00,MARI DE FISELINA,UNIDAD,
B201,MANTEL FISELINA COLOR X 1U  . VERDE,"2,600.00",0.00,MARI DE FISELINA,UNIDAD,
B201,MANTEL FISELINA COLOR X 1U  . VERDE OSCURO,"2,600.00",0.00,MARI DE FISELINA,UNIDAD,
B201,MANTEL FISELINA COLOR X 1U  . MARRON,"2,600.00",-1.00,MARI DE FISELINA,UNIDAD,
B201,MANTEL FISELINA COLOR X 1U  . BORDO,"2,600.00",0.00,MARI DE FISELINA,UNIDAD,
B202,"MANTEL PLAST. 1,20 X 1,80 COLOR X 1U  . NARANJA","2,000.00",0.00,BUONA FORTUNA,UNIDAD,
B202,"MANTEL PLAST. 1,20 X 1,80 COLOR X 1U  . VERDE","2,000.00",0.00,BUONA FORTUNA,UNIDAD,
B202,"MANTEL PLAST. 1,20 X 1,80 COLOR X 1U  . AMARILO","2,000.00",-2.00,BUONA FORTUNA,UNIDAD,
B202,"MANTEL PLAST. 1,20 X 1,80 COLOR X 1U  - ROSA","2,000.00",-6.00,BUONA FORTUNA,UNIDAD,
B202,"MANTEL PLAST. 1,20 X 1,80 COLOR X 1U  - NEGRO","2,000.00",0.00,BUONA FORTUNA,UNIDAD,
B202,"MANTEL PLAST. 1,20 X 1,80 COLOR X 1U  - AZUL","2,000.00",-2.00,BUONA FORTUNA,UNIDAD,
B202,"MANTEL PLAST. 1,20 X 1,80 COLOR X 1U  - CELESTE","2,000.00",-2.00,BUONA FORTUNA,UNIDAD,
B202,"MANTEL PLAST. 1,20 X 1,80 COLOR X 1U  - ROJO","2,000.00",-3.00,BUONA FORTUNA,UNIDAD,
B202,"MANTEL PLAST. 1,20 X 1,80 COLOR X 1U  - BLANCO","2,000.00",0.00,BUONA FORTUNA,UNIDAD,
B203,"MANTEL PLAST. FUTBOL 1,20 X 3.00  . BOCA","2,000.00",0.00,VASA,UNIDAD,
B203,"MANTEL PLAST. FUTBOL 1,20 X 3.00  . RIVER","2,000.00",0.00,VASA,UNIDAD,
B204,BOLSAS DE PAPEL COLORES CON FUELLE X10  . ROJO,"2,300.00",-2.00,COTILLON CASA ALBERTO,UNIDAD,
B204,BOLSAS DE PAPEL COLORES CON FUELLE X10  . ROSA,"2,300.00",-1.00,COTILLON CASA ALBERTO,UNIDAD,
B204,BOLSAS DE PAPEL COLORES CON FUELLE X10  . AZUL,"2,300.00",0.00,COTILLON CASA ALBERTO,UNIDAD,
B204,BOLSAS DE PAPEL COLORES CON FUELLE X10  . CELESTE,"2,300.00",-11.00,COTILLON CASA ALBERTO,UNIDAD,
B204,BOLSAS DE PAPEL COLORES CON FUELLE X10  . NARANJA,"2,300.00",0.00,COTILLON CASA ALBERTO,UNIDAD,
B204,BOLSAS DE PAPEL COLORES CON FUELLE X10  . VIOLETA,"2,300.00",-1.00,COTILLON CASA ALBERTO,UNIDAD,
B204,BOLSAS DE PAPEL COLORES CON FUELLE X10  . VERDE AGUA,"2,300.00",0.00,COTILLON CASA ALBERTO,UNIDAD,
D30,MANI CROCANTE 500G SABOR  - JAMON,"3,900.00",0.00,,UNIDAD,
D30,MANI CROCANTE 500G SABOR  - SALAME,"3,900.00",0.00,,UNIDAD,
D30,MANI CROCANTE 500G SABOR  - QUESO,"3,900.00",0.00,,UNIDAD,
E3,BIZCOCHUELO NATALIA 650G  - VAINILLA,"5,500.00",-7.00,"NATALIA, MATI",UNIDAD,
E3,BIZCOCHUELO NATALIA 650G  - CHOCOLATE,"5,500.00",-5.00,"NATALIA, MATI",UNIDAD,
E5,BIZCOCHUELO NATALIA 1KG  - VAINILLA,"8,200.00",-5.00,"NATALIA, MATI",UNIDAD,
E5,BIZCOCHUELO NATALIA 1KG  - CHOCOLATE,"8,200.00",-1.00,"NATALIA, MATI",UNIDAD,
E8,"BIZCOCHUELO NATALIA 1,5KG  - VAINILLA","12,200.00",-4.00,"NATALIA, MATI",UNIDAD,
E8,"BIZCOCHUELO NATALIA 1,5KG  - CHOCOLATE","12,200.00",-1.00,"NATALIA, MATI",UNIDAD,
I1,"GLOBOS PERLADOS 12"" GLOBOLANDIA 25U  12"" ROSA","4,200.00",0.00,,UNIDAD,
I1,"GLOBOS PERLADOS 12"" GLOBOLANDIA 25U  12"" DORADO","4,200.00",-4.00,,UNIDAD,
I1,"GLOBOS PERLADOS 12"" GLOBOLANDIA 25U  12"" ROJO","4,200.00",0.00,,UNIDAD,
I1,"GLOBOS PERLADOS 12"" GLOBOLANDIA 25U  12"" SURTIDO","4,200.00",-3.00,,UNIDAD,
I1,"GLOBOS PERLADOS 12"" GLOBOLANDIA 25U  12"" AZUL NOCHE","4,200.00",0.00,,UNIDAD,
I1,"GLOBOS PERLADOS 12"" GLOBOLANDIA 25U  12"" BLANCO","4,200.00",-11.00,,UNIDAD,
I1,"GLOBOS PERLADOS 12"" GLOBOLANDIA 25U  12"" ROSA GOLD","4,200.00",-3.00,,UNIDAD,
I1,"GLOBOS PERLADOS 12"" GLOBOLANDIA 25U  12"" AZUL","4,200.00",-6.00,,UNIDAD,
I1,"GLOBOS PERLADOS 12"" GLOBOLANDIA 25U  12"" NEGRO","4,200.00",-1.00,,UNIDAD,
I1,"GLOBOS PERLADOS 12"" GLOBOLANDIA 25U  12"" PLATA","4,200.00",-10.00,,UNIDAD,
I1,"GLOBOS PERLADOS 12"" GLOBOLANDIA 25U  12"" AMARILLO","4,200.00",0.00,,UNIDAD,
I2,"GLOBOS LISOS 10"" X 50 UNID GLOBOLANDIA  10"" MORADO","4,900.00",0.00,,UNIDAD,
I2,"GLOBOS LISOS 10"" X 50 UNID GLOBOLANDIA  10"" VIOLETA","4,900.00",-6.00,,UNIDAD,
I2,"GLOBOS LISOS 10"" X 50 UNID GLOBOLANDIA  10"" VERDE CLARO","4,900.00",0.00,,UNIDAD,
I2,"GLOBOS LISOS 10"" X 50 UNID GLOBOLANDIA  10"" FLUOR SURTIDO","4,900.00",-4.00,,UNIDAD,
I2,"GLOBOS LISOS 10"" X 50 UNID GLOBOLANDIA  10"" SURTIDO","4,900.00",-8.00,,UNIDAD,
I2,"GLOBOS LISOS 10"" X 50 UNID GLOBOLANDIA  10"" AZUL NAVAL","4,900.00",-1.00,,UNIDAD,
I2,"GLOBOS LISOS 10"" X 50 UNID GLOBOLANDIA  10"" PASTEL SURTIDO","4,900.00",-12.00,,UNIDAD,
I2,"GLOBOS LISOS 10"" X 50 UNID GLOBOLANDIA  10"" NEGRO","4,900.00",-8.00,,UNIDAD,
I2,"GLOBOS LISOS 10"" X 50 UNID GLOBOLANDIA  10"" ROSA PALO","4,900.00",0.00,,UNIDAD,
I2,"GLOBOS LISOS 10"" X 50 UNID GLOBOLANDIA  10"" ROSA CHICLE","4,900.00",-3.00,,UNIDAD,
I2,"GLOBOS LISOS 10"" X 50 UNID GLOBOLANDIA  10"" ROSA","4,900.00",-2.00,,UNIDAD,
I2,"GLOBOS LISOS 10"" X 50 UNID GLOBOLANDIA  10"" AZUL","4,900.00",0.00,,UNIDAD,
I2,"GLOBOS LISOS 10"" X 50 UNID GLOBOLANDIA  10"" CRISTAL","4,900.00",-1.00,,UNIDAD,
I2,"GLOBOS LISOS 10"" X 50 UNID GLOBOLANDIA  10"" BLANCO","4,900.00",-8.00,,UNIDAD,
I2,"GLOBOS LISOS 10"" X 50 UNID GLOBOLANDIA  10"" ROJO","4,900.00",0.00,,UNIDAD,
I2,"GLOBOS LISOS 10"" X 50 UNID GLOBOLANDIA  10"" NARANJA","4,900.00",-5.00,,UNIDAD,
I2,"GLOBOS LISOS 10"" X 50 UNID GLOBOLANDIA  10"" AMARILLO","4,900.00",0.00,,UNIDAD,
I2,"GLOBOS LISOS 10"" X 50 UNID GLOBOLANDIA  10"" AMARILLO PASTEL","4,900.00",-1.00,,UNIDAD,
I2,"GLOBOS LISOS 10"" X 50 UNID GLOBOLANDIA  10"" VERDE","4,900.00",-1.00,,UNIDAD,
I2,"GLOBOS LISOS 10"" X 50 UNID GLOBOLANDIA  10"" LILA","4,900.00",-5.00,,UNIDAD,
I2,"GLOBOS LISOS 10"" X 50 UNID GLOBOLANDIA  10"" CELESTE","4,900.00",-10.00,,UNIDAD,
I2,"GLOBOS LISOS 10"" X 50 UNID GLOBOLANDIA  10"" VERDE PASTEL","4,900.00",-1.00,,UNIDAD,
I2,"GLOBOS LISOS 10"" X 50 UNID GLOBOLANDIA  10"" PASTEL CELESTE","4,900.00",-3.00,,UNIDAD,
I2,"GLOBOS LISOS 10"" X 50 UNID GLOBOLANDIA  10"" MARRON","4,900.00",0.00,,UNIDAD,
I2,"GLOBOS LISOS 10"" X 50 UNID GLOBOLANDIA  10"" PASTEL NARANJA","4,900.00",-1.00,,UNIDAD,
I2,"GLOBOS LISOS 10"" X 50 UNID GLOBOLANDIA  10"" PASTEL ROSA","4,900.00",-2.00,,UNIDAD,
I2,"GLOBOS LISOS 10"" X 50 UNID GLOBOLANDIA  10"" PASTEL GRIS","4,900.00",-7.00,,UNIDAD,
I2,"GLOBOS LISOS 10"" X 50 UNID GLOBOLANDIA  10"" HUESO","4,900.00",0.00,,UNIDAD,
I2,"GLOBOS LISOS 10"" X 50 UNID GLOBOLANDIA  10"" VERDE MANZANA","4,900.00",-1.00,,UNIDAD,
I2,"GLOBOS LISOS 10"" X 50 UNID GLOBOLANDIA  10"" FUCSIA","4,900.00",0.00,,UNIDAD,
I3,"GLOBOS PERLADOS 12"" PARTY TIME 25U  12"" VERDE","5,300.00",0.00,,UNIDAD,
I3,"GLOBOS PERLADOS 12"" PARTY TIME 25U  12"" ROJO","5,300.00",-1.00,,UNIDAD,
I3,"GLOBOS PERLADOS 12"" PARTY TIME 25U  12"" NARANJA","5,300.00",0.00,,UNIDAD,
I3,"GLOBOS PERLADOS 12"" PARTY TIME 25U  12"" DORADO","5,300.00",0.00,,UNIDAD,
I3,"GLOBOS PERLADOS 12"" PARTY TIME 25U  12"" VIOLETA","5,300.00",0.00,,UNIDAD,
I3,"GLOBOS PERLADOS 12"" PARTY TIME 25U  12"" FUCSIA","5,300.00",0.00,,UNIDAD,
I3,"GLOBOS PERLADOS 12"" PARTY TIME 25U  12"" AZUL OSCURO","5,300.00",0.00,,UNIDAD,
I3,"GLOBOS PERLADOS 12"" PARTY TIME 25U  12"" BLANCO","5,300.00",-2.00,,UNIDAD,
I3,"GLOBOS PERLADOS 12"" PARTY TIME 25U  12"" VERDE MANZANA","5,300.00",-1.00,,UNIDAD,
I3,"GLOBOS PERLADOS 12"" PARTY TIME 25U  12"" ROSA","5,300.00",-2.00,,UNIDAD,
I3,"GLOBOS PERLADOS 12"" PARTY TIME 25U  12"" PLATA GRIS","5,300.00",-1.00,,UNIDAD,
I3,"GLOBOS PERLADOS 12"" PARTY TIME 25U  12"" SALMON","5,300.00",0.00,,UNIDAD,
I3,"GLOBOS PERLADOS 12"" PARTY TIME 25U  12"" LILA CLARO","5,300.00",0.00,,UNIDAD,
I3,"GLOBOS PERLADOS 12"" PARTY TIME 25U  12"" NEGRO","5,300.00",-3.00,,UNIDAD,
I3,"GLOBOS PERLADOS 12"" PARTY TIME 25U  12"" CELESTE","5,300.00",-4.00,,UNIDAD,
I3,"GLOBOS PERLADOS 12"" PARTY TIME 25U  12 AZUL FRANCIA","5,300.00",-1.00,,UNIDAD,
I3,"GLOBOS PERLADOS 12"" PARTY TIME 25U  12"" ROSA GOLD","5,300.00",0.00,,UNIDAD,
I3,"GLOBOS PERLADOS 12"" PARTY TIME 25U  - AMARILLO","5,300.00",-2.00,,UNIDAD,
I3,"GLOBOS PERLADOS 12"" PARTY TIME 25U  12"" CHAMPAGNE","5,300.00",0.00,,UNIDAD,
I4,"GLOBOS PERLADOS 10"" GLOBOLANDIA 50U  10"" SALMON","4,900.00",0.00,,UNIDAD,
I4,"GLOBOS PERLADOS 10"" GLOBOLANDIA 50U  10"" VERDE MANZANA","4,900.00",0.00,,UNIDAD,
Z100,DUCREAM GRANDE CAJA 18U  - DIP,"8,000.00",0.00,CHIALVO S R L,UNIDAD,
Z100,DUCREAM GRANDE CAJA 18U  - LOVE,"8,000.00",0.00,CHIALVO S R L,UNIDAD,
Z12,GOMITAS LA PIÑATA 700G  - ANILLOS,"6,300.00",0.00,CHIALVO S R L,UNIDAD,
Z12,GOMITAS LA PIÑATA 700G  - REDONDITAS,"6,300.00",-6.00,CHIALVO S R L,UNIDAD,
Z12,GOMITAS LA PIÑATA 700G  - SURTIDA,"6,300.00",-2.00,CHIALVO S R L,UNIDAD,
Z120,CHUPETIN CEBOLLITA FUTBOL 40U  CEREZA NARANJA Y MANZANA,"2,000.00",0.00,CHIALVO S R L,UNIDAD,
Z120,CHUPETIN CEBOLLITA FUTBOL 40U  - DULCE DE LECHE,"2,000.00",-1.00,CHIALVO S R L,UNIDAD,
Z120,CHUPETIN CEBOLLITA FUTBOL 40U  - UVA Y ANANA,"2,000.00",-9.00,CHIALVO S R L,UNIDAD,
Z132,ALFAJOR RIQUITO CAJA 50U  - BLANCO,"8,700.00",0.00,OTERO,UNIDAD,
Z132,ALFAJOR RIQUITO CAJA 50U  - NEGRO,"8,700.00",0.00,OTERO,UNIDAD,
Z136,ALFAJOR TATIN NEGRO CAJA 56U  - NEGRO,"31,000.00",0.00,ARCOR,UNIDAD,
Z136,ALFAJOR TATIN NEGRO CAJA 56U  - BLANCO,"31,000.00",0.00,ARCOR,UNIDAD,
Z140,GELATINAS X6 TREMBLY  - GALACTICO,"1,400.00",-2.00,CHIALVO S R L,UNIDAD,
Z140,GELATINAS X6 TREMBLY  - PRINCESITAS,"1,400.00",-2.00,CHIALVO S R L,UNIDAD,
Z140,GELATINAS X6 TREMBLY  - EMOCIONES,"1,400.00",0.00,CHIALVO S R L,UNIDAD,
Z140,GELATINAS X6 TREMBLY  - SELVA,"1,400.00",0.00,CHIALVO S R L,UNIDAD,
Z140,GELATINAS X6 TREMBLY  - DINO,"1,400.00",0.00,CHIALVO S R L,UNIDAD,
Z140,GELATINAS X6 TREMBLY  - PIRATA,"1,400.00",0.00,CHIALVO S R L,UNIDAD,
Z140,GELATINAS X6 TREMBLY  - BUNNY,"1,400.00",-1.00,CHIALVO S R L,UNIDAD,
Z140,GELATINAS X6 TREMBLY  - FRUTAS JELLY,"1,400.00",0.00,CHIALVO S R L,UNIDAD,
Z140,GELATINAS X6 TREMBLY  - CARAMELOS JELLY,"1,400.00",-1.00,CHIALVO S R L,UNIDAD,
Z140,GELATINAS X6 TREMBLY  SIMPSON FAMILIA,"1,400.00",0.00,CHIALVO S R L,UNIDAD,
Z140,GELATINAS X6 TREMBLY  - BICHOS,"1,400.00",-7.00,CHIALVO S R L,UNIDAD,
Z140,GELATINAS X6 TREMBLY  - GOL,"1,400.00",-27.00,CHIALVO S R L,UNIDAD,
Z140,GELATINAS X6 TREMBLY  - TUTTI FRUTTI,"1,400.00",-15.00,CHIALVO S R L,UNIDAD,
Z15,GOMITAS MOGUL 500G  - MORAS,"8,500.00",-2.00,ARCOR,UNIDAD,
Z15,GOMITAS MOGUL 500G  - OJITOS,"8,500.00",0.00,ARCOR,UNIDAD,
Z15,GOMITAS MOGUL 500G  - DIENTES,"8,500.00",-1.00,ARCOR,UNIDAD,
Z15,GOMITAS MOGUL 500G  - COLA,"8,500.00",0.00,ARCOR,UNIDAD,
Z15,GOMITAS MOGUL 500G  - OSITOS,"8,500.00",-1.00,ARCOR,UNIDAD,
Z15,GOMITAS MOGUL 500G  - SANDIA EXTREME,"8,500.00",0.00,ARCOR,UNIDAD,
Z150,CHICLE TOPLINE SEVEN  - MINT,"1,500.00",0.00,ARCOR,UNIDAD,
Z150,CHICLE TOPLINE SEVEN  - STRAWBERRY,"1,500.00",0.00,ARCOR,UNIDAD,
Z16,GOMITAS MOGUL KG  - JELLY BUTTONS,"13,500.00",-1.00,ARCOR,UNIDAD,
Z16,GOMITAS MOGUL KG  - MOGUL CONITOS,"13,500.00",-2.00,ARCOR,UNIDAD,
Z16,GOMITAS MOGUL KG  - EUCALIPTUS,"13,500.00",0.00,ARCOR,UNIDAD,
Z16,GOMITAS MOGUL KG  - ANILLITOS,"13,500.00",0.00,ARCOR,UNIDAD,
Z19,GOMITAS MISKY KG  - JELLY ROLL,"11,600.00",-1.00,CHIALVO S R L,UNIDAD,
Z19,GOMITAS MISKY KG  - FANTASIA,"11,600.00",0.00,CHIALVO S R L,UNIDAD,
Z195,ALFAJOR RASTA CAJA 18U  - BLANCO,"20,000.00",-3.00,,UNIDAD,
Z195,ALFAJOR RASTA CAJA 18U  - NEGRO,"20,000.00",0.00,,UNIDAD,
Z196,JUGUITO BAGGIO 200 ML CAJA 18U  200 ML MULTIFRUTA,"13,500.00",-1.00,DULCES VILLA ALLENDE,UNIDAD,
Z196,JUGUITO BAGGIO 200 ML CAJA 18U  200 ML DURAZNO,"13,500.00",-1.00,DULCES VILLA ALLENDE,UNIDAD,
Z201,CHOCOLATE MILKA  - OREO,"2,700.00",0.00,CHIALVO S R L,UNIDAD,
Z201,CHOCOLATE MILKA  - BLANCO,"2,700.00",0.00,CHIALVO S R L,UNIDAD,
Z202,HUEVO KINDER  - VARON,"3,800.00",-4.00,HYH,UNIDAD,
Z202,HUEVO KINDER  - NENA,"3,800.00",-2.00,HYH,UNIDAD,
Z202,HUEVO KINDER  RELLENO NENA,"3,800.00",0.00,HYH,UNIDAD,
Z21,GOMITAS MOGUL LADRILLOS EXTREME 500G  - MUNDIAL BLUEBERRY,"8,500.00",0.00,ARCOR,UNIDAD,
Z215,CHUPETIN POP S EVOLUTION ARCOR 24U  - BLUEBERRY,"7,200.00",0.00,ARCOR,UNIDAD,
Z215,CHUPETIN POP S EVOLUTION ARCOR 24U  - CEREZA,"7,200.00",0.00,ARCOR,UNIDAD,
Z215,CHUPETIN POP S EVOLUTION ARCOR 24U  - SURTIDO,"7,200.00",0.00,ARCOR,UNIDAD,
Z221,CHICLE BELDENT  - FRUTILLA,"1,000.00",0.00,CHIALVO S R L,UNIDAD,
Z221,CHICLE BELDENT  - MENTA,"1,000.00",-1.00,CHIALVO S R L,UNIDAD,
Z224,CHOCOLATE CHOCOLATIN  - BLANCO,500.00,0.00,CHIALVO S R L,UNIDAD,
Z224,CHOCOLATE CHOCOLATIN  - CON LECHE,500.00,0.00,CHIALVO S R L,UNIDAD,
Z23,GOMITAS BILLIKEN 800G  - CITRICAS,"6,500.00",0.00,CHIALVO S R L,UNIDAD,
Z23,GOMITAS BILLIKEN 800G  - FRUTALES,"6,500.00",-2.00,CHIALVO S R L,UNIDAD,
Z23,GOMITAS BILLIKEN 800G  - YOGURT,"6,500.00",0.00,CHIALVO S R L,UNIDAD,
Z23,GOMITAS BILLIKEN 800G  - REDONDITAS,"6,500.00",0.00,CHIALVO S R L,UNIDAD,
Z3,GOMITAS YUMMY 500G  - DIENTES,"6,200.00",-1.00,CHIALVO S R L,UNIDAD,
Z3,GOMITAS YUMMY 500G  - HUEVOS FRITOS,"6,200.00",0.00,CHIALVO S R L,UNIDAD,
Z3,GOMITAS YUMMY 500G  - MORITAS,"6,200.00",-1.00,CHIALVO S R L,UNIDAD,
Z3,GOMITAS YUMMY 500G  - OSITOS,"6,200.00",0.00,CHIALVO S R L,UNIDAD,
Z3,GOMITAS YUMMY 500G  - OSITOS ACIDOS,"6,200.00",0.00,CHIALVO S R L,UNIDAD,
Z30,MASTICABLE OPEN 300G  - FIERITA CIRCUS,"2,400.00",0.00,CHIALVO S R L,UNIDAD,
Z30,MASTICABLE OPEN 300G  - GRANJERO,"2,400.00",0.00,CHIALVO S R L,UNIDAD,
Z47,CARAMELO BUTTER TOFFEES  - AGUILA,"14,000.00",0.00,ARCOR,UNIDAD,
Z47,CARAMELO BUTTER TOFFEES  - CHOCOLATE BLANCO,"14,000.00",0.00,ARCOR,UNIDAD,
Z47,CARAMELO BUTTER TOFFEES  - DULCE DE LECHE,"14,000.00",0.00,ARCOR,UNIDAD,
Z47,CARAMELO BUTTER TOFFEES  - LECHE/MILK,"14,000.00",0.00,ARCOR,UNIDAD,
Z47,CARAMELO BUTTER TOFFEES  - CHOCOLATE Y LECHE,"14,000.00",0.00,ARCOR,UNIDAD,
Z47,CARAMELO BUTTER TOFFEES  - CHOKKO MINT,"14,000.00",0.00,ARCOR,UNIDAD,
Z47,CARAMELO BUTTER TOFFEES  - BON O BON,"14,000.00",0.00,ARCOR,UNIDAD,
Z50,MASTICABLES DROPSY BILLIKEN 700G  - SELVA,"6,400.00",-4.00,CHIALVO S R L,UNIDAD,
Z50,MASTICABLES DROPSY BILLIKEN 700G  - BULL DOG,"6,400.00",-2.00,CHIALVO S R L,UNIDAD,
Z51,MASTICABLE BILLIKEN 600G  - SURTIDO,"5,400.00",-4.00,CHIALVO S R L,UNIDAD,
Z51,MASTICABLE BILLIKEN 600G  - YOGUR,"5,400.00",-3.00,CHIALVO S R L,UNIDAD,
Z59,MALVAVISCO GONGYS 200G  - NUBECITAS,"2,800.00",-10.00,CHIALVO S R L,UNIDAD,
Z59,MALVAVISCO GONGYS 200G  - PALITOS,"2,800.00",-3.00,CHIALVO S R L,UNIDAD,
Z59,MALVAVISCO GONGYS 200G  - SURTIDO,"2,800.00",-14.00,CHIALVO S R L,UNIDAD,
Z59,MALVAVISCO GONGYS 200G  - MINI,"2,800.00",-5.00,CHIALVO S R L,UNIDAD,
Z59,MALVAVISCO GONGYS 200G  GRANDE BLANCO,"2,800.00",-2.00,CHIALVO S R L,UNIDAD,
Z59,MALVAVISCO GONGYS 200G  GRANDE ROSA,"2,800.00",-6.00,CHIALVO S R L,UNIDAD,
Z72,CUBANITOS OBLITA 48U  - CHOCOLATE,"4,700.00",-2.00,CHIALVO S R L,UNIDAD,
Z72,CUBANITOS OBLITA 48U  - CHOCOLATE BLANCO,"4,700.00",-1.00,CHIALVO S R L,UNIDAD,
Z72,CUBANITOS OBLITA 48U  - FRUTILLA,"4,700.00",-2.00,CHIALVO S R L,UNIDAD,
Z72,CUBANITOS OBLITA 48U  - DULCE DE LECHE,"4,700.00",-1.00,CHIALVO S R L,UNIDAD,
Z8,GOMITAS PLENARIO 500G  - BESITOS DE FRESA,"6,800.00",0.00,CHIALVO S R L,UNIDAD,
Z8,GOMITAS PLENARIO 500G  - DIENTITOS,"6,800.00",0.00,CHIALVO S R L,UNIDAD,
Z8,GOMITAS PLENARIO 500G  - HUESITOS,"6,800.00",0.00,CHIALVO S R L,UNIDAD,
Z8,GOMITAS PLENARIO 500G  - VIAJEMOS,"6,800.00",-2.00,CHIALVO S R L,UNIDAD,
Z91,MASTICABLE FLYNN PAFF CAJA 70U  - FRUTILLA,"9,300.00",0.00,CHIALVO S R L,UNIDAD,
Z91,MASTICABLE FLYNN PAFF CAJA 70U  - MANZANA,"9,300.00",0.00,CHIALVO S R L,UNIDAD,
Z91,MASTICABLE FLYNN PAFF CAJA 70U  - UVA,"9,300.00",0.00,CHIALVO S R L,UNIDAD,
Z91,MASTICABLE FLYNN PAFF CAJA 70U  - TUTTI FRUTTI,"9,300.00",0.00,CHIALVO S R L,UNIDAD,
Z93,CHICLE FIERITA OPEN CAJA 50U  - TUTTI FRUTTI,"3,800.00",0.00,CHIALVO S R L,UNIDAD,
Z93,CHICLE FIERITA OPEN CAJA 50U  - FRUTILLA,"3,800.00",-1.00,CHIALVO S R L,UNIDAD,
Z99,DUCREAM CAJA CHICO 36U  - AVELLANA,"6,900.00",-4.00,CHIALVO S R L,UNIDAD,
Z99,DUCREAM CAJA CHICO 36U  - LECHE CONDENSADA,"6,900.00",-1.00,CHIALVO S R L,UNIDAD,
Z99,DUCREAM CAJA CHICO 36U  - NAPOLITANO,"6,900.00",0.00,CHIALVO S R L,UNIDAD,